<?xml version="1.0" encoding="UTF-8"?><gpx creator="Wikiloc - https://www.wikiloc.com" version="1.1" xmlns="http://www.topografix.com/GPX/1/1" xmlns:xsi="http://www.w3.org/2001/XMLSchema-instance" xsi:schemaLocation="http://www.topografix.com/GPX/1/1 http://www.topografix.com/GPX/1/1/gpx.xsd"><metadata><name>Wikiloc - Follina-Laghi di Revine (anello)</name><author><name>Greanes</name><link href="https://www.wikiloc.com/wikiloc/user.do?id=3876063"><text>Greanes on Wikiloc</text></link></author><link href="https://www.wikiloc.com/mountain-biking-trails/follina-laghi-di-revine-anello-92627097"><text>Follina-Laghi di Revine (anello) on Wikiloc</text></link><time>2022-01-12T14:40:54Z</time></metadata><trk><name>Follina-Laghi di Revine (anello) - Wikiloc</name><cmt></cmt><desc></desc><trkseg><trkpt lat="45.955306" lon="12.123325"><ele>199.088</ele><time>2022-01-12T13:24:58Z</time></trkpt><trkpt lat="45.955293" lon="12.123388"><ele>199.824</ele><time>2022-01-12T13:25:11Z</time></trkpt><trkpt lat="45.955288" lon="12.123455"><ele>199.726</ele><time>2022-01-12T13:25:13Z</time></trkpt><trkpt lat="45.955270" lon="12.123533"><ele>199.708</ele><time>2022-01-12T13:25:15Z</time></trkpt><trkpt lat="45.955264" lon="12.123618"><ele>199.797</ele><time>2022-01-12T13:25:17Z</time></trkpt><trkpt lat="45.955300" lon="12.123697"><ele>199.730</ele><time>2022-01-12T13:25:19Z</time></trkpt><trkpt lat="45.955323" lon="12.123782"><ele>199.584</ele><time>2022-01-12T13:25:21Z</time></trkpt><trkpt lat="45.955320" lon="12.123873"><ele>199.270</ele><time>2022-01-12T13:25:23Z</time></trkpt><trkpt lat="45.955320" lon="12.123966"><ele>199.165</ele><time>2022-01-12T13:25:25Z</time></trkpt><trkpt lat="45.955332" lon="12.124059"><ele>199.168</ele><time>2022-01-12T13:25:27Z</time></trkpt><trkpt lat="45.955332" lon="12.124154"><ele>198.947</ele><time>2022-01-12T13:25:29Z</time></trkpt><trkpt lat="45.955333" lon="12.124251"><ele>198.825</ele><time>2022-01-12T13:25:31Z</time></trkpt><trkpt lat="45.955338" lon="12.124350"><ele>198.922</ele><time>2022-01-12T13:25:33Z</time></trkpt><trkpt lat="45.955342" lon="12.124444"><ele>198.962</ele><time>2022-01-12T13:25:35Z</time></trkpt><trkpt lat="45.955324" lon="12.124519"><ele>199.808</ele><time>2022-01-12T13:25:37Z</time></trkpt><trkpt lat="45.955307" lon="12.124594"><ele>200.508</ele><time>2022-01-12T13:25:39Z</time></trkpt><trkpt lat="45.955311" lon="12.124673"><ele>200.831</ele><time>2022-01-12T13:25:41Z</time></trkpt><trkpt lat="45.955321" lon="12.124741"><ele>200.864</ele><time>2022-01-12T13:25:43Z</time></trkpt><trkpt lat="45.955336" lon="12.124832"><ele>200.828</ele><time>2022-01-12T13:25:46Z</time></trkpt><trkpt lat="45.955344" lon="12.124926"><ele>198.534</ele><time>2022-01-12T13:25:49Z</time></trkpt><trkpt lat="45.955342" lon="12.125005"><ele>196.629</ele><time>2022-01-12T13:25:51Z</time></trkpt><trkpt lat="45.955344" lon="12.125085"><ele>195.382</ele><time>2022-01-12T13:25:53Z</time></trkpt><trkpt lat="45.955351" lon="12.125153"><ele>193.851</ele><time>2022-01-12T13:25:55Z</time></trkpt><trkpt lat="45.955360" lon="12.125223"><ele>190.789</ele><time>2022-01-12T13:25:57Z</time></trkpt><trkpt lat="45.955368" lon="12.125303"><ele>186.555</ele><time>2022-01-12T13:26:42Z</time></trkpt><trkpt lat="45.955364" lon="12.125377"><ele>189.207</ele><time>2022-01-12T13:27:27Z</time></trkpt><trkpt lat="45.955362" lon="12.125467"><ele>189.417</ele><time>2022-01-12T13:27:30Z</time></trkpt><trkpt lat="45.955338" lon="12.125559"><ele>189.708</ele><time>2022-01-12T13:27:32Z</time></trkpt><trkpt lat="45.955280" lon="12.125623"><ele>189.984</ele><time>2022-01-12T13:27:34Z</time></trkpt><trkpt lat="45.955208" lon="12.125635"><ele>192.517</ele><time>2022-01-12T13:27:36Z</time></trkpt><trkpt lat="45.955135" lon="12.125621"><ele>194.991</ele><time>2022-01-12T13:27:38Z</time></trkpt><trkpt lat="45.955048" lon="12.125627"><ele>195.227</ele><time>2022-01-12T13:27:40Z</time></trkpt><trkpt lat="45.954966" lon="12.125611"><ele>195.632</ele><time>2022-01-12T13:27:42Z</time></trkpt><trkpt lat="45.954885" lon="12.125591"><ele>199.555</ele><time>2022-01-12T13:27:44Z</time></trkpt><trkpt lat="45.954800" lon="12.125567"><ele>199.594</ele><time>2022-01-12T13:27:46Z</time></trkpt><trkpt lat="45.954712" lon="12.125546"><ele>199.382</ele><time>2022-01-12T13:27:48Z</time></trkpt><trkpt lat="45.954667" lon="12.125533"><ele>198.987</ele><time>2022-01-12T13:27:49Z</time></trkpt><trkpt lat="45.954623" lon="12.125519"><ele>198.842</ele><time>2022-01-12T13:27:50Z</time></trkpt><trkpt lat="45.954534" lon="12.125475"><ele>198.626</ele><time>2022-01-12T13:27:52Z</time></trkpt><trkpt lat="45.954488" lon="12.125466"><ele>198.608</ele><time>2022-01-12T13:27:53Z</time></trkpt><trkpt lat="45.954404" lon="12.125454"><ele>198.467</ele><time>2022-01-12T13:27:55Z</time></trkpt><trkpt lat="45.954345" lon="12.125491"><ele>198.360</ele><time>2022-01-12T13:27:57Z</time></trkpt><trkpt lat="45.954310" lon="12.125584"><ele>198.314</ele><time>2022-01-12T13:27:59Z</time></trkpt><trkpt lat="45.954311" lon="12.125710"><ele>198.360</ele><time>2022-01-12T13:28:01Z</time></trkpt><trkpt lat="45.954305" lon="12.125779"><ele>198.345</ele><time>2022-01-12T13:28:02Z</time></trkpt><trkpt lat="45.954304" lon="12.125929"><ele>198.348</ele><time>2022-01-12T13:28:04Z</time></trkpt><trkpt lat="45.954305" lon="12.126077"><ele>199.367</ele><time>2022-01-12T13:28:06Z</time></trkpt><trkpt lat="45.954310" lon="12.126218"><ele>200.055</ele><time>2022-01-12T13:28:08Z</time></trkpt><trkpt lat="45.954316" lon="12.126287"><ele>200.483</ele><time>2022-01-12T13:28:09Z</time></trkpt><trkpt lat="45.954332" lon="12.126419"><ele>201.625</ele><time>2022-01-12T13:28:11Z</time></trkpt><trkpt lat="45.954356" lon="12.126542"><ele>202.517</ele><time>2022-01-12T13:28:13Z</time></trkpt><trkpt lat="45.954389" lon="12.126656"><ele>203.208</ele><time>2022-01-12T13:28:15Z</time></trkpt><trkpt lat="45.954419" lon="12.126765"><ele>204.327</ele><time>2022-01-12T13:28:17Z</time></trkpt><trkpt lat="45.954450" lon="12.126871"><ele>204.540</ele><time>2022-01-12T13:28:19Z</time></trkpt><trkpt lat="45.954478" lon="12.126981"><ele>204.694</ele><time>2022-01-12T13:28:21Z</time></trkpt><trkpt lat="45.954509" lon="12.127089"><ele>204.740</ele><time>2022-01-12T13:28:23Z</time></trkpt><trkpt lat="45.954542" lon="12.127195"><ele>205.335</ele><time>2022-01-12T13:28:25Z</time></trkpt><trkpt lat="45.954567" lon="12.127303"><ele>205.428</ele><time>2022-01-12T13:28:27Z</time></trkpt><trkpt lat="45.954594" lon="12.127413"><ele>205.517</ele><time>2022-01-12T13:28:29Z</time></trkpt><trkpt lat="45.954625" lon="12.127526"><ele>205.855</ele><time>2022-01-12T13:28:31Z</time></trkpt><trkpt lat="45.954651" lon="12.127643"><ele>206.262</ele><time>2022-01-12T13:28:33Z</time></trkpt><trkpt lat="45.954678" lon="12.127757"><ele>206.583</ele><time>2022-01-12T13:28:35Z</time></trkpt><trkpt lat="45.954698" lon="12.127870"><ele>207.211</ele><time>2022-01-12T13:28:37Z</time></trkpt><trkpt lat="45.954709" lon="12.127994"><ele>207.308</ele><time>2022-01-12T13:28:39Z</time></trkpt><trkpt lat="45.954712" lon="12.128111"><ele>208.435</ele><time>2022-01-12T13:28:41Z</time></trkpt><trkpt lat="45.954717" lon="12.128228"><ele>208.838</ele><time>2022-01-12T13:28:43Z</time></trkpt><trkpt lat="45.954726" lon="12.128340"><ele>209.322</ele><time>2022-01-12T13:28:45Z</time></trkpt><trkpt lat="45.954740" lon="12.128457"><ele>209.398</ele><time>2022-01-12T13:28:47Z</time></trkpt><trkpt lat="45.954763" lon="12.128574"><ele>209.353</ele><time>2022-01-12T13:28:49Z</time></trkpt><trkpt lat="45.954797" lon="12.128686"><ele>209.226</ele><time>2022-01-12T13:28:51Z</time></trkpt><trkpt lat="45.954839" lon="12.128784"><ele>208.815</ele><time>2022-01-12T13:28:53Z</time></trkpt><trkpt lat="45.954877" lon="12.128887"><ele>208.623</ele><time>2022-01-12T13:28:55Z</time></trkpt><trkpt lat="45.954922" lon="12.128987"><ele>208.361</ele><time>2022-01-12T13:28:57Z</time></trkpt><trkpt lat="45.954965" lon="12.129088"><ele>208.021</ele><time>2022-01-12T13:28:59Z</time></trkpt><trkpt lat="45.955008" lon="12.129196"><ele>207.913</ele><time>2022-01-12T13:29:01Z</time></trkpt><trkpt lat="45.955056" lon="12.129294"><ele>207.908</ele><time>2022-01-12T13:29:03Z</time></trkpt><trkpt lat="45.955105" lon="12.129385"><ele>208.115</ele><time>2022-01-12T13:29:05Z</time></trkpt><trkpt lat="45.955159" lon="12.129468"><ele>208.438</ele><time>2022-01-12T13:29:07Z</time></trkpt><trkpt lat="45.955213" lon="12.129557"><ele>208.772</ele><time>2022-01-12T13:29:09Z</time></trkpt><trkpt lat="45.955262" lon="12.129653"><ele>209.128</ele><time>2022-01-12T13:29:11Z</time></trkpt><trkpt lat="45.955307" lon="12.129751"><ele>209.173</ele><time>2022-01-12T13:29:13Z</time></trkpt><trkpt lat="45.955344" lon="12.129853"><ele>209.126</ele><time>2022-01-12T13:29:15Z</time></trkpt><trkpt lat="45.955375" lon="12.129952"><ele>209.365</ele><time>2022-01-12T13:29:17Z</time></trkpt><trkpt lat="45.955407" lon="12.130054"><ele>209.643</ele><time>2022-01-12T13:29:19Z</time></trkpt><trkpt lat="45.955441" lon="12.130152"><ele>210.196</ele><time>2022-01-12T13:29:21Z</time></trkpt><trkpt lat="45.955477" lon="12.130246"><ele>210.231</ele><time>2022-01-12T13:29:23Z</time></trkpt><trkpt lat="45.955512" lon="12.130341"><ele>210.324</ele><time>2022-01-12T13:29:25Z</time></trkpt><trkpt lat="45.955551" lon="12.130430"><ele>210.508</ele><time>2022-01-12T13:29:27Z</time></trkpt><trkpt lat="45.955586" lon="12.130527"><ele>210.668</ele><time>2022-01-12T13:29:29Z</time></trkpt><trkpt lat="45.955621" lon="12.130620"><ele>210.661</ele><time>2022-01-12T13:29:31Z</time></trkpt><trkpt lat="45.955649" lon="12.130721"><ele>210.545</ele><time>2022-01-12T13:29:33Z</time></trkpt><trkpt lat="45.955678" lon="12.130822"><ele>210.311</ele><time>2022-01-12T13:29:35Z</time></trkpt><trkpt lat="45.955712" lon="12.130920"><ele>210.236</ele><time>2022-01-12T13:29:37Z</time></trkpt><trkpt lat="45.955743" lon="12.131010"><ele>210.069</ele><time>2022-01-12T13:29:39Z</time></trkpt><trkpt lat="45.955780" lon="12.131105"><ele>209.638</ele><time>2022-01-12T13:29:41Z</time></trkpt><trkpt lat="45.955815" lon="12.131204"><ele>209.156</ele><time>2022-01-12T13:29:43Z</time></trkpt><trkpt lat="45.955854" lon="12.131302"><ele>209.089</ele><time>2022-01-12T13:29:45Z</time></trkpt><trkpt lat="45.955904" lon="12.131393"><ele>209.006</ele><time>2022-01-12T13:29:47Z</time></trkpt><trkpt lat="45.955954" lon="12.131476"><ele>209.226</ele><time>2022-01-12T13:29:49Z</time></trkpt><trkpt lat="45.956000" lon="12.131549"><ele>209.708</ele><time>2022-01-12T13:29:51Z</time></trkpt><trkpt lat="45.956047" lon="12.131621"><ele>210.077</ele><time>2022-01-12T13:29:53Z</time></trkpt><trkpt lat="45.956088" lon="12.131704"><ele>210.010</ele><time>2022-01-12T13:29:55Z</time></trkpt><trkpt lat="45.956128" lon="12.131785"><ele>209.334</ele><time>2022-01-12T13:29:57Z</time></trkpt><trkpt lat="45.956165" lon="12.131872"><ele>208.990</ele><time>2022-01-12T13:29:59Z</time></trkpt><trkpt lat="45.956201" lon="12.131954"><ele>208.565</ele><time>2022-01-12T13:30:01Z</time></trkpt><trkpt lat="45.956241" lon="12.132039"><ele>207.988</ele><time>2022-01-12T13:30:03Z</time></trkpt><trkpt lat="45.956285" lon="12.132122"><ele>207.577</ele><time>2022-01-12T13:30:05Z</time></trkpt><trkpt lat="45.956333" lon="12.132222"><ele>207.265</ele><time>2022-01-12T13:30:07Z</time></trkpt><trkpt lat="45.956387" lon="12.132304"><ele>207.053</ele><time>2022-01-12T13:30:09Z</time></trkpt><trkpt lat="45.956450" lon="12.132392"><ele>206.604</ele><time>2022-01-12T13:30:11Z</time></trkpt><trkpt lat="45.956519" lon="12.132478"><ele>206.614</ele><time>2022-01-12T13:30:13Z</time></trkpt><trkpt lat="45.956595" lon="12.132563"><ele>206.808</ele><time>2022-01-12T13:30:15Z</time></trkpt><trkpt lat="45.956631" lon="12.132604"><ele>207.184</ele><time>2022-01-12T13:30:16Z</time></trkpt><trkpt lat="45.956703" lon="12.132680"><ele>208.067</ele><time>2022-01-12T13:30:18Z</time></trkpt><trkpt lat="45.956740" lon="12.132718"><ele>208.391</ele><time>2022-01-12T13:30:19Z</time></trkpt><trkpt lat="45.956813" lon="12.132793"><ele>208.967</ele><time>2022-01-12T13:30:21Z</time></trkpt><trkpt lat="45.956879" lon="12.132873"><ele>209.222</ele><time>2022-01-12T13:30:23Z</time></trkpt><trkpt lat="45.956942" lon="12.132957"><ele>209.545</ele><time>2022-01-12T13:30:25Z</time></trkpt><trkpt lat="45.957001" lon="12.133045"><ele>209.734</ele><time>2022-01-12T13:30:27Z</time></trkpt><trkpt lat="45.957056" lon="12.133136"><ele>209.932</ele><time>2022-01-12T13:30:29Z</time></trkpt><trkpt lat="45.957106" lon="12.133233"><ele>209.928</ele><time>2022-01-12T13:30:31Z</time></trkpt><trkpt lat="45.957152" lon="12.133331"><ele>210.289</ele><time>2022-01-12T13:30:33Z</time></trkpt><trkpt lat="45.957196" lon="12.133427"><ele>210.517</ele><time>2022-01-12T13:30:35Z</time></trkpt><trkpt lat="45.957238" lon="12.133529"><ele>210.908</ele><time>2022-01-12T13:30:37Z</time></trkpt><trkpt lat="45.957280" lon="12.133635"><ele>210.921</ele><time>2022-01-12T13:30:39Z</time></trkpt><trkpt lat="45.957322" lon="12.133739"><ele>211.194</ele><time>2022-01-12T13:30:41Z</time></trkpt><trkpt lat="45.957344" lon="12.133796"><ele>211.358</ele><time>2022-01-12T13:30:42Z</time></trkpt><trkpt lat="45.957366" lon="12.133855"><ele>211.544</ele><time>2022-01-12T13:30:43Z</time></trkpt><trkpt lat="45.957406" lon="12.133972"><ele>211.699</ele><time>2022-01-12T13:30:45Z</time></trkpt><trkpt lat="45.957440" lon="12.134092"><ele>212.052</ele><time>2022-01-12T13:30:47Z</time></trkpt><trkpt lat="45.957472" lon="12.134214"><ele>212.181</ele><time>2022-01-12T13:30:49Z</time></trkpt><trkpt lat="45.957500" lon="12.134333"><ele>212.219</ele><time>2022-01-12T13:30:51Z</time></trkpt><trkpt lat="45.957529" lon="12.134451"><ele>212.255</ele><time>2022-01-12T13:30:53Z</time></trkpt><trkpt lat="45.957554" lon="12.134570"><ele>212.407</ele><time>2022-01-12T13:30:55Z</time></trkpt><trkpt lat="45.957579" lon="12.134692"><ele>212.817</ele><time>2022-01-12T13:30:57Z</time></trkpt><trkpt lat="45.957603" lon="12.134814"><ele>213.108</ele><time>2022-01-12T13:30:59Z</time></trkpt><trkpt lat="45.957622" lon="12.134939"><ele>213.454</ele><time>2022-01-12T13:31:01Z</time></trkpt><trkpt lat="45.957645" lon="12.135060"><ele>213.777</ele><time>2022-01-12T13:31:03Z</time></trkpt><trkpt lat="45.957665" lon="12.135189"><ele>214.171</ele><time>2022-01-12T13:31:05Z</time></trkpt><trkpt lat="45.957675" lon="12.135253"><ele>214.327</ele><time>2022-01-12T13:31:06Z</time></trkpt><trkpt lat="45.957697" lon="12.135373"><ele>214.662</ele><time>2022-01-12T13:31:08Z</time></trkpt><trkpt lat="45.957723" lon="12.135492"><ele>214.885</ele><time>2022-01-12T13:31:10Z</time></trkpt><trkpt lat="45.957754" lon="12.135613"><ele>214.844</ele><time>2022-01-12T13:31:12Z</time></trkpt><trkpt lat="45.957793" lon="12.135731"><ele>214.892</ele><time>2022-01-12T13:31:14Z</time></trkpt><trkpt lat="45.957817" lon="12.135787"><ele>214.759</ele><time>2022-01-12T13:31:15Z</time></trkpt><trkpt lat="45.957873" lon="12.135893"><ele>214.703</ele><time>2022-01-12T13:31:17Z</time></trkpt><trkpt lat="45.957902" lon="12.135945"><ele>214.723</ele><time>2022-01-12T13:31:18Z</time></trkpt><trkpt lat="45.957952" lon="12.136050"><ele>214.708</ele><time>2022-01-12T13:31:20Z</time></trkpt><trkpt lat="45.957984" lon="12.136159"><ele>214.794</ele><time>2022-01-12T13:31:22Z</time></trkpt><trkpt lat="45.958011" lon="12.136262"><ele>215.147</ele><time>2022-01-12T13:31:24Z</time></trkpt><trkpt lat="45.958041" lon="12.136354"><ele>215.261</ele><time>2022-01-12T13:31:26Z</time></trkpt><trkpt lat="45.958068" lon="12.136442"><ele>215.257</ele><time>2022-01-12T13:31:28Z</time></trkpt><trkpt lat="45.958106" lon="12.136534"><ele>215.272</ele><time>2022-01-12T13:31:30Z</time></trkpt><trkpt lat="45.958133" lon="12.136588"><ele>215.255</ele><time>2022-01-12T13:31:31Z</time></trkpt><trkpt lat="45.958162" lon="12.136639"><ele>215.294</ele><time>2022-01-12T13:31:32Z</time></trkpt><trkpt lat="45.958207" lon="12.136757"><ele>215.362</ele><time>2022-01-12T13:31:34Z</time></trkpt><trkpt lat="45.958249" lon="12.136882"><ele>215.414</ele><time>2022-01-12T13:31:36Z</time></trkpt><trkpt lat="45.958271" lon="12.136946"><ele>215.654</ele><time>2022-01-12T13:31:37Z</time></trkpt><trkpt lat="45.958292" lon="12.137011"><ele>215.809</ele><time>2022-01-12T13:31:38Z</time></trkpt><trkpt lat="45.958334" lon="12.137140"><ele>216.008</ele><time>2022-01-12T13:31:40Z</time></trkpt><trkpt lat="45.958381" lon="12.137273"><ele>216.390</ele><time>2022-01-12T13:31:42Z</time></trkpt><trkpt lat="45.958402" lon="12.137339"><ele>216.493</ele><time>2022-01-12T13:31:43Z</time></trkpt><trkpt lat="45.958442" lon="12.137469"><ele>216.327</ele><time>2022-01-12T13:31:45Z</time></trkpt><trkpt lat="45.958465" lon="12.137535"><ele>216.363</ele><time>2022-01-12T13:31:46Z</time></trkpt><trkpt lat="45.958487" lon="12.137601"><ele>216.258</ele><time>2022-01-12T13:31:47Z</time></trkpt><trkpt lat="45.958532" lon="12.137729"><ele>215.991</ele><time>2022-01-12T13:31:49Z</time></trkpt><trkpt lat="45.958574" lon="12.137855"><ele>215.860</ele><time>2022-01-12T13:31:51Z</time></trkpt><trkpt lat="45.958593" lon="12.137916"><ele>215.878</ele><time>2022-01-12T13:31:52Z</time></trkpt><trkpt lat="45.958632" lon="12.138036"><ele>215.813</ele><time>2022-01-12T13:31:54Z</time></trkpt><trkpt lat="45.958679" lon="12.138152"><ele>215.943</ele><time>2022-01-12T13:31:56Z</time></trkpt><trkpt lat="45.958735" lon="12.138247"><ele>216.007</ele><time>2022-01-12T13:31:58Z</time></trkpt><trkpt lat="45.958801" lon="12.138345"><ele>216.008</ele><time>2022-01-12T13:32:00Z</time></trkpt><trkpt lat="45.958834" lon="12.138395"><ele>215.990</ele><time>2022-01-12T13:32:01Z</time></trkpt><trkpt lat="45.958898" lon="12.138495"><ele>215.893</ele><time>2022-01-12T13:32:03Z</time></trkpt><trkpt lat="45.958959" lon="12.138594"><ele>215.717</ele><time>2022-01-12T13:32:05Z</time></trkpt><trkpt lat="45.958988" lon="12.138655"><ele>215.763</ele><time>2022-01-12T13:32:06Z</time></trkpt><trkpt lat="45.959016" lon="12.138711"><ele>216.138</ele><time>2022-01-12T13:32:07Z</time></trkpt><trkpt lat="45.959078" lon="12.138826"><ele>216.831</ele><time>2022-01-12T13:32:09Z</time></trkpt><trkpt lat="45.959135" lon="12.138940"><ele>217.330</ele><time>2022-01-12T13:32:11Z</time></trkpt><trkpt lat="45.959191" lon="12.139044"><ele>217.618</ele><time>2022-01-12T13:32:13Z</time></trkpt><trkpt lat="45.959220" lon="12.139106"><ele>217.754</ele><time>2022-01-12T13:32:14Z</time></trkpt><trkpt lat="45.959296" lon="12.139242"><ele>217.656</ele><time>2022-01-12T13:32:16Z</time></trkpt><trkpt lat="45.959381" lon="12.139373"><ele>218.211</ele><time>2022-01-12T13:32:18Z</time></trkpt><trkpt lat="45.959424" lon="12.139439"><ele>217.608</ele><time>2022-01-12T13:32:19Z</time></trkpt><trkpt lat="45.959518" lon="12.139595"><ele>217.674</ele><time>2022-01-12T13:32:21Z</time></trkpt><trkpt lat="45.959551" lon="12.139667"><ele>217.067</ele><time>2022-01-12T13:32:22Z</time></trkpt><trkpt lat="45.959598" lon="12.139755"><ele>216.121</ele><time>2022-01-12T13:32:23Z</time></trkpt><trkpt lat="45.959660" lon="12.139954"><ele>215.177</ele><time>2022-01-12T13:32:25Z</time></trkpt><trkpt lat="45.959688" lon="12.140060"><ele>215.122</ele><time>2022-01-12T13:32:26Z</time></trkpt><trkpt lat="45.959719" lon="12.140156"><ele>215.025</ele><time>2022-01-12T13:32:27Z</time></trkpt><trkpt lat="45.959797" lon="12.140331"><ele>214.974</ele><time>2022-01-12T13:32:29Z</time></trkpt><trkpt lat="45.959884" lon="12.140479"><ele>215.242</ele><time>2022-01-12T13:32:31Z</time></trkpt><trkpt lat="45.959930" lon="12.140538"><ele>215.493</ele><time>2022-01-12T13:32:32Z</time></trkpt><trkpt lat="45.960016" lon="12.140660"><ele>215.565</ele><time>2022-01-12T13:32:34Z</time></trkpt><trkpt lat="45.960057" lon="12.140715"><ele>215.521</ele><time>2022-01-12T13:32:35Z</time></trkpt><trkpt lat="45.960101" lon="12.140772"><ele>215.308</ele><time>2022-01-12T13:32:36Z</time></trkpt><trkpt lat="45.960184" lon="12.140884"><ele>215.218</ele><time>2022-01-12T13:32:38Z</time></trkpt><trkpt lat="45.960212" lon="12.140946"><ele>215.341</ele><time>2022-01-12T13:32:39Z</time></trkpt><trkpt lat="45.960256" lon="12.141081"><ele>215.765</ele><time>2022-01-12T13:32:41Z</time></trkpt><trkpt lat="45.960282" lon="12.141134"><ele>215.811</ele><time>2022-01-12T13:32:42Z</time></trkpt><trkpt lat="45.960305" lon="12.141196"><ele>216.166</ele><time>2022-01-12T13:32:43Z</time></trkpt><trkpt lat="45.960347" lon="12.141309"><ele>217.459</ele><time>2022-01-12T13:32:45Z</time></trkpt><trkpt lat="45.960390" lon="12.141397"><ele>218.658</ele><time>2022-01-12T13:32:47Z</time></trkpt><trkpt lat="45.960423" lon="12.141485"><ele>218.926</ele><time>2022-01-12T13:32:49Z</time></trkpt><trkpt lat="45.960461" lon="12.141566"><ele>219.275</ele><time>2022-01-12T13:32:51Z</time></trkpt><trkpt lat="45.960505" lon="12.141635"><ele>220.028</ele><time>2022-01-12T13:32:53Z</time></trkpt><trkpt lat="45.960555" lon="12.141700"><ele>220.220</ele><time>2022-01-12T13:32:55Z</time></trkpt><trkpt lat="45.960603" lon="12.141764"><ele>220.608</ele><time>2022-01-12T13:32:57Z</time></trkpt><trkpt lat="45.960647" lon="12.141827"><ele>221.326</ele><time>2022-01-12T13:32:59Z</time></trkpt><trkpt lat="45.960688" lon="12.141885"><ele>222.559</ele><time>2022-01-12T13:33:01Z</time></trkpt><trkpt lat="45.960731" lon="12.141937"><ele>223.053</ele><time>2022-01-12T13:33:03Z</time></trkpt><trkpt lat="45.960773" lon="12.142000"><ele>223.339</ele><time>2022-01-12T13:33:05Z</time></trkpt><trkpt lat="45.960810" lon="12.142062"><ele>223.814</ele><time>2022-01-12T13:33:07Z</time></trkpt><trkpt lat="45.960847" lon="12.142140"><ele>223.937</ele><time>2022-01-12T13:33:09Z</time></trkpt><trkpt lat="45.960874" lon="12.142224"><ele>223.946</ele><time>2022-01-12T13:33:11Z</time></trkpt><trkpt lat="45.960891" lon="12.142313"><ele>223.964</ele><time>2022-01-12T13:33:13Z</time></trkpt><trkpt lat="45.960883" lon="12.142409"><ele>223.787</ele><time>2022-01-12T13:33:15Z</time></trkpt><trkpt lat="45.960860" lon="12.142500"><ele>223.542</ele><time>2022-01-12T13:33:17Z</time></trkpt><trkpt lat="45.960837" lon="12.142616"><ele>222.426</ele><time>2022-01-12T13:33:19Z</time></trkpt><trkpt lat="45.960847" lon="12.142724"><ele>220.708</ele><time>2022-01-12T13:33:21Z</time></trkpt><trkpt lat="45.960868" lon="12.142832"><ele>220.047</ele><time>2022-01-12T13:33:22Z</time></trkpt><trkpt lat="45.960868" lon="12.142903"><ele>219.030</ele><time>2022-01-12T13:33:23Z</time></trkpt><trkpt lat="45.960884" lon="12.143100"><ele>218.724</ele><time>2022-01-12T13:33:25Z</time></trkpt><trkpt lat="45.960911" lon="12.143321"><ele>219.870</ele><time>2022-01-12T13:33:27Z</time></trkpt><trkpt lat="45.960921" lon="12.143409"><ele>219.815</ele><time>2022-01-12T13:33:28Z</time></trkpt><trkpt lat="45.960942" lon="12.143588"><ele>218.188</ele><time>2022-01-12T13:33:30Z</time></trkpt><trkpt lat="45.960953" lon="12.143680"><ele>217.577</ele><time>2022-01-12T13:33:31Z</time></trkpt><trkpt lat="45.960960" lon="12.143776"><ele>217.355</ele><time>2022-01-12T13:33:32Z</time></trkpt><trkpt lat="45.960969" lon="12.143870"><ele>217.179</ele><time>2022-01-12T13:33:33Z</time></trkpt><trkpt lat="45.960987" lon="12.143969"><ele>217.105</ele><time>2022-01-12T13:33:34Z</time></trkpt><trkpt lat="45.961042" lon="12.144146"><ele>217.325</ele><time>2022-01-12T13:33:36Z</time></trkpt><trkpt lat="45.961096" lon="12.144295"><ele>218.108</ele><time>2022-01-12T13:33:38Z</time></trkpt><trkpt lat="45.961155" lon="12.144428"><ele>218.586</ele><time>2022-01-12T13:33:40Z</time></trkpt><trkpt lat="45.961180" lon="12.144495"><ele>219.149</ele><time>2022-01-12T13:33:41Z</time></trkpt><trkpt lat="45.961224" lon="12.144629"><ele>219.233</ele><time>2022-01-12T13:33:43Z</time></trkpt><trkpt lat="45.961278" lon="12.144746"><ele>219.589</ele><time>2022-01-12T13:33:45Z</time></trkpt><trkpt lat="45.961325" lon="12.144854"><ele>219.624</ele><time>2022-01-12T13:33:47Z</time></trkpt><trkpt lat="45.961369" lon="12.144954"><ele>220.227</ele><time>2022-01-12T13:33:49Z</time></trkpt><trkpt lat="45.961407" lon="12.145062"><ele>220.496</ele><time>2022-01-12T13:33:51Z</time></trkpt><trkpt lat="45.961443" lon="12.145164"><ele>220.664</ele><time>2022-01-12T13:33:53Z</time></trkpt><trkpt lat="45.961471" lon="12.145272"><ele>220.722</ele><time>2022-01-12T13:33:55Z</time></trkpt><trkpt lat="45.961490" lon="12.145392"><ele>220.762</ele><time>2022-01-12T13:33:57Z</time></trkpt><trkpt lat="45.961507" lon="12.145518"><ele>220.708</ele><time>2022-01-12T13:33:59Z</time></trkpt><trkpt lat="45.961517" lon="12.145645"><ele>220.508</ele><time>2022-01-12T13:34:01Z</time></trkpt><trkpt lat="45.961528" lon="12.145773"><ele>220.441</ele><time>2022-01-12T13:34:03Z</time></trkpt><trkpt lat="45.961538" lon="12.145895"><ele>220.174</ele><time>2022-01-12T13:34:05Z</time></trkpt><trkpt lat="45.961545" lon="12.146022"><ele>220.098</ele><time>2022-01-12T13:34:07Z</time></trkpt><trkpt lat="45.961555" lon="12.146144"><ele>219.634</ele><time>2022-01-12T13:34:09Z</time></trkpt><trkpt lat="45.961563" lon="12.146268"><ele>219.569</ele><time>2022-01-12T13:34:11Z</time></trkpt><trkpt lat="45.961566" lon="12.146394"><ele>219.342</ele><time>2022-01-12T13:34:13Z</time></trkpt><trkpt lat="45.961571" lon="12.146518"><ele>219.381</ele><time>2022-01-12T13:34:15Z</time></trkpt><trkpt lat="45.961586" lon="12.146637"><ele>219.399</ele><time>2022-01-12T13:34:17Z</time></trkpt><trkpt lat="45.961600" lon="12.146757"><ele>219.373</ele><time>2022-01-12T13:34:19Z</time></trkpt><trkpt lat="45.961617" lon="12.146869"><ele>219.385</ele><time>2022-01-12T13:34:21Z</time></trkpt><trkpt lat="45.961633" lon="12.146974"><ele>219.313</ele><time>2022-01-12T13:34:23Z</time></trkpt><trkpt lat="45.961652" lon="12.147081"><ele>219.308</ele><time>2022-01-12T13:34:25Z</time></trkpt><trkpt lat="45.961686" lon="12.147187"><ele>219.916</ele><time>2022-01-12T13:34:27Z</time></trkpt><trkpt lat="45.961714" lon="12.147291"><ele>220.659</ele><time>2022-01-12T13:34:29Z</time></trkpt><trkpt lat="45.961736" lon="12.147407"><ele>220.633</ele><time>2022-01-12T13:34:31Z</time></trkpt><trkpt lat="45.961746" lon="12.147470"><ele>220.649</ele><time>2022-01-12T13:34:32Z</time></trkpt><trkpt lat="45.961773" lon="12.147590"><ele>220.674</ele><time>2022-01-12T13:34:34Z</time></trkpt><trkpt lat="45.961799" lon="12.147709"><ele>220.377</ele><time>2022-01-12T13:34:36Z</time></trkpt><trkpt lat="45.961815" lon="12.147826"><ele>219.876</ele><time>2022-01-12T13:34:38Z</time></trkpt><trkpt lat="45.961829" lon="12.147940"><ele>219.484</ele><time>2022-01-12T13:34:40Z</time></trkpt><trkpt lat="45.961844" lon="12.148065"><ele>219.224</ele><time>2022-01-12T13:34:42Z</time></trkpt><trkpt lat="45.961848" lon="12.148136"><ele>218.904</ele><time>2022-01-12T13:34:43Z</time></trkpt><trkpt lat="45.961862" lon="12.148259"><ele>218.614</ele><time>2022-01-12T13:34:45Z</time></trkpt><trkpt lat="45.961879" lon="12.148378"><ele>218.508</ele><time>2022-01-12T13:34:47Z</time></trkpt><trkpt lat="45.961909" lon="12.148497"><ele>218.591</ele><time>2022-01-12T13:34:49Z</time></trkpt><trkpt lat="45.961945" lon="12.148609"><ele>218.424</ele><time>2022-01-12T13:34:51Z</time></trkpt><trkpt lat="45.961982" lon="12.148728"><ele>218.358</ele><time>2022-01-12T13:34:53Z</time></trkpt><trkpt lat="45.962018" lon="12.148843"><ele>218.184</ele><time>2022-01-12T13:34:55Z</time></trkpt><trkpt lat="45.962069" lon="12.148961"><ele>217.349</ele><time>2022-01-12T13:34:57Z</time></trkpt><trkpt lat="45.962125" lon="12.149069"><ele>217.072</ele><time>2022-01-12T13:34:59Z</time></trkpt><trkpt lat="45.962179" lon="12.149178"><ele>216.821</ele><time>2022-01-12T13:35:01Z</time></trkpt><trkpt lat="45.962205" lon="12.149234"><ele>216.719</ele><time>2022-01-12T13:35:02Z</time></trkpt><trkpt lat="45.962237" lon="12.149281"><ele>216.543</ele><time>2022-01-12T13:35:03Z</time></trkpt><trkpt lat="45.962305" lon="12.149385"><ele>216.264</ele><time>2022-01-12T13:35:05Z</time></trkpt><trkpt lat="45.962338" lon="12.149436"><ele>215.910</ele><time>2022-01-12T13:35:06Z</time></trkpt><trkpt lat="45.962398" lon="12.149510"><ele>215.408</ele><time>2022-01-12T13:35:08Z</time></trkpt><trkpt lat="45.962438" lon="12.149578"><ele>215.393</ele><time>2022-01-12T13:35:10Z</time></trkpt><trkpt lat="45.962490" lon="12.149640"><ele>214.926</ele><time>2022-01-12T13:35:12Z</time></trkpt><trkpt lat="45.962542" lon="12.149701"><ele>215.030</ele><time>2022-01-12T13:35:14Z</time></trkpt><trkpt lat="45.962601" lon="12.149781"><ele>215.096</ele><time>2022-01-12T13:35:16Z</time></trkpt><trkpt lat="45.962648" lon="12.149886"><ele>215.011</ele><time>2022-01-12T13:35:18Z</time></trkpt><trkpt lat="45.962669" lon="12.150028"><ele>214.514</ele><time>2022-01-12T13:35:20Z</time></trkpt><trkpt lat="45.962680" lon="12.150094"><ele>213.863</ele><time>2022-01-12T13:35:21Z</time></trkpt><trkpt lat="45.962706" lon="12.150227"><ele>212.851</ele><time>2022-01-12T13:35:24Z</time></trkpt><trkpt lat="45.962738" lon="12.150357"><ele>211.168</ele><time>2022-01-12T13:35:26Z</time></trkpt><trkpt lat="45.962750" lon="12.150428"><ele>211.142</ele><time>2022-01-12T13:35:27Z</time></trkpt><trkpt lat="45.962756" lon="12.150498"><ele>211.026</ele><time>2022-01-12T13:35:28Z</time></trkpt><trkpt lat="45.962773" lon="12.150599"><ele>211.008</ele><time>2022-01-12T13:35:30Z</time></trkpt><trkpt lat="45.962773" lon="12.150684"><ele>214.495</ele><time>2022-01-12T13:37:53Z</time></trkpt><trkpt lat="45.962815" lon="12.150724"><ele>219.268</ele><time>2022-01-12T13:42:11Z</time></trkpt><trkpt lat="45.962823" lon="12.150814"><ele>219.392</ele><time>2022-01-12T13:42:13Z</time></trkpt><trkpt lat="45.962851" lon="12.150927"><ele>219.988</ele><time>2022-01-12T13:42:15Z</time></trkpt><trkpt lat="45.962868" lon="12.151049"><ele>218.743</ele><time>2022-01-12T13:42:17Z</time></trkpt><trkpt lat="45.962909" lon="12.151187"><ele>215.056</ele><time>2022-01-12T13:42:19Z</time></trkpt><trkpt lat="45.962929" lon="12.151259"><ele>214.875</ele><time>2022-01-12T13:42:20Z</time></trkpt><trkpt lat="45.962969" lon="12.151418"><ele>214.073</ele><time>2022-01-12T13:42:22Z</time></trkpt><trkpt lat="45.962988" lon="12.151493"><ele>213.187</ele><time>2022-01-12T13:42:23Z</time></trkpt><trkpt lat="45.963025" lon="12.151657"><ele>212.342</ele><time>2022-01-12T13:42:25Z</time></trkpt><trkpt lat="45.963037" lon="12.151740"><ele>212.226</ele><time>2022-01-12T13:42:26Z</time></trkpt><trkpt lat="45.963068" lon="12.151915"><ele>211.608</ele><time>2022-01-12T13:42:28Z</time></trkpt><trkpt lat="45.963114" lon="12.152085"><ele>210.427</ele><time>2022-01-12T13:42:30Z</time></trkpt><trkpt lat="45.963139" lon="12.152169"><ele>210.140</ele><time>2022-01-12T13:42:31Z</time></trkpt><trkpt lat="45.963194" lon="12.152337"><ele>209.274</ele><time>2022-01-12T13:42:33Z</time></trkpt><trkpt lat="45.963254" lon="12.152504"><ele>208.250</ele><time>2022-01-12T13:42:35Z</time></trkpt><trkpt lat="45.963317" lon="12.152665"><ele>207.175</ele><time>2022-01-12T13:42:37Z</time></trkpt><trkpt lat="45.963344" lon="12.152738"><ele>206.878</ele><time>2022-01-12T13:42:38Z</time></trkpt><trkpt lat="45.963403" lon="12.152887"><ele>205.867</ele><time>2022-01-12T13:42:40Z</time></trkpt><trkpt lat="45.963469" lon="12.153035"><ele>205.165</ele><time>2022-01-12T13:42:42Z</time></trkpt><trkpt lat="45.963502" lon="12.153114"><ele>204.863</ele><time>2022-01-12T13:42:43Z</time></trkpt><trkpt lat="45.963574" lon="12.153260"><ele>204.344</ele><time>2022-01-12T13:42:45Z</time></trkpt><trkpt lat="45.963612" lon="12.153333"><ele>204.318</ele><time>2022-01-12T13:42:46Z</time></trkpt><trkpt lat="45.963673" lon="12.153482"><ele>204.008</ele><time>2022-01-12T13:42:48Z</time></trkpt><trkpt lat="45.963742" lon="12.153629"><ele>203.845</ele><time>2022-01-12T13:42:50Z</time></trkpt><trkpt lat="45.963776" lon="12.153704"><ele>203.878</ele><time>2022-01-12T13:42:51Z</time></trkpt><trkpt lat="45.963814" lon="12.153776"><ele>203.852</ele><time>2022-01-12T13:42:52Z</time></trkpt><trkpt lat="45.963875" lon="12.153928"><ele>203.568</ele><time>2022-01-12T13:42:54Z</time></trkpt><trkpt lat="45.963927" lon="12.154084"><ele>203.193</ele><time>2022-01-12T13:42:56Z</time></trkpt><trkpt lat="45.963954" lon="12.154164"><ele>203.166</ele><time>2022-01-12T13:42:57Z</time></trkpt><trkpt lat="45.964013" lon="12.154325"><ele>203.385</ele><time>2022-01-12T13:42:59Z</time></trkpt><trkpt lat="45.964091" lon="12.154469"><ele>203.373</ele><time>2022-01-12T13:43:01Z</time></trkpt><trkpt lat="45.964135" lon="12.154542"><ele>203.794</ele><time>2022-01-12T13:43:02Z</time></trkpt><trkpt lat="45.964183" lon="12.154606"><ele>203.957</ele><time>2022-01-12T13:43:03Z</time></trkpt><trkpt lat="45.964280" lon="12.154729"><ele>204.022</ele><time>2022-01-12T13:43:05Z</time></trkpt><trkpt lat="45.964394" lon="12.154823"><ele>204.408</ele><time>2022-01-12T13:43:07Z</time></trkpt><trkpt lat="45.964452" lon="12.154858"><ele>204.668</ele><time>2022-01-12T13:43:08Z</time></trkpt><trkpt lat="45.964565" lon="12.154913"><ele>204.931</ele><time>2022-01-12T13:43:10Z</time></trkpt><trkpt lat="45.964658" lon="12.155011"><ele>205.015</ele><time>2022-01-12T13:43:12Z</time></trkpt><trkpt lat="45.964697" lon="12.155073"><ele>205.041</ele><time>2022-01-12T13:43:13Z</time></trkpt><trkpt lat="45.964733" lon="12.155139"><ele>204.786</ele><time>2022-01-12T13:43:14Z</time></trkpt><trkpt lat="45.964802" lon="12.155267"><ele>204.669</ele><time>2022-01-12T13:43:16Z</time></trkpt><trkpt lat="45.964837" lon="12.155332"><ele>204.778</ele><time>2022-01-12T13:43:17Z</time></trkpt><trkpt lat="45.964907" lon="12.155458"><ele>204.876</ele><time>2022-01-12T13:43:19Z</time></trkpt><trkpt lat="45.964939" lon="12.155521"><ele>205.362</ele><time>2022-01-12T13:43:20Z</time></trkpt><trkpt lat="45.965002" lon="12.155651"><ele>205.983</ele><time>2022-01-12T13:43:22Z</time></trkpt><trkpt lat="45.965074" lon="12.155761"><ele>205.911</ele><time>2022-01-12T13:43:24Z</time></trkpt><trkpt lat="45.965160" lon="12.155851"><ele>205.908</ele><time>2022-01-12T13:43:26Z</time></trkpt><trkpt lat="45.965248" lon="12.155919"><ele>206.055</ele><time>2022-01-12T13:43:28Z</time></trkpt><trkpt lat="45.965289" lon="12.155948"><ele>206.048</ele><time>2022-01-12T13:43:29Z</time></trkpt><trkpt lat="45.965381" lon="12.156045"><ele>206.092</ele><time>2022-01-12T13:43:31Z</time></trkpt><trkpt lat="45.965441" lon="12.156191"><ele>206.228</ele><time>2022-01-12T13:43:33Z</time></trkpt><trkpt lat="45.965425" lon="12.156325"><ele>207.983</ele><time>2022-01-12T13:43:35Z</time></trkpt><trkpt lat="45.965412" lon="12.156434"><ele>208.776</ele><time>2022-01-12T13:43:37Z</time></trkpt><trkpt lat="45.965405" lon="12.156551"><ele>208.815</ele><time>2022-01-12T13:43:39Z</time></trkpt><trkpt lat="45.965405" lon="12.156649"><ele>208.573</ele><time>2022-01-12T13:43:41Z</time></trkpt><trkpt lat="45.965405" lon="12.156730"><ele>208.285</ele><time>2022-01-12T13:43:43Z</time></trkpt><trkpt lat="45.965398" lon="12.156804"><ele>207.889</ele><time>2022-01-12T13:43:45Z</time></trkpt><trkpt lat="45.965397" lon="12.156869"><ele>208.217</ele><time>2022-01-12T13:44:06Z</time></trkpt><trkpt lat="45.965363" lon="12.156938"><ele>210.908</ele><time>2022-01-12T13:44:24Z</time></trkpt><trkpt lat="45.965311" lon="12.157014"><ele>211.177</ele><time>2022-01-12T13:44:26Z</time></trkpt><trkpt lat="45.965256" lon="12.157114"><ele>211.170</ele><time>2022-01-12T13:44:28Z</time></trkpt><trkpt lat="45.965202" lon="12.157241"><ele>210.734</ele><time>2022-01-12T13:44:30Z</time></trkpt><trkpt lat="45.965175" lon="12.157304"><ele>210.080</ele><time>2022-01-12T13:44:31Z</time></trkpt><trkpt lat="45.965119" lon="12.157430"><ele>209.475</ele><time>2022-01-12T13:44:33Z</time></trkpt><trkpt lat="45.965089" lon="12.157493"><ele>209.298</ele><time>2022-01-12T13:44:34Z</time></trkpt><trkpt lat="45.965022" lon="12.157605"><ele>208.877</ele><time>2022-01-12T13:44:36Z</time></trkpt><trkpt lat="45.964944" lon="12.157700"><ele>208.675</ele><time>2022-01-12T13:44:38Z</time></trkpt><trkpt lat="45.964903" lon="12.157747"><ele>208.482</ele><time>2022-01-12T13:44:39Z</time></trkpt><trkpt lat="45.964833" lon="12.157842"><ele>208.043</ele><time>2022-01-12T13:44:41Z</time></trkpt><trkpt lat="45.964758" lon="12.157932"><ele>207.917</ele><time>2022-01-12T13:44:43Z</time></trkpt><trkpt lat="45.964720" lon="12.157981"><ele>207.908</ele><time>2022-01-12T13:44:44Z</time></trkpt><trkpt lat="45.964688" lon="12.158032"><ele>207.747</ele><time>2022-01-12T13:44:45Z</time></trkpt><trkpt lat="45.964634" lon="12.158151"><ele>207.470</ele><time>2022-01-12T13:44:47Z</time></trkpt><trkpt lat="45.964613" lon="12.158212"><ele>207.364</ele><time>2022-01-12T13:44:48Z</time></trkpt><trkpt lat="45.964598" lon="12.158346"><ele>207.230</ele><time>2022-01-12T13:44:50Z</time></trkpt><trkpt lat="45.964593" lon="12.158484"><ele>207.095</ele><time>2022-01-12T13:44:52Z</time></trkpt><trkpt lat="45.964573" lon="12.158617"><ele>206.988</ele><time>2022-01-12T13:44:54Z</time></trkpt><trkpt lat="45.964544" lon="12.158737"><ele>207.127</ele><time>2022-01-12T13:44:56Z</time></trkpt><trkpt lat="45.964483" lon="12.158815"><ele>207.235</ele><time>2022-01-12T13:44:58Z</time></trkpt><trkpt lat="45.964408" lon="12.158883"><ele>207.181</ele><time>2022-01-12T13:45:00Z</time></trkpt><trkpt lat="45.964352" lon="12.158986"><ele>206.761</ele><time>2022-01-12T13:45:02Z</time></trkpt><trkpt lat="45.964305" lon="12.159090"><ele>206.717</ele><time>2022-01-12T13:45:04Z</time></trkpt><trkpt lat="45.964241" lon="12.159193"><ele>207.608</ele><time>2022-01-12T13:45:06Z</time></trkpt><trkpt lat="45.964196" lon="12.159303"><ele>208.257</ele><time>2022-01-12T13:45:08Z</time></trkpt><trkpt lat="45.964158" lon="12.159413"><ele>208.370</ele><time>2022-01-12T13:45:10Z</time></trkpt><trkpt lat="45.964133" lon="12.159521"><ele>208.454</ele><time>2022-01-12T13:45:12Z</time></trkpt><trkpt lat="45.964112" lon="12.159635"><ele>208.660</ele><time>2022-01-12T13:45:14Z</time></trkpt><trkpt lat="45.964097" lon="12.159753"><ele>208.635</ele><time>2022-01-12T13:45:16Z</time></trkpt><trkpt lat="45.964086" lon="12.159871"><ele>208.638</ele><time>2022-01-12T13:45:18Z</time></trkpt><trkpt lat="45.964077" lon="12.159989"><ele>208.027</ele><time>2022-01-12T13:45:20Z</time></trkpt><trkpt lat="45.964067" lon="12.160111"><ele>207.765</ele><time>2022-01-12T13:45:22Z</time></trkpt><trkpt lat="45.964054" lon="12.160232"><ele>207.629</ele><time>2022-01-12T13:45:24Z</time></trkpt><trkpt lat="45.964045" lon="12.160357"><ele>206.800</ele><time>2022-01-12T13:45:26Z</time></trkpt><trkpt lat="45.964040" lon="12.160475"><ele>206.420</ele><time>2022-01-12T13:45:28Z</time></trkpt><trkpt lat="45.964037" lon="12.160597"><ele>206.308</ele><time>2022-01-12T13:45:30Z</time></trkpt><trkpt lat="45.964033" lon="12.160717"><ele>206.421</ele><time>2022-01-12T13:45:32Z</time></trkpt><trkpt lat="45.964025" lon="12.160834"><ele>206.434</ele><time>2022-01-12T13:45:34Z</time></trkpt><trkpt lat="45.964013" lon="12.160947"><ele>206.598</ele><time>2022-01-12T13:45:36Z</time></trkpt><trkpt lat="45.964009" lon="12.161052"><ele>206.414</ele><time>2022-01-12T13:45:38Z</time></trkpt><trkpt lat="45.964026" lon="12.161165"><ele>206.059</ele><time>2022-01-12T13:45:40Z</time></trkpt><trkpt lat="45.964076" lon="12.161262"><ele>206.012</ele><time>2022-01-12T13:45:42Z</time></trkpt><trkpt lat="45.964148" lon="12.161330"><ele>206.131</ele><time>2022-01-12T13:45:44Z</time></trkpt><trkpt lat="45.964225" lon="12.161388"><ele>206.159</ele><time>2022-01-12T13:45:46Z</time></trkpt><trkpt lat="45.964298" lon="12.161446"><ele>206.013</ele><time>2022-01-12T13:45:48Z</time></trkpt><trkpt lat="45.964366" lon="12.161512"><ele>205.943</ele><time>2022-01-12T13:45:50Z</time></trkpt><trkpt lat="45.964435" lon="12.161579"><ele>205.907</ele><time>2022-01-12T13:45:52Z</time></trkpt><trkpt lat="45.964505" lon="12.161636"><ele>205.808</ele><time>2022-01-12T13:45:54Z</time></trkpt><trkpt lat="45.964571" lon="12.161703"><ele>205.830</ele><time>2022-01-12T13:45:56Z</time></trkpt><trkpt lat="45.964639" lon="12.161766"><ele>205.663</ele><time>2022-01-12T13:45:58Z</time></trkpt><trkpt lat="45.964708" lon="12.161824"><ele>205.787</ele><time>2022-01-12T13:46:00Z</time></trkpt><trkpt lat="45.964778" lon="12.161886"><ele>205.833</ele><time>2022-01-12T13:46:02Z</time></trkpt><trkpt lat="45.964845" lon="12.161947"><ele>205.958</ele><time>2022-01-12T13:46:04Z</time></trkpt><trkpt lat="45.964914" lon="12.162003"><ele>205.921</ele><time>2022-01-12T13:46:06Z</time></trkpt><trkpt lat="45.964985" lon="12.162060"><ele>205.990</ele><time>2022-01-12T13:46:08Z</time></trkpt><trkpt lat="45.965058" lon="12.162120"><ele>205.948</ele><time>2022-01-12T13:46:10Z</time></trkpt><trkpt lat="45.965129" lon="12.162178"><ele>206.731</ele><time>2022-01-12T13:46:12Z</time></trkpt><trkpt lat="45.965196" lon="12.162244"><ele>207.261</ele><time>2022-01-12T13:46:14Z</time></trkpt><trkpt lat="45.965268" lon="12.162307"><ele>207.307</ele><time>2022-01-12T13:46:16Z</time></trkpt><trkpt lat="45.965345" lon="12.162352"><ele>207.608</ele><time>2022-01-12T13:46:18Z</time></trkpt><trkpt lat="45.965407" lon="12.162436"><ele>207.722</ele><time>2022-01-12T13:46:20Z</time></trkpt><trkpt lat="45.965471" lon="12.162512"><ele>207.855</ele><time>2022-01-12T13:46:22Z</time></trkpt><trkpt lat="45.965533" lon="12.162581"><ele>208.269</ele><time>2022-01-12T13:46:24Z</time></trkpt><trkpt lat="45.965597" lon="12.162649"><ele>208.255</ele><time>2022-01-12T13:46:26Z</time></trkpt><trkpt lat="45.965660" lon="12.162719"><ele>208.110</ele><time>2022-01-12T13:46:28Z</time></trkpt><trkpt lat="45.965730" lon="12.162790"><ele>208.063</ele><time>2022-01-12T13:46:30Z</time></trkpt><trkpt lat="45.965802" lon="12.162861"><ele>208.272</ele><time>2022-01-12T13:46:32Z</time></trkpt><trkpt lat="45.965872" lon="12.162926"><ele>208.290</ele><time>2022-01-12T13:46:34Z</time></trkpt><trkpt lat="45.965943" lon="12.162989"><ele>208.097</ele><time>2022-01-12T13:46:36Z</time></trkpt><trkpt lat="45.966012" lon="12.163056"><ele>207.723</ele><time>2022-01-12T13:46:38Z</time></trkpt><trkpt lat="45.966082" lon="12.163123"><ele>207.725</ele><time>2022-01-12T13:46:40Z</time></trkpt><trkpt lat="45.966150" lon="12.163192"><ele>208.008</ele><time>2022-01-12T13:46:42Z</time></trkpt><trkpt lat="45.966219" lon="12.163251"><ele>208.168</ele><time>2022-01-12T13:46:44Z</time></trkpt><trkpt lat="45.966285" lon="12.163311"><ele>208.471</ele><time>2022-01-12T13:46:46Z</time></trkpt><trkpt lat="45.966361" lon="12.163376"><ele>208.915</ele><time>2022-01-12T13:46:48Z</time></trkpt><trkpt lat="45.966435" lon="12.163436"><ele>209.461</ele><time>2022-01-12T13:46:50Z</time></trkpt><trkpt lat="45.966511" lon="12.163495"><ele>209.846</ele><time>2022-01-12T13:46:52Z</time></trkpt><trkpt lat="45.966585" lon="12.163549"><ele>210.449</ele><time>2022-01-12T13:46:54Z</time></trkpt><trkpt lat="45.966659" lon="12.163606"><ele>210.578</ele><time>2022-01-12T13:46:56Z</time></trkpt><trkpt lat="45.966737" lon="12.163659"><ele>210.596</ele><time>2022-01-12T13:46:58Z</time></trkpt><trkpt lat="45.966815" lon="12.163715"><ele>210.586</ele><time>2022-01-12T13:47:00Z</time></trkpt><trkpt lat="45.966894" lon="12.163767"><ele>210.760</ele><time>2022-01-12T13:47:02Z</time></trkpt><trkpt lat="45.966937" lon="12.163798"><ele>210.726</ele><time>2022-01-12T13:47:03Z</time></trkpt><trkpt lat="45.967018" lon="12.163855"><ele>210.808</ele><time>2022-01-12T13:47:05Z</time></trkpt><trkpt lat="45.967095" lon="12.163904"><ele>211.887</ele><time>2022-01-12T13:47:07Z</time></trkpt><trkpt lat="45.967169" lon="12.163956"><ele>211.880</ele><time>2022-01-12T13:47:09Z</time></trkpt><trkpt lat="45.967242" lon="12.163996"><ele>211.824</ele><time>2022-01-12T13:47:11Z</time></trkpt><trkpt lat="45.967323" lon="12.164034"><ele>212.150</ele><time>2022-01-12T13:47:13Z</time></trkpt><trkpt lat="45.967407" lon="12.164068"><ele>212.295</ele><time>2022-01-12T13:47:15Z</time></trkpt><trkpt lat="45.967492" lon="12.164095"><ele>212.378</ele><time>2022-01-12T13:47:17Z</time></trkpt><trkpt lat="45.967569" lon="12.164113"><ele>212.957</ele><time>2022-01-12T13:47:19Z</time></trkpt><trkpt lat="45.967650" lon="12.164133"><ele>213.165</ele><time>2022-01-12T13:47:21Z</time></trkpt><trkpt lat="45.967727" lon="12.164156"><ele>213.324</ele><time>2022-01-12T13:47:23Z</time></trkpt><trkpt lat="45.967803" lon="12.164185"><ele>213.304</ele><time>2022-01-12T13:47:25Z</time></trkpt><trkpt lat="45.967874" lon="12.164211"><ele>214.014</ele><time>2022-01-12T13:47:27Z</time></trkpt><trkpt lat="45.967938" lon="12.164224"><ele>214.108</ele><time>2022-01-12T13:47:29Z</time></trkpt><trkpt lat="45.967996" lon="12.164260"><ele>214.491</ele><time>2022-01-12T13:47:31Z</time></trkpt><trkpt lat="45.968044" lon="12.164269"><ele>214.744</ele><time>2022-01-12T13:47:35Z</time></trkpt><trkpt lat="45.968093" lon="12.164316"><ele>216.698</ele><time>2022-01-12T13:48:29Z</time></trkpt><trkpt lat="45.968135" lon="12.164350"><ele>216.674</ele><time>2022-01-12T13:48:31Z</time></trkpt><trkpt lat="45.968132" lon="12.164437"><ele>216.669</ele><time>2022-01-12T13:48:33Z</time></trkpt><trkpt lat="45.968116" lon="12.164509"><ele>216.692</ele><time>2022-01-12T13:48:35Z</time></trkpt><trkpt lat="45.968104" lon="12.164580"><ele>216.661</ele><time>2022-01-12T13:48:37Z</time></trkpt><trkpt lat="45.968090" lon="12.164659"><ele>216.849</ele><time>2022-01-12T13:48:39Z</time></trkpt><trkpt lat="45.968074" lon="12.164758"><ele>216.476</ele><time>2022-01-12T13:48:41Z</time></trkpt><trkpt lat="45.968064" lon="12.164878"><ele>216.190</ele><time>2022-01-12T13:48:43Z</time></trkpt><trkpt lat="45.968056" lon="12.164997"><ele>215.819</ele><time>2022-01-12T13:48:45Z</time></trkpt><trkpt lat="45.968054" lon="12.165126"><ele>215.508</ele><time>2022-01-12T13:48:47Z</time></trkpt><trkpt lat="45.968054" lon="12.165254"><ele>214.896</ele><time>2022-01-12T13:48:49Z</time></trkpt><trkpt lat="45.968060" lon="12.165362"><ele>214.829</ele><time>2022-01-12T13:48:51Z</time></trkpt><trkpt lat="45.968071" lon="12.165481"><ele>215.023</ele><time>2022-01-12T13:48:53Z</time></trkpt><trkpt lat="45.968087" lon="12.165602"><ele>215.199</ele><time>2022-01-12T13:48:55Z</time></trkpt><trkpt lat="45.968103" lon="12.165720"><ele>215.414</ele><time>2022-01-12T13:48:57Z</time></trkpt><trkpt lat="45.968120" lon="12.165838"><ele>216.647</ele><time>2022-01-12T13:48:59Z</time></trkpt><trkpt lat="45.968131" lon="12.165958"><ele>217.096</ele><time>2022-01-12T13:49:01Z</time></trkpt><trkpt lat="45.968140" lon="12.166076"><ele>217.684</ele><time>2022-01-12T13:49:03Z</time></trkpt><trkpt lat="45.968115" lon="12.166181"><ele>217.894</ele><time>2022-01-12T13:49:05Z</time></trkpt><trkpt lat="45.968055" lon="12.166260"><ele>219.157</ele><time>2022-01-12T13:49:07Z</time></trkpt><trkpt lat="45.967993" lon="12.166332"><ele>219.422</ele><time>2022-01-12T13:49:09Z</time></trkpt><trkpt lat="45.967936" lon="12.166414"><ele>219.608</ele><time>2022-01-12T13:49:11Z</time></trkpt><trkpt lat="45.967878" lon="12.166494"><ele>220.548</ele><time>2022-01-12T13:49:13Z</time></trkpt><trkpt lat="45.967837" lon="12.166586"><ele>221.241</ele><time>2022-01-12T13:49:15Z</time></trkpt><trkpt lat="45.967819" lon="12.166688"><ele>221.825</ele><time>2022-01-12T13:49:17Z</time></trkpt><trkpt lat="45.967808" lon="12.166791"><ele>222.081</ele><time>2022-01-12T13:49:19Z</time></trkpt><trkpt lat="45.967801" lon="12.166893"><ele>222.316</ele><time>2022-01-12T13:49:21Z</time></trkpt><trkpt lat="45.967792" lon="12.166990"><ele>222.669</ele><time>2022-01-12T13:49:23Z</time></trkpt><trkpt lat="45.967782" lon="12.167082"><ele>223.038</ele><time>2022-01-12T13:49:25Z</time></trkpt><trkpt lat="45.967769" lon="12.167169"><ele>223.466</ele><time>2022-01-12T13:49:27Z</time></trkpt><trkpt lat="45.967750" lon="12.167252"><ele>223.889</ele><time>2022-01-12T13:49:29Z</time></trkpt><trkpt lat="45.967729" lon="12.167335"><ele>224.206</ele><time>2022-01-12T13:49:31Z</time></trkpt><trkpt lat="45.967707" lon="12.167418"><ele>224.626</ele><time>2022-01-12T13:49:33Z</time></trkpt><trkpt lat="45.967680" lon="12.167494"><ele>224.908</ele><time>2022-01-12T13:49:35Z</time></trkpt><trkpt lat="45.967660" lon="12.167576"><ele>225.797</ele><time>2022-01-12T13:49:37Z</time></trkpt><trkpt lat="45.967635" lon="12.167661"><ele>226.070</ele><time>2022-01-12T13:49:39Z</time></trkpt><trkpt lat="45.967605" lon="12.167741"><ele>226.394</ele><time>2022-01-12T13:49:41Z</time></trkpt><trkpt lat="45.967578" lon="12.167818"><ele>226.370</ele><time>2022-01-12T13:49:43Z</time></trkpt><trkpt lat="45.967554" lon="12.167902"><ele>226.375</ele><time>2022-01-12T13:49:45Z</time></trkpt><trkpt lat="45.967534" lon="12.167989"><ele>226.378</ele><time>2022-01-12T13:49:47Z</time></trkpt><trkpt lat="45.967512" lon="12.168078"><ele>226.327</ele><time>2022-01-12T13:49:49Z</time></trkpt><trkpt lat="45.967495" lon="12.168169"><ele>226.325</ele><time>2022-01-12T13:49:51Z</time></trkpt><trkpt lat="45.967484" lon="12.168263"><ele>226.492</ele><time>2022-01-12T13:49:53Z</time></trkpt><trkpt lat="45.967471" lon="12.168357"><ele>226.573</ele><time>2022-01-12T13:49:55Z</time></trkpt><trkpt lat="45.967458" lon="12.168449"><ele>226.720</ele><time>2022-01-12T13:49:57Z</time></trkpt><trkpt lat="45.967448" lon="12.168543"><ele>227.008</ele><time>2022-01-12T13:49:59Z</time></trkpt><trkpt lat="45.967442" lon="12.168636"><ele>227.138</ele><time>2022-01-12T13:50:01Z</time></trkpt><trkpt lat="45.967437" lon="12.168733"><ele>227.131</ele><time>2022-01-12T13:50:03Z</time></trkpt><trkpt lat="45.967435" lon="12.168833"><ele>227.375</ele><time>2022-01-12T13:50:05Z</time></trkpt><trkpt lat="45.967438" lon="12.168936"><ele>227.821</ele><time>2022-01-12T13:50:07Z</time></trkpt><trkpt lat="45.967445" lon="12.169035"><ele>228.376</ele><time>2022-01-12T13:50:09Z</time></trkpt><trkpt lat="45.967448" lon="12.169135"><ele>229.099</ele><time>2022-01-12T13:50:11Z</time></trkpt><trkpt lat="45.967451" lon="12.169230"><ele>229.528</ele><time>2022-01-12T13:50:13Z</time></trkpt><trkpt lat="45.967448" lon="12.169325"><ele>229.926</ele><time>2022-01-12T13:50:15Z</time></trkpt><trkpt lat="45.967446" lon="12.169421"><ele>230.335</ele><time>2022-01-12T13:50:17Z</time></trkpt><trkpt lat="45.967440" lon="12.169537"><ele>230.586</ele><time>2022-01-12T13:50:19Z</time></trkpt><trkpt lat="45.967432" lon="12.169649"><ele>230.714</ele><time>2022-01-12T13:50:21Z</time></trkpt><trkpt lat="45.967423" lon="12.169758"><ele>231.008</ele><time>2022-01-12T13:50:23Z</time></trkpt><trkpt lat="45.967414" lon="12.169859"><ele>231.262</ele><time>2022-01-12T13:50:25Z</time></trkpt><trkpt lat="45.967401" lon="12.169954"><ele>231.485</ele><time>2022-01-12T13:50:27Z</time></trkpt><trkpt lat="45.967379" lon="12.170045"><ele>231.819</ele><time>2022-01-12T13:50:29Z</time></trkpt><trkpt lat="45.967361" lon="12.170128"><ele>232.185</ele><time>2022-01-12T13:50:31Z</time></trkpt><trkpt lat="45.967342" lon="12.170219"><ele>232.260</ele><time>2022-01-12T13:50:33Z</time></trkpt><trkpt lat="45.967320" lon="12.170296"><ele>232.213</ele><time>2022-01-12T13:50:35Z</time></trkpt><trkpt lat="45.967296" lon="12.170376"><ele>232.232</ele><time>2022-01-12T13:50:37Z</time></trkpt><trkpt lat="45.967276" lon="12.170455"><ele>232.350</ele><time>2022-01-12T13:50:39Z</time></trkpt><trkpt lat="45.967254" lon="12.170539"><ele>232.215</ele><time>2022-01-12T13:50:41Z</time></trkpt><trkpt lat="45.967238" lon="12.170622"><ele>232.065</ele><time>2022-01-12T13:50:43Z</time></trkpt><trkpt lat="45.967264" lon="12.170728"><ele>231.711</ele><time>2022-01-12T13:50:45Z</time></trkpt><trkpt lat="45.967317" lon="12.170808"><ele>231.708</ele><time>2022-01-12T13:50:47Z</time></trkpt><trkpt lat="45.967367" lon="12.170873"><ele>231.610</ele><time>2022-01-12T13:50:49Z</time></trkpt><trkpt lat="45.967414" lon="12.170951"><ele>231.653</ele><time>2022-01-12T13:50:51Z</time></trkpt><trkpt lat="45.967467" lon="12.171042"><ele>231.697</ele><time>2022-01-12T13:50:53Z</time></trkpt><trkpt lat="45.967532" lon="12.171124"><ele>231.613</ele><time>2022-01-12T13:50:55Z</time></trkpt><trkpt lat="45.967602" lon="12.171205"><ele>232.018</ele><time>2022-01-12T13:50:57Z</time></trkpt><trkpt lat="45.967671" lon="12.171278"><ele>233.741</ele><time>2022-01-12T13:50:59Z</time></trkpt><trkpt lat="45.967741" lon="12.171344"><ele>234.310</ele><time>2022-01-12T13:51:01Z</time></trkpt><trkpt lat="45.967810" lon="12.171404"><ele>234.628</ele><time>2022-01-12T13:51:03Z</time></trkpt><trkpt lat="45.967876" lon="12.171461"><ele>235.432</ele><time>2022-01-12T13:51:05Z</time></trkpt><trkpt lat="45.967943" lon="12.171516"><ele>236.892</ele><time>2022-01-12T13:51:07Z</time></trkpt><trkpt lat="45.968004" lon="12.171565"><ele>237.611</ele><time>2022-01-12T13:51:09Z</time></trkpt><trkpt lat="45.968056" lon="12.171610"><ele>238.308</ele><time>2022-01-12T13:51:11Z</time></trkpt><trkpt lat="45.968113" lon="12.171653"><ele>239.122</ele><time>2022-01-12T13:51:13Z</time></trkpt><trkpt lat="45.968165" lon="12.171689"><ele>239.455</ele><time>2022-01-12T13:51:15Z</time></trkpt><trkpt lat="45.968225" lon="12.171710"><ele>239.729</ele><time>2022-01-12T13:51:17Z</time></trkpt><trkpt lat="45.968275" lon="12.171728"><ele>240.365</ele><time>2022-01-12T13:51:20Z</time></trkpt><trkpt lat="45.968343" lon="12.171691"><ele>240.420</ele><time>2022-01-12T13:51:22Z</time></trkpt><trkpt lat="45.968399" lon="12.171644"><ele>240.813</ele><time>2022-01-12T13:51:24Z</time></trkpt><trkpt lat="45.968456" lon="12.171601"><ele>241.512</ele><time>2022-01-12T13:51:26Z</time></trkpt><trkpt lat="45.968515" lon="12.171710"><ele>242.820</ele><time>2022-01-12T13:51:28Z</time></trkpt><trkpt lat="45.968512" lon="12.171827"><ele>244.212</ele><time>2022-01-12T13:51:31Z</time></trkpt><trkpt lat="45.968511" lon="12.171919"><ele>244.432</ele><time>2022-01-12T13:51:34Z</time></trkpt><trkpt lat="45.968501" lon="12.171999"><ele>245.305</ele><time>2022-01-12T13:51:36Z</time></trkpt><trkpt lat="45.968476" lon="12.172064"><ele>245.908</ele><time>2022-01-12T13:51:38Z</time></trkpt><trkpt lat="45.968452" lon="12.172125"><ele>246.690</ele><time>2022-01-12T13:51:40Z</time></trkpt><trkpt lat="45.968425" lon="12.172196"><ele>250.933</ele><time>2022-01-12T13:51:43Z</time></trkpt><trkpt lat="45.968405" lon="12.172260"><ele>253.437</ele><time>2022-01-12T13:51:45Z</time></trkpt><trkpt lat="45.968374" lon="12.172319"><ele>254.483</ele><time>2022-01-12T13:51:47Z</time></trkpt><trkpt lat="45.968345" lon="12.172395"><ele>258.688</ele><time>2022-01-12T13:51:50Z</time></trkpt><trkpt lat="45.968314" lon="12.172468"><ele>262.211</ele><time>2022-01-12T13:51:56Z</time></trkpt><trkpt lat="45.968295" lon="12.172534"><ele>262.190</ele><time>2022-01-12T13:52:00Z</time></trkpt><trkpt lat="45.968275" lon="12.172618"><ele>262.128</ele><time>2022-01-12T13:52:05Z</time></trkpt><trkpt lat="45.968242" lon="12.172679"><ele>262.159</ele><time>2022-01-12T13:52:09Z</time></trkpt><trkpt lat="45.968299" lon="12.172641"><ele>260.403</ele><time>2022-01-12T13:52:23Z</time></trkpt><trkpt lat="45.968320" lon="12.172554"><ele>260.323</ele><time>2022-01-12T13:52:25Z</time></trkpt><trkpt lat="45.968344" lon="12.172452"><ele>259.208</ele><time>2022-01-12T13:52:27Z</time></trkpt><trkpt lat="45.968374" lon="12.172380"><ele>258.114</ele><time>2022-01-12T13:52:28Z</time></trkpt><trkpt lat="45.968415" lon="12.172287"><ele>254.337</ele><time>2022-01-12T13:52:30Z</time></trkpt><trkpt lat="45.968440" lon="12.172228"><ele>250.151</ele><time>2022-01-12T13:52:31Z</time></trkpt><trkpt lat="45.968480" lon="12.172089"><ele>249.197</ele><time>2022-01-12T13:52:33Z</time></trkpt><trkpt lat="45.968499" lon="12.172030"><ele>248.832</ele><time>2022-01-12T13:52:34Z</time></trkpt><trkpt lat="45.968527" lon="12.171903"><ele>248.535</ele><time>2022-01-12T13:52:36Z</time></trkpt><trkpt lat="45.968549" lon="12.171761"><ele>247.654</ele><time>2022-01-12T13:52:38Z</time></trkpt><trkpt lat="45.968544" lon="12.171696"><ele>247.062</ele><time>2022-01-12T13:52:39Z</time></trkpt><trkpt lat="45.968506" lon="12.171591"><ele>246.583</ele><time>2022-01-12T13:52:41Z</time></trkpt><trkpt lat="45.968468" lon="12.171519"><ele>245.925</ele><time>2022-01-12T13:52:43Z</time></trkpt><trkpt lat="45.968441" lon="12.171435"><ele>243.817</ele><time>2022-01-12T13:52:45Z</time></trkpt><trkpt lat="45.968465" lon="12.171338"><ele>243.408</ele><time>2022-01-12T13:52:47Z</time></trkpt><trkpt lat="45.968501" lon="12.171258"><ele>242.827</ele><time>2022-01-12T13:52:49Z</time></trkpt><trkpt lat="45.968535" lon="12.171175"><ele>241.640</ele><time>2022-01-12T13:52:51Z</time></trkpt><trkpt lat="45.968562" lon="12.171103"><ele>241.444</ele><time>2022-01-12T13:52:53Z</time></trkpt><trkpt lat="45.968588" lon="12.171049"><ele>241.440</ele><time>2022-01-12T13:52:55Z</time></trkpt><trkpt lat="45.968626" lon="12.171011"><ele>241.525</ele><time>2022-01-12T13:53:08Z</time></trkpt><trkpt lat="45.968682" lon="12.170965"><ele>245.678</ele><time>2022-01-12T13:53:31Z</time></trkpt><trkpt lat="45.968727" lon="12.170966"><ele>245.677</ele><time>2022-01-12T13:53:33Z</time></trkpt><trkpt lat="45.968779" lon="12.170984"><ele>245.695</ele><time>2022-01-12T13:53:35Z</time></trkpt><trkpt lat="45.968828" lon="12.171004"><ele>245.645</ele><time>2022-01-12T13:53:37Z</time></trkpt><trkpt lat="45.968886" lon="12.170987"><ele>245.747</ele><time>2022-01-12T13:53:40Z</time></trkpt><trkpt lat="45.968936" lon="12.170985"><ele>246.511</ele><time>2022-01-12T13:53:43Z</time></trkpt><trkpt lat="45.968978" lon="12.171025"><ele>246.608</ele><time>2022-01-12T13:53:46Z</time></trkpt><trkpt lat="45.969022" lon="12.171089"><ele>246.963</ele><time>2022-01-12T13:53:49Z</time></trkpt><trkpt lat="45.969054" lon="12.171138"><ele>247.296</ele><time>2022-01-12T13:53:51Z</time></trkpt><trkpt lat="45.969079" lon="12.171199"><ele>247.250</ele><time>2022-01-12T13:53:53Z</time></trkpt><trkpt lat="45.969089" lon="12.171263"><ele>247.646</ele><time>2022-01-12T13:53:55Z</time></trkpt><trkpt lat="45.969083" lon="12.171344"><ele>249.721</ele><time>2022-01-12T13:53:58Z</time></trkpt><trkpt lat="45.969078" lon="12.171409"><ele>249.934</ele><time>2022-01-12T13:54:00Z</time></trkpt><trkpt lat="45.969057" lon="12.171488"><ele>249.953</ele><time>2022-01-12T13:54:03Z</time></trkpt><trkpt lat="45.969044" lon="12.171567"><ele>250.291</ele><time>2022-01-12T13:54:06Z</time></trkpt><trkpt lat="45.969031" lon="12.171655"><ele>250.216</ele><time>2022-01-12T13:54:09Z</time></trkpt><trkpt lat="45.969017" lon="12.171734"><ele>250.476</ele><time>2022-01-12T13:54:12Z</time></trkpt><trkpt lat="45.969007" lon="12.171809"><ele>251.313</ele><time>2022-01-12T13:54:14Z</time></trkpt><trkpt lat="45.968995" lon="12.171884"><ele>251.708</ele><time>2022-01-12T13:54:16Z</time></trkpt><trkpt lat="45.968987" lon="12.171950"><ele>252.260</ele><time>2022-01-12T13:54:18Z</time></trkpt><trkpt lat="45.968980" lon="12.172024"><ele>253.863</ele><time>2022-01-12T13:54:20Z</time></trkpt><trkpt lat="45.968965" lon="12.172111"><ele>254.867</ele><time>2022-01-12T13:54:23Z</time></trkpt><trkpt lat="45.968947" lon="12.172193"><ele>256.423</ele><time>2022-01-12T13:54:26Z</time></trkpt><trkpt lat="45.968941" lon="12.172257"><ele>257.138</ele><time>2022-01-12T13:54:29Z</time></trkpt><trkpt lat="45.968928" lon="12.172323"><ele>257.711</ele><time>2022-01-12T13:54:32Z</time></trkpt><trkpt lat="45.968910" lon="12.172400"><ele>258.090</ele><time>2022-01-12T13:54:36Z</time></trkpt><trkpt lat="45.968895" lon="12.172461"><ele>259.498</ele><time>2022-01-12T13:54:39Z</time></trkpt><trkpt lat="45.968870" lon="12.172528"><ele>261.378</ele><time>2022-01-12T13:54:43Z</time></trkpt><trkpt lat="45.968840" lon="12.172598"><ele>262.533</ele><time>2022-01-12T13:54:47Z</time></trkpt><trkpt lat="45.968814" lon="12.172670"><ele>262.626</ele><time>2022-01-12T13:54:50Z</time></trkpt><trkpt lat="45.968788" lon="12.172736"><ele>262.708</ele><time>2022-01-12T13:54:53Z</time></trkpt><trkpt lat="45.968768" lon="12.172801"><ele>262.846</ele><time>2022-01-12T13:54:56Z</time></trkpt><trkpt lat="45.968756" lon="12.172870"><ele>263.879</ele><time>2022-01-12T13:54:59Z</time></trkpt><trkpt lat="45.968743" lon="12.172939"><ele>264.223</ele><time>2022-01-12T13:55:02Z</time></trkpt><trkpt lat="45.968724" lon="12.173004"><ele>265.259</ele><time>2022-01-12T13:55:05Z</time></trkpt><trkpt lat="45.968717" lon="12.173071"><ele>267.064</ele><time>2022-01-12T13:55:08Z</time></trkpt><trkpt lat="45.968697" lon="12.173137"><ele>267.657</ele><time>2022-01-12T13:55:11Z</time></trkpt><trkpt lat="45.968677" lon="12.173209"><ele>270.086</ele><time>2022-01-12T13:55:15Z</time></trkpt><trkpt lat="45.968652" lon="12.173280"><ele>270.574</ele><time>2022-01-12T13:55:19Z</time></trkpt><trkpt lat="45.968623" lon="12.173341"><ele>270.766</ele><time>2022-01-12T13:55:23Z</time></trkpt><trkpt lat="45.968602" lon="12.173413"><ele>271.029</ele><time>2022-01-12T13:55:27Z</time></trkpt><trkpt lat="45.968586" lon="12.173484"><ele>271.921</ele><time>2022-01-12T13:55:31Z</time></trkpt><trkpt lat="45.968551" lon="12.173548"><ele>272.908</ele><time>2022-01-12T13:55:35Z</time></trkpt><trkpt lat="45.968527" lon="12.173613"><ele>275.575</ele><time>2022-01-12T13:55:38Z</time></trkpt><trkpt lat="45.968509" lon="12.173722"><ele>277.378</ele><time>2022-01-12T13:55:52Z</time></trkpt><trkpt lat="45.968477" lon="12.173806"><ele>279.022</ele><time>2022-01-12T13:56:18Z</time></trkpt><trkpt lat="45.968455" lon="12.173871"><ele>279.558</ele><time>2022-01-12T13:56:28Z</time></trkpt><trkpt lat="45.968453" lon="12.173939"><ele>279.593</ele><time>2022-01-12T13:56:34Z</time></trkpt><trkpt lat="45.968463" lon="12.174006"><ele>279.546</ele><time>2022-01-12T13:56:43Z</time></trkpt><trkpt lat="45.968469" lon="12.174081"><ele>280.375</ele><time>2022-01-12T13:56:58Z</time></trkpt><trkpt lat="45.968475" lon="12.174154"><ele>280.893</ele><time>2022-01-12T13:57:03Z</time></trkpt><trkpt lat="45.968456" lon="12.174225"><ele>282.164</ele><time>2022-01-12T13:57:10Z</time></trkpt><trkpt lat="45.968440" lon="12.174295"><ele>282.106</ele><time>2022-01-12T13:57:14Z</time></trkpt><trkpt lat="45.968409" lon="12.174352"><ele>282.216</ele><time>2022-01-12T13:57:18Z</time></trkpt><trkpt lat="45.968364" lon="12.174355"><ele>281.008</ele><time>2022-01-12T13:57:23Z</time></trkpt><trkpt lat="45.968323" lon="12.174393"><ele>280.555</ele><time>2022-01-12T13:57:27Z</time></trkpt><trkpt lat="45.968296" lon="12.174451"><ele>280.588</ele><time>2022-01-12T13:57:30Z</time></trkpt><trkpt lat="45.968276" lon="12.174513"><ele>280.552</ele><time>2022-01-12T13:57:33Z</time></trkpt><trkpt lat="45.968255" lon="12.174590"><ele>280.448</ele><time>2022-01-12T13:57:37Z</time></trkpt><trkpt lat="45.968242" lon="12.174661"><ele>281.883</ele><time>2022-01-12T13:57:41Z</time></trkpt><trkpt lat="45.968230" lon="12.174736"><ele>282.386</ele><time>2022-01-12T13:57:51Z</time></trkpt><trkpt lat="45.968205" lon="12.174798"><ele>282.215</ele><time>2022-01-12T13:58:05Z</time></trkpt><trkpt lat="45.968191" lon="12.174871"><ele>282.013</ele><time>2022-01-12T13:58:12Z</time></trkpt><trkpt lat="45.968192" lon="12.174939"><ele>281.895</ele><time>2022-01-12T13:58:15Z</time></trkpt><trkpt lat="45.968178" lon="12.175005"><ele>281.749</ele><time>2022-01-12T13:58:17Z</time></trkpt><trkpt lat="45.968159" lon="12.175085"><ele>281.523</ele><time>2022-01-12T13:58:20Z</time></trkpt><trkpt lat="45.968151" lon="12.175182"><ele>280.708</ele><time>2022-01-12T13:58:22Z</time></trkpt><trkpt lat="45.968150" lon="12.175268"><ele>278.448</ele><time>2022-01-12T13:58:24Z</time></trkpt><trkpt lat="45.968146" lon="12.175354"><ele>278.251</ele><time>2022-01-12T13:58:26Z</time></trkpt><trkpt lat="45.968144" lon="12.175429"><ele>277.645</ele><time>2022-01-12T13:58:28Z</time></trkpt><trkpt lat="45.968134" lon="12.175545"><ele>277.631</ele><time>2022-01-12T13:58:30Z</time></trkpt><trkpt lat="45.968126" lon="12.175652"><ele>277.636</ele><time>2022-01-12T13:58:32Z</time></trkpt><trkpt lat="45.968123" lon="12.175727"><ele>278.639</ele><time>2022-01-12T13:58:34Z</time></trkpt><trkpt lat="45.968125" lon="12.175815"><ele>280.028</ele><time>2022-01-12T13:58:36Z</time></trkpt><trkpt lat="45.968118" lon="12.175919"><ele>281.266</ele><time>2022-01-12T13:58:38Z</time></trkpt><trkpt lat="45.968111" lon="12.176016"><ele>282.824</ele><time>2022-01-12T13:58:40Z</time></trkpt><trkpt lat="45.968108" lon="12.176091"><ele>285.204</ele><time>2022-01-12T13:58:42Z</time></trkpt><trkpt lat="45.968087" lon="12.176187"><ele>286.014</ele><time>2022-01-12T13:58:44Z</time></trkpt><trkpt lat="45.968059" lon="12.176275"><ele>286.008</ele><time>2022-01-12T13:58:46Z</time></trkpt><trkpt lat="45.968017" lon="12.176373"><ele>285.621</ele><time>2022-01-12T13:58:48Z</time></trkpt><trkpt lat="45.967975" lon="12.176516"><ele>283.324</ele><time>2022-01-12T13:58:50Z</time></trkpt><trkpt lat="45.967959" lon="12.176601"><ele>281.228</ele><time>2022-01-12T13:58:51Z</time></trkpt><trkpt lat="45.967978" lon="12.176813"><ele>279.164</ele><time>2022-01-12T13:58:53Z</time></trkpt><trkpt lat="45.968006" lon="12.176921"><ele>277.769</ele><time>2022-01-12T13:58:54Z</time></trkpt><trkpt lat="45.968046" lon="12.177018"><ele>276.582</ele><time>2022-01-12T13:58:55Z</time></trkpt><trkpt lat="45.968102" lon="12.177190"><ele>276.061</ele><time>2022-01-12T13:58:57Z</time></trkpt><trkpt lat="45.968109" lon="12.177277"><ele>276.859</ele><time>2022-01-12T13:58:59Z</time></trkpt><trkpt lat="45.968109" lon="12.177358"><ele>277.993</ele><time>2022-01-12T13:59:02Z</time></trkpt><trkpt lat="45.968099" lon="12.177443"><ele>277.065</ele><time>2022-01-12T13:59:06Z</time></trkpt><trkpt lat="45.968096" lon="12.177517"><ele>276.621</ele><time>2022-01-12T13:59:08Z</time></trkpt><trkpt lat="45.968092" lon="12.177598"><ele>276.008</ele><time>2022-01-12T13:59:11Z</time></trkpt><trkpt lat="45.968087" lon="12.177665"><ele>276.048</ele><time>2022-01-12T13:59:13Z</time></trkpt><trkpt lat="45.968085" lon="12.177764"><ele>276.021</ele><time>2022-01-12T13:59:16Z</time></trkpt><trkpt lat="45.968076" lon="12.177843"><ele>276.965</ele><time>2022-01-12T13:59:18Z</time></trkpt><trkpt lat="45.968062" lon="12.177927"><ele>278.771</ele><time>2022-01-12T13:59:20Z</time></trkpt><trkpt lat="45.968046" lon="12.178001"><ele>279.676</ele><time>2022-01-12T13:59:22Z</time></trkpt><trkpt lat="45.968030" lon="12.178074"><ele>279.829</ele><time>2022-01-12T13:59:24Z</time></trkpt><trkpt lat="45.968008" lon="12.178135"><ele>280.268</ele><time>2022-01-12T13:59:26Z</time></trkpt><trkpt lat="45.967986" lon="12.178192"><ele>280.456</ele><time>2022-01-12T13:59:28Z</time></trkpt><trkpt lat="45.967963" lon="12.178279"><ele>281.257</ele><time>2022-01-12T13:59:31Z</time></trkpt><trkpt lat="45.967957" lon="12.178362"><ele>282.300</ele><time>2022-01-12T13:59:33Z</time></trkpt><trkpt lat="45.967957" lon="12.178438"><ele>282.620</ele><time>2022-01-12T13:59:35Z</time></trkpt><trkpt lat="45.967947" lon="12.178507"><ele>283.008</ele><time>2022-01-12T13:59:37Z</time></trkpt><trkpt lat="45.967938" lon="12.178575"><ele>284.614</ele><time>2022-01-12T13:59:39Z</time></trkpt><trkpt lat="45.967930" lon="12.178651"><ele>285.547</ele><time>2022-01-12T13:59:41Z</time></trkpt><trkpt lat="45.967916" lon="12.178727"><ele>286.391</ele><time>2022-01-12T13:59:43Z</time></trkpt><trkpt lat="45.967899" lon="12.178805"><ele>286.797</ele><time>2022-01-12T13:59:45Z</time></trkpt><trkpt lat="45.967880" lon="12.178877"><ele>286.882</ele><time>2022-01-12T13:59:47Z</time></trkpt><trkpt lat="45.967860" lon="12.178951"><ele>286.995</ele><time>2022-01-12T13:59:49Z</time></trkpt><trkpt lat="45.967836" lon="12.179032"><ele>287.224</ele><time>2022-01-12T13:59:52Z</time></trkpt><trkpt lat="45.967825" lon="12.179095"><ele>287.822</ele><time>2022-01-12T13:59:54Z</time></trkpt><trkpt lat="45.967818" lon="12.179165"><ele>287.943</ele><time>2022-01-12T13:59:56Z</time></trkpt><trkpt lat="45.967806" lon="12.179231"><ele>288.064</ele><time>2022-01-12T13:59:58Z</time></trkpt><trkpt lat="45.967792" lon="12.179295"><ele>288.010</ele><time>2022-01-12T14:00:00Z</time></trkpt><trkpt lat="45.967782" lon="12.179364"><ele>288.008</ele><time>2022-01-12T14:00:02Z</time></trkpt><trkpt lat="45.967777" lon="12.179430"><ele>287.893</ele><time>2022-01-12T14:00:04Z</time></trkpt><trkpt lat="45.967771" lon="12.179504"><ele>287.716</ele><time>2022-01-12T14:00:06Z</time></trkpt><trkpt lat="45.967760" lon="12.179583"><ele>287.710</ele><time>2022-01-12T14:00:08Z</time></trkpt><trkpt lat="45.967742" lon="12.179668"><ele>287.776</ele><time>2022-01-12T14:00:10Z</time></trkpt><trkpt lat="45.967730" lon="12.179753"><ele>288.481</ele><time>2022-01-12T14:00:12Z</time></trkpt><trkpt lat="45.967715" lon="12.179833"><ele>289.274</ele><time>2022-01-12T14:00:14Z</time></trkpt><trkpt lat="45.967705" lon="12.179912"><ele>290.013</ele><time>2022-01-12T14:00:16Z</time></trkpt><trkpt lat="45.967708" lon="12.179984"><ele>290.461</ele><time>2022-01-12T14:00:18Z</time></trkpt><trkpt lat="45.967714" lon="12.180057"><ele>290.438</ele><time>2022-01-12T14:00:20Z</time></trkpt><trkpt lat="45.967722" lon="12.180141"><ele>290.470</ele><time>2022-01-12T14:00:23Z</time></trkpt><trkpt lat="45.967725" lon="12.180221"><ele>290.317</ele><time>2022-01-12T14:00:26Z</time></trkpt><trkpt lat="45.967723" lon="12.180338"><ele>290.408</ele><time>2022-01-12T14:00:29Z</time></trkpt><trkpt lat="45.967712" lon="12.180433"><ele>290.862</ele><time>2022-01-12T14:00:31Z</time></trkpt><trkpt lat="45.967703" lon="12.180520"><ele>291.065</ele><time>2022-01-12T14:00:33Z</time></trkpt><trkpt lat="45.967695" lon="12.180587"><ele>291.959</ele><time>2022-01-12T14:00:35Z</time></trkpt><trkpt lat="45.967683" lon="12.180675"><ele>293.055</ele><time>2022-01-12T14:00:38Z</time></trkpt><trkpt lat="45.967672" lon="12.180740"><ele>293.650</ele><time>2022-01-12T14:00:40Z</time></trkpt><trkpt lat="45.967652" lon="12.180847"><ele>294.013</ele><time>2022-01-12T14:00:42Z</time></trkpt><trkpt lat="45.967630" lon="12.180943"><ele>294.372</ele><time>2022-01-12T14:00:44Z</time></trkpt><trkpt lat="45.967617" lon="12.181035"><ele>294.540</ele><time>2022-01-12T14:00:46Z</time></trkpt><trkpt lat="45.967605" lon="12.181129"><ele>294.852</ele><time>2022-01-12T14:00:48Z</time></trkpt><trkpt lat="45.967599" lon="12.181217"><ele>295.753</ele><time>2022-01-12T14:00:50Z</time></trkpt><trkpt lat="45.967596" lon="12.181300"><ele>296.808</ele><time>2022-01-12T14:00:52Z</time></trkpt><trkpt lat="45.967594" lon="12.181377"><ele>299.108</ele><time>2022-01-12T14:00:54Z</time></trkpt><trkpt lat="45.967595" lon="12.181454"><ele>300.554</ele><time>2022-01-12T14:00:56Z</time></trkpt><trkpt lat="45.967606" lon="12.181549"><ele>300.587</ele><time>2022-01-12T14:00:59Z</time></trkpt><trkpt lat="45.967602" lon="12.181618"><ele>300.441</ele><time>2022-01-12T14:01:01Z</time></trkpt><trkpt lat="45.967600" lon="12.181690"><ele>299.727</ele><time>2022-01-12T14:01:03Z</time></trkpt><trkpt lat="45.967602" lon="12.181765"><ele>297.882</ele><time>2022-01-12T14:01:05Z</time></trkpt><trkpt lat="45.967602" lon="12.181836"><ele>296.185</ele><time>2022-01-12T14:01:07Z</time></trkpt><trkpt lat="45.967602" lon="12.181910"><ele>294.774</ele><time>2022-01-12T14:01:09Z</time></trkpt><trkpt lat="45.967601" lon="12.182021"><ele>294.712</ele><time>2022-01-12T14:01:12Z</time></trkpt><trkpt lat="45.967597" lon="12.182119"><ele>294.771</ele><time>2022-01-12T14:01:14Z</time></trkpt><trkpt lat="45.967589" lon="12.182209"><ele>294.941</ele><time>2022-01-12T14:01:16Z</time></trkpt><trkpt lat="45.967585" lon="12.182276"><ele>295.115</ele><time>2022-01-12T14:01:18Z</time></trkpt><trkpt lat="45.967578" lon="12.182379"><ele>295.508</ele><time>2022-01-12T14:01:21Z</time></trkpt><trkpt lat="45.967573" lon="12.182470"><ele>296.016</ele><time>2022-01-12T14:01:23Z</time></trkpt><trkpt lat="45.967571" lon="12.182535"><ele>296.169</ele><time>2022-01-12T14:01:25Z</time></trkpt><trkpt lat="45.967565" lon="12.182613"><ele>296.983</ele><time>2022-01-12T14:01:28Z</time></trkpt><trkpt lat="45.967554" lon="12.182713"><ele>298.349</ele><time>2022-01-12T14:01:30Z</time></trkpt><trkpt lat="45.967548" lon="12.182803"><ele>300.244</ele><time>2022-01-12T14:01:32Z</time></trkpt><trkpt lat="45.967544" lon="12.182892"><ele>300.527</ele><time>2022-01-12T14:01:34Z</time></trkpt><trkpt lat="45.967540" lon="12.182980"><ele>301.156</ele><time>2022-01-12T14:01:36Z</time></trkpt><trkpt lat="45.967533" lon="12.183074"><ele>302.274</ele><time>2022-01-12T14:01:38Z</time></trkpt><trkpt lat="45.967533" lon="12.183167"><ele>302.782</ele><time>2022-01-12T14:01:40Z</time></trkpt><trkpt lat="45.967541" lon="12.183260"><ele>303.143</ele><time>2022-01-12T14:01:42Z</time></trkpt><trkpt lat="45.967552" lon="12.183348"><ele>303.317</ele><time>2022-01-12T14:01:44Z</time></trkpt><trkpt lat="45.967556" lon="12.183431"><ele>303.308</ele><time>2022-01-12T14:01:46Z</time></trkpt><trkpt lat="45.967555" lon="12.183512"><ele>303.267</ele><time>2022-01-12T14:01:48Z</time></trkpt><trkpt lat="45.967553" lon="12.183605"><ele>302.750</ele><time>2022-01-12T14:01:50Z</time></trkpt><trkpt lat="45.967553" lon="12.183700"><ele>301.864</ele><time>2022-01-12T14:01:52Z</time></trkpt><trkpt lat="45.967552" lon="12.183799"><ele>299.920</ele><time>2022-01-12T14:01:54Z</time></trkpt><trkpt lat="45.967565" lon="12.183937"><ele>299.035</ele><time>2022-01-12T14:01:56Z</time></trkpt><trkpt lat="45.967563" lon="12.184015"><ele>298.878</ele><time>2022-01-12T14:01:57Z</time></trkpt><trkpt lat="45.967568" lon="12.184141"><ele>298.677</ele><time>2022-01-12T14:01:59Z</time></trkpt><trkpt lat="45.967568" lon="12.184241"><ele>299.135</ele><time>2022-01-12T14:02:01Z</time></trkpt><trkpt lat="45.967580" lon="12.184370"><ele>298.949</ele><time>2022-01-12T14:02:03Z</time></trkpt><trkpt lat="45.967583" lon="12.184436"><ele>297.402</ele><time>2022-01-12T14:02:04Z</time></trkpt><trkpt lat="45.967590" lon="12.184570"><ele>296.522</ele><time>2022-01-12T14:02:06Z</time></trkpt><trkpt lat="45.967603" lon="12.184694"><ele>296.008</ele><time>2022-01-12T14:02:08Z</time></trkpt><trkpt lat="45.967609" lon="12.184814"><ele>295.843</ele><time>2022-01-12T14:02:10Z</time></trkpt><trkpt lat="45.967602" lon="12.184884"><ele>295.256</ele><time>2022-01-12T14:02:12Z</time></trkpt><trkpt lat="45.967589" lon="12.184967"><ele>295.240</ele><time>2022-01-12T14:02:14Z</time></trkpt><trkpt lat="45.967575" lon="12.185049"><ele>294.926</ele><time>2022-01-12T14:02:16Z</time></trkpt><trkpt lat="45.967560" lon="12.185115"><ele>294.941</ele><time>2022-01-12T14:02:17Z</time></trkpt><trkpt lat="45.967548" lon="12.185186"><ele>294.994</ele><time>2022-01-12T14:02:18Z</time></trkpt><trkpt lat="45.967524" lon="12.185308"><ele>295.363</ele><time>2022-01-12T14:02:20Z</time></trkpt><trkpt lat="45.967513" lon="12.185371"><ele>295.461</ele><time>2022-01-12T14:02:21Z</time></trkpt><trkpt lat="45.967487" lon="12.185478"><ele>295.633</ele><time>2022-01-12T14:02:23Z</time></trkpt><trkpt lat="45.967479" lon="12.185573"><ele>295.523</ele><time>2022-01-12T14:02:25Z</time></trkpt><trkpt lat="45.967476" lon="12.185701"><ele>294.015</ele><time>2022-01-12T14:02:27Z</time></trkpt><trkpt lat="45.967472" lon="12.185812"><ele>293.608</ele><time>2022-01-12T14:02:29Z</time></trkpt><trkpt lat="45.967478" lon="12.185905"><ele>293.882</ele><time>2022-01-12T14:02:31Z</time></trkpt><trkpt lat="45.967474" lon="12.185971"><ele>294.065</ele><time>2022-01-12T14:02:33Z</time></trkpt><trkpt lat="45.967482" lon="12.186040"><ele>294.099</ele><time>2022-01-12T14:02:35Z</time></trkpt><trkpt lat="45.967498" lon="12.186117"><ele>293.995</ele><time>2022-01-12T14:02:37Z</time></trkpt><trkpt lat="45.967506" lon="12.186213"><ele>293.960</ele><time>2022-01-12T14:02:39Z</time></trkpt><trkpt lat="45.967516" lon="12.186297"><ele>293.623</ele><time>2022-01-12T14:02:41Z</time></trkpt><trkpt lat="45.967529" lon="12.186385"><ele>293.422</ele><time>2022-01-12T14:02:43Z</time></trkpt><trkpt lat="45.967549" lon="12.186466"><ele>293.050</ele><time>2022-01-12T14:02:45Z</time></trkpt><trkpt lat="45.967581" lon="12.186525"><ele>289.048</ele><time>2022-01-12T14:03:04Z</time></trkpt><trkpt lat="45.967584" lon="12.186601"><ele>290.861</ele><time>2022-01-12T14:03:33Z</time></trkpt><trkpt lat="45.967595" lon="12.186681"><ele>291.017</ele><time>2022-01-12T14:03:39Z</time></trkpt><trkpt lat="45.967620" lon="12.186763"><ele>291.208</ele><time>2022-01-12T14:03:41Z</time></trkpt><trkpt lat="45.967662" lon="12.186865"><ele>291.433</ele><time>2022-01-12T14:03:43Z</time></trkpt><trkpt lat="45.967717" lon="12.187087"><ele>291.686</ele><time>2022-01-12T14:03:44Z</time></trkpt><trkpt lat="45.967757" lon="12.187231"><ele>304.080</ele><time>2022-01-12T14:03:46Z</time></trkpt><trkpt lat="45.967791" lon="12.187393"><ele>303.286</ele><time>2022-01-12T14:03:48Z</time></trkpt><trkpt lat="45.967810" lon="12.187472"><ele>302.661</ele><time>2022-01-12T14:03:49Z</time></trkpt><trkpt lat="45.967832" lon="12.187573"><ele>302.174</ele><time>2022-01-12T14:03:50Z</time></trkpt><trkpt lat="45.967850" lon="12.187670"><ele>301.593</ele><time>2022-01-12T14:03:51Z</time></trkpt><trkpt lat="45.967901" lon="12.187860"><ele>299.371</ele><time>2022-01-12T14:03:53Z</time></trkpt><trkpt lat="45.967920" lon="12.187954"><ele>298.313</ele><time>2022-01-12T14:03:54Z</time></trkpt><trkpt lat="45.967941" lon="12.188052"><ele>297.743</ele><time>2022-01-12T14:03:55Z</time></trkpt><trkpt lat="45.967961" lon="12.188249"><ele>296.707</ele><time>2022-01-12T14:03:57Z</time></trkpt><trkpt lat="45.967970" lon="12.188419"><ele>295.908</ele><time>2022-01-12T14:03:59Z</time></trkpt><trkpt lat="45.967985" lon="12.188598"><ele>294.930</ele><time>2022-01-12T14:04:01Z</time></trkpt><trkpt lat="45.967991" lon="12.188789"><ele>294.843</ele><time>2022-01-12T14:04:03Z</time></trkpt><trkpt lat="45.967986" lon="12.188866"><ele>294.437</ele><time>2022-01-12T14:04:05Z</time></trkpt><trkpt lat="45.968022" lon="12.188940"><ele>293.593</ele><time>2022-01-12T14:04:08Z</time></trkpt><trkpt lat="45.968075" lon="12.188918"><ele>292.398</ele><time>2022-01-12T14:04:11Z</time></trkpt><trkpt lat="45.968113" lon="12.188864"><ele>291.911</ele><time>2022-01-12T14:04:14Z</time></trkpt><trkpt lat="45.968145" lon="12.188789"><ele>291.730</ele><time>2022-01-12T14:04:16Z</time></trkpt><trkpt lat="45.968159" lon="12.188716"><ele>288.688</ele><time>2022-01-12T14:04:18Z</time></trkpt><trkpt lat="45.968182" lon="12.188649"><ele>285.591</ele><time>2022-01-12T14:04:20Z</time></trkpt><trkpt lat="45.968185" lon="12.188576"><ele>282.981</ele><time>2022-01-12T14:04:22Z</time></trkpt><trkpt lat="45.968202" lon="12.188468"><ele>282.919</ele><time>2022-01-12T14:04:24Z</time></trkpt><trkpt lat="45.968238" lon="12.188416"><ele>282.608</ele><time>2022-01-12T14:04:26Z</time></trkpt><trkpt lat="45.968290" lon="12.188428"><ele>284.478</ele><time>2022-01-12T14:04:28Z</time></trkpt><trkpt lat="45.968342" lon="12.188467"><ele>284.771</ele><time>2022-01-12T14:04:30Z</time></trkpt><trkpt lat="45.968377" lon="12.188518"><ele>284.775</ele><time>2022-01-12T14:04:32Z</time></trkpt><trkpt lat="45.968392" lon="12.188626"><ele>284.771</ele><time>2022-01-12T14:04:34Z</time></trkpt><trkpt lat="45.968385" lon="12.188711"><ele>283.836</ele><time>2022-01-12T14:04:36Z</time></trkpt><trkpt lat="45.968402" lon="12.188778"><ele>280.689</ele><time>2022-01-12T14:04:38Z</time></trkpt><trkpt lat="45.968448" lon="12.188805"><ele>279.328</ele><time>2022-01-12T14:04:40Z</time></trkpt><trkpt lat="45.968484" lon="12.188753"><ele>278.546</ele><time>2022-01-12T14:04:43Z</time></trkpt><trkpt lat="45.968523" lon="12.188690"><ele>278.149</ele><time>2022-01-12T14:04:46Z</time></trkpt><trkpt lat="45.968557" lon="12.188635"><ele>276.902</ele><time>2022-01-12T14:04:48Z</time></trkpt><trkpt lat="45.968568" lon="12.188508"><ele>276.322</ele><time>2022-01-12T14:04:50Z</time></trkpt><trkpt lat="45.968572" lon="12.188406"><ele>275.908</ele><time>2022-01-12T14:04:52Z</time></trkpt><trkpt lat="45.968584" lon="12.188330"><ele>273.423</ele><time>2022-01-12T14:04:54Z</time></trkpt><trkpt lat="45.968615" lon="12.188157"><ele>271.016</ele><time>2022-01-12T14:05:05Z</time></trkpt><trkpt lat="45.968635" lon="12.188074"><ele>270.880</ele><time>2022-01-12T14:05:09Z</time></trkpt><trkpt lat="45.968658" lon="12.187993"><ele>270.686</ele><time>2022-01-12T14:05:12Z</time></trkpt><trkpt lat="45.968670" lon="12.187928"><ele>270.441</ele><time>2022-01-12T14:05:15Z</time></trkpt><trkpt lat="45.968716" lon="12.187903"><ele>269.774</ele><time>2022-01-12T14:05:20Z</time></trkpt><trkpt lat="45.968743" lon="12.187985"><ele>266.433</ele><time>2022-01-12T14:05:24Z</time></trkpt><trkpt lat="45.968749" lon="12.188074"><ele>265.891</ele><time>2022-01-12T14:05:26Z</time></trkpt><trkpt lat="45.968766" lon="12.188193"><ele>265.348</ele><time>2022-01-12T14:05:28Z</time></trkpt><trkpt lat="45.968783" lon="12.188279"><ele>264.761</ele><time>2022-01-12T14:05:29Z</time></trkpt><trkpt lat="45.968800" lon="12.188346"><ele>264.017</ele><time>2022-01-12T14:05:30Z</time></trkpt><trkpt lat="45.968854" lon="12.188529"><ele>262.308</ele><time>2022-01-12T14:05:32Z</time></trkpt><trkpt lat="45.968882" lon="12.188597"><ele>262.113</ele><time>2022-01-12T14:05:33Z</time></trkpt><trkpt lat="45.968947" lon="12.188720"><ele>261.436</ele><time>2022-01-12T14:05:35Z</time></trkpt><trkpt lat="45.968976" lon="12.188784"><ele>261.380</ele><time>2022-01-12T14:05:36Z</time></trkpt><trkpt lat="45.969005" lon="12.188895"><ele>260.946</ele><time>2022-01-12T14:05:38Z</time></trkpt><trkpt lat="45.969011" lon="12.188970"><ele>260.211</ele><time>2022-01-12T14:05:42Z</time></trkpt><trkpt lat="45.969027" lon="12.188906"><ele>259.564</ele><time>2022-01-12T14:05:51Z</time></trkpt><trkpt lat="45.969009" lon="12.188841"><ele>258.973</ele><time>2022-01-12T14:05:53Z</time></trkpt><trkpt lat="45.969017" lon="12.188674"><ele>256.591</ele><time>2022-01-12T14:05:55Z</time></trkpt><trkpt lat="45.969017" lon="12.188574"><ele>249.845</ele><time>2022-01-12T14:05:57Z</time></trkpt><trkpt lat="45.969023" lon="12.188481"><ele>248.647</ele><time>2022-01-12T14:06:00Z</time></trkpt><trkpt lat="45.969076" lon="12.188418"><ele>248.511</ele><time>2022-01-12T14:06:03Z</time></trkpt><trkpt lat="45.969107" lon="12.188479"><ele>248.608</ele><time>2022-01-12T14:06:07Z</time></trkpt><trkpt lat="45.969145" lon="12.188541"><ele>248.123</ele><time>2022-01-12T14:06:10Z</time></trkpt><trkpt lat="45.969200" lon="12.188589"><ele>247.186</ele><time>2022-01-12T14:06:13Z</time></trkpt><trkpt lat="45.969239" lon="12.188633"><ele>245.370</ele><time>2022-01-12T14:06:15Z</time></trkpt><trkpt lat="45.969287" lon="12.188656"><ele>243.016</ele><time>2022-01-12T14:06:17Z</time></trkpt><trkpt lat="45.969397" lon="12.188728"><ele>240.911</ele><time>2022-01-12T14:06:28Z</time></trkpt><trkpt lat="45.969446" lon="12.188749"><ele>245.264</ele><time>2022-01-12T14:07:27Z</time></trkpt><trkpt lat="45.969470" lon="12.188824"><ele>245.183</ele><time>2022-01-12T14:07:31Z</time></trkpt><trkpt lat="45.969477" lon="12.188910"><ele>245.671</ele><time>2022-01-12T14:07:34Z</time></trkpt><trkpt lat="45.969531" lon="12.189021"><ele>246.285</ele><time>2022-01-12T14:07:36Z</time></trkpt><trkpt lat="45.969586" lon="12.189108"><ele>239.389</ele><time>2022-01-12T14:07:38Z</time></trkpt><trkpt lat="45.969638" lon="12.189194"><ele>238.417</ele><time>2022-01-12T14:07:40Z</time></trkpt><trkpt lat="45.969663" lon="12.189249"><ele>238.508</ele><time>2022-01-12T14:07:41Z</time></trkpt><trkpt lat="45.969687" lon="12.189310"><ele>238.227</ele><time>2022-01-12T14:07:42Z</time></trkpt><trkpt lat="45.969689" lon="12.189423"><ele>236.920</ele><time>2022-01-12T14:07:44Z</time></trkpt><trkpt lat="45.969667" lon="12.189489"><ele>235.994</ele><time>2022-01-12T14:07:46Z</time></trkpt><trkpt lat="45.969632" lon="12.189584"><ele>235.810</ele><time>2022-01-12T14:07:49Z</time></trkpt><trkpt lat="45.969616" lon="12.189677"><ele>235.885</ele><time>2022-01-12T14:07:51Z</time></trkpt><trkpt lat="45.969609" lon="12.189767"><ele>235.848</ele><time>2022-01-12T14:07:53Z</time></trkpt><trkpt lat="45.969586" lon="12.189856"><ele>235.887</ele><time>2022-01-12T14:07:56Z</time></trkpt><trkpt lat="45.969568" lon="12.189932"><ele>235.595</ele><time>2022-01-12T14:07:58Z</time></trkpt><trkpt lat="45.969557" lon="12.190031"><ele>234.478</ele><time>2022-01-12T14:08:00Z</time></trkpt><trkpt lat="45.969545" lon="12.190145"><ele>234.433</ele><time>2022-01-12T14:08:02Z</time></trkpt><trkpt lat="45.969525" lon="12.190272"><ele>234.626</ele><time>2022-01-12T14:08:04Z</time></trkpt><trkpt lat="45.969514" lon="12.190350"><ele>234.908</ele><time>2022-01-12T14:08:05Z</time></trkpt><trkpt lat="45.969503" lon="12.190499"><ele>235.816</ele><time>2022-01-12T14:08:07Z</time></trkpt><trkpt lat="45.969486" lon="12.190650"><ele>237.759</ele><time>2022-01-12T14:08:09Z</time></trkpt><trkpt lat="45.969475" lon="12.190744"><ele>238.393</ele><time>2022-01-12T14:08:11Z</time></trkpt><trkpt lat="45.969463" lon="12.190827"><ele>238.419</ele><time>2022-01-12T14:08:13Z</time></trkpt><trkpt lat="45.969450" lon="12.190911"><ele>239.214</ele><time>2022-01-12T14:08:15Z</time></trkpt><trkpt lat="45.969436" lon="12.190997"><ele>241.577</ele><time>2022-01-12T14:08:17Z</time></trkpt><trkpt lat="45.969425" lon="12.191071"><ele>241.516</ele><time>2022-01-12T14:08:19Z</time></trkpt><trkpt lat="45.969422" lon="12.191148"><ele>241.564</ele><time>2022-01-12T14:08:21Z</time></trkpt><trkpt lat="45.969416" lon="12.191214"><ele>240.944</ele><time>2022-01-12T14:08:23Z</time></trkpt><trkpt lat="45.969430" lon="12.191284"><ele>239.905</ele><time>2022-01-12T14:08:25Z</time></trkpt><trkpt lat="45.969438" lon="12.191381"><ele>239.315</ele><time>2022-01-12T14:08:27Z</time></trkpt><trkpt lat="45.969442" lon="12.191479"><ele>238.808</ele><time>2022-01-12T14:08:29Z</time></trkpt><trkpt lat="45.969441" lon="12.191581"><ele>238.083</ele><time>2022-01-12T14:08:31Z</time></trkpt><trkpt lat="45.969445" lon="12.191694"><ele>237.296</ele><time>2022-01-12T14:08:33Z</time></trkpt><trkpt lat="45.969445" lon="12.191817"><ele>235.230</ele><time>2022-01-12T14:08:35Z</time></trkpt><trkpt lat="45.969437" lon="12.191941"><ele>233.376</ele><time>2022-01-12T14:08:37Z</time></trkpt><trkpt lat="45.969426" lon="12.192057"><ele>231.521</ele><time>2022-01-12T14:08:39Z</time></trkpt><trkpt lat="45.969426" lon="12.192183"><ele>230.654</ele><time>2022-01-12T14:08:41Z</time></trkpt><trkpt lat="45.969433" lon="12.192328"><ele>230.653</ele><time>2022-01-12T14:08:43Z</time></trkpt><trkpt lat="45.969444" lon="12.192462"><ele>232.411</ele><time>2022-01-12T14:08:45Z</time></trkpt><trkpt lat="45.969462" lon="12.192595"><ele>233.744</ele><time>2022-01-12T14:08:47Z</time></trkpt><trkpt lat="45.969470" lon="12.192663"><ele>233.905</ele><time>2022-01-12T14:08:48Z</time></trkpt><trkpt lat="45.969490" lon="12.192775"><ele>234.215</ele><time>2022-01-12T14:08:50Z</time></trkpt><trkpt lat="45.969538" lon="12.192900"><ele>234.108</ele><time>2022-01-12T14:08:52Z</time></trkpt><trkpt lat="45.969560" lon="12.192971"><ele>234.293</ele><time>2022-01-12T14:08:53Z</time></trkpt><trkpt lat="45.969602" lon="12.193108"><ele>234.576</ele><time>2022-01-12T14:08:55Z</time></trkpt><trkpt lat="45.969645" lon="12.193236"><ele>235.180</ele><time>2022-01-12T14:08:57Z</time></trkpt><trkpt lat="45.969686" lon="12.193344"><ele>237.366</ele><time>2022-01-12T14:08:59Z</time></trkpt><trkpt lat="45.969726" lon="12.193452"><ele>239.451</ele><time>2022-01-12T14:09:01Z</time></trkpt><trkpt lat="45.969761" lon="12.193538"><ele>241.554</ele><time>2022-01-12T14:09:03Z</time></trkpt><trkpt lat="45.969792" lon="12.193639"><ele>242.043</ele><time>2022-01-12T14:09:05Z</time></trkpt><trkpt lat="45.969829" lon="12.193738"><ele>243.191</ele><time>2022-01-12T14:09:07Z</time></trkpt><trkpt lat="45.969852" lon="12.193823"><ele>243.123</ele><time>2022-01-12T14:09:09Z</time></trkpt><trkpt lat="45.969872" lon="12.193924"><ele>243.283</ele><time>2022-01-12T14:09:11Z</time></trkpt><trkpt lat="45.969896" lon="12.194019"><ele>243.411</ele><time>2022-01-12T14:09:13Z</time></trkpt><trkpt lat="45.969923" lon="12.194120"><ele>246.208</ele><time>2022-01-12T14:09:15Z</time></trkpt><trkpt lat="45.969960" lon="12.194214"><ele>247.851</ele><time>2022-01-12T14:09:17Z</time></trkpt><trkpt lat="45.969984" lon="12.194296"><ele>248.664</ele><time>2022-01-12T14:09:19Z</time></trkpt><trkpt lat="45.970015" lon="12.194376"><ele>249.128</ele><time>2022-01-12T14:09:21Z</time></trkpt><trkpt lat="45.970051" lon="12.194459"><ele>249.684</ele><time>2022-01-12T14:09:23Z</time></trkpt><trkpt lat="45.970089" lon="12.194545"><ele>249.749</ele><time>2022-01-12T14:09:25Z</time></trkpt><trkpt lat="45.970122" lon="12.194617"><ele>250.432</ele><time>2022-01-12T14:09:27Z</time></trkpt><trkpt lat="45.970146" lon="12.194679"><ele>250.811</ele><time>2022-01-12T14:09:29Z</time></trkpt><trkpt lat="45.970171" lon="12.194739"><ele>251.469</ele><time>2022-01-12T14:09:31Z</time></trkpt><trkpt lat="45.970200" lon="12.194824"><ele>251.797</ele><time>2022-01-12T14:09:33Z</time></trkpt><trkpt lat="45.970225" lon="12.194906"><ele>252.423</ele><time>2022-01-12T14:09:35Z</time></trkpt><trkpt lat="45.970240" lon="12.194975"><ele>253.625</ele><time>2022-01-12T14:09:37Z</time></trkpt><trkpt lat="45.970255" lon="12.195052"><ele>253.808</ele><time>2022-01-12T14:09:39Z</time></trkpt><trkpt lat="45.970271" lon="12.195128"><ele>254.078</ele><time>2022-01-12T14:09:41Z</time></trkpt><trkpt lat="45.970280" lon="12.195209"><ele>254.691</ele><time>2022-01-12T14:09:43Z</time></trkpt><trkpt lat="45.970283" lon="12.195291"><ele>254.915</ele><time>2022-01-12T14:09:45Z</time></trkpt><trkpt lat="45.970287" lon="12.195377"><ele>255.051</ele><time>2022-01-12T14:09:47Z</time></trkpt><trkpt lat="45.970290" lon="12.195472"><ele>255.096</ele><time>2022-01-12T14:09:49Z</time></trkpt><trkpt lat="45.970289" lon="12.195570"><ele>255.029</ele><time>2022-01-12T14:09:51Z</time></trkpt><trkpt lat="45.970288" lon="12.195672"><ele>254.888</ele><time>2022-01-12T14:09:53Z</time></trkpt><trkpt lat="45.970279" lon="12.195767"><ele>254.236</ele><time>2022-01-12T14:09:55Z</time></trkpt><trkpt lat="45.970252" lon="12.195873"><ele>252.995</ele><time>2022-01-12T14:09:57Z</time></trkpt><trkpt lat="45.970221" lon="12.195955"><ele>252.749</ele><time>2022-01-12T14:09:59Z</time></trkpt><trkpt lat="45.970187" lon="12.196033"><ele>252.723</ele><time>2022-01-12T14:10:01Z</time></trkpt><trkpt lat="45.970159" lon="12.196102"><ele>252.808</ele><time>2022-01-12T14:10:03Z</time></trkpt><trkpt lat="45.970122" lon="12.196168"><ele>253.088</ele><time>2022-01-12T14:10:06Z</time></trkpt><trkpt lat="45.970093" lon="12.196230"><ele>253.211</ele><time>2022-01-12T14:10:08Z</time></trkpt><trkpt lat="45.970063" lon="12.196298"><ele>253.645</ele><time>2022-01-12T14:10:10Z</time></trkpt><trkpt lat="45.970036" lon="12.196375"><ele>253.971</ele><time>2022-01-12T14:10:12Z</time></trkpt><trkpt lat="45.970015" lon="12.196467"><ele>254.726</ele><time>2022-01-12T14:10:14Z</time></trkpt><trkpt lat="45.970014" lon="12.196567"><ele>255.129</ele><time>2022-01-12T14:10:16Z</time></trkpt><trkpt lat="45.970025" lon="12.196662"><ele>255.418</ele><time>2022-01-12T14:10:18Z</time></trkpt><trkpt lat="45.970045" lon="12.196745"><ele>256.236</ele><time>2022-01-12T14:10:20Z</time></trkpt><trkpt lat="45.970080" lon="12.196823"><ele>256.878</ele><time>2022-01-12T14:10:22Z</time></trkpt><trkpt lat="45.970107" lon="12.196892"><ele>259.533</ele><time>2022-01-12T14:10:24Z</time></trkpt><trkpt lat="45.970128" lon="12.196962"><ele>261.926</ele><time>2022-01-12T14:10:26Z</time></trkpt><trkpt lat="45.970153" lon="12.197029"><ele>262.708</ele><time>2022-01-12T14:10:28Z</time></trkpt><trkpt lat="45.970179" lon="12.197100"><ele>263.126</ele><time>2022-01-12T14:10:30Z</time></trkpt><trkpt lat="45.970201" lon="12.197175"><ele>263.369</ele><time>2022-01-12T14:10:32Z</time></trkpt><trkpt lat="45.970218" lon="12.197258"><ele>263.753</ele><time>2022-01-12T14:10:34Z</time></trkpt><trkpt lat="45.970237" lon="12.197336"><ele>263.789</ele><time>2022-01-12T14:10:36Z</time></trkpt><trkpt lat="45.970257" lon="12.197409"><ele>263.794</ele><time>2022-01-12T14:10:38Z</time></trkpt><trkpt lat="45.970280" lon="12.197483"><ele>263.467</ele><time>2022-01-12T14:10:40Z</time></trkpt><trkpt lat="45.970309" lon="12.197556"><ele>262.916</ele><time>2022-01-12T14:10:42Z</time></trkpt><trkpt lat="45.970340" lon="12.197621"><ele>262.894</ele><time>2022-01-12T14:10:44Z</time></trkpt><trkpt lat="45.970367" lon="12.197690"><ele>262.856</ele><time>2022-01-12T14:10:46Z</time></trkpt><trkpt lat="45.970411" lon="12.197756"><ele>262.859</ele><time>2022-01-12T14:10:48Z</time></trkpt><trkpt lat="45.970471" lon="12.197824"><ele>263.514</ele><time>2022-01-12T14:10:50Z</time></trkpt><trkpt lat="45.970561" lon="12.197893"><ele>263.608</ele><time>2022-01-12T14:10:52Z</time></trkpt><trkpt lat="45.970705" lon="12.197971"><ele>263.074</ele><time>2022-01-12T14:10:54Z</time></trkpt><trkpt lat="45.970842" lon="12.198087"><ele>260.157</ele><time>2022-01-12T14:10:56Z</time></trkpt><trkpt lat="45.970891" lon="12.198150"><ele>259.861</ele><time>2022-01-12T14:10:57Z</time></trkpt><trkpt lat="45.970954" lon="12.198335"><ele>258.387</ele><time>2022-01-12T14:10:59Z</time></trkpt><trkpt lat="45.971030" lon="12.198485"><ele>258.222</ele><time>2022-01-12T14:11:01Z</time></trkpt><trkpt lat="45.971108" lon="12.198603"><ele>258.435</ele><time>2022-01-12T14:11:03Z</time></trkpt><trkpt lat="45.971191" lon="12.198688"><ele>258.614</ele><time>2022-01-12T14:11:05Z</time></trkpt><trkpt lat="45.971272" lon="12.198715"><ele>258.692</ele><time>2022-01-12T14:11:07Z</time></trkpt><trkpt lat="45.971314" lon="12.198753"><ele>257.435</ele><time>2022-01-12T14:11:08Z</time></trkpt><trkpt lat="45.971355" lon="12.198790"><ele>256.286</ele><time>2022-01-12T14:11:09Z</time></trkpt><trkpt lat="45.971428" lon="12.198915"><ele>255.414</ele><time>2022-01-12T14:11:11Z</time></trkpt><trkpt lat="45.971470" lon="12.198986"><ele>255.308</ele><time>2022-01-12T14:11:12Z</time></trkpt><trkpt lat="45.971568" lon="12.199154"><ele>254.442</ele><time>2022-01-12T14:11:14Z</time></trkpt><trkpt lat="45.971620" lon="12.199239"><ele>253.385</ele><time>2022-01-12T14:11:15Z</time></trkpt><trkpt lat="45.971708" lon="12.199403"><ele>252.569</ele><time>2022-01-12T14:11:17Z</time></trkpt><trkpt lat="45.971734" lon="12.199475"><ele>252.125</ele><time>2022-01-12T14:11:18Z</time></trkpt><trkpt lat="45.971801" lon="12.199615"><ele>250.670</ele><time>2022-01-12T14:11:20Z</time></trkpt><trkpt lat="45.971848" lon="12.199704"><ele>250.153</ele><time>2022-01-12T14:11:21Z</time></trkpt><trkpt lat="45.971921" lon="12.199882"><ele>248.582</ele><time>2022-01-12T14:11:23Z</time></trkpt><trkpt lat="45.971985" lon="12.200034"><ele>247.770</ele><time>2022-01-12T14:11:25Z</time></trkpt><trkpt lat="45.972060" lon="12.200189"><ele>247.592</ele><time>2022-01-12T14:11:27Z</time></trkpt><trkpt lat="45.972111" lon="12.200330"><ele>246.673</ele><time>2022-01-12T14:11:29Z</time></trkpt><trkpt lat="45.972122" lon="12.200401"><ele>245.520</ele><time>2022-01-12T14:11:30Z</time></trkpt><trkpt lat="45.972137" lon="12.200479"><ele>245.108</ele><time>2022-01-12T14:11:31Z</time></trkpt><trkpt lat="45.972188" lon="12.200656"><ele>244.288</ele><time>2022-01-12T14:11:33Z</time></trkpt><trkpt lat="45.972209" lon="12.200721"><ele>244.211</ele><time>2022-01-12T14:11:34Z</time></trkpt><trkpt lat="45.972251" lon="12.200815"><ele>244.565</ele><time>2022-01-12T14:11:37Z</time></trkpt><trkpt lat="45.972285" lon="12.200873"><ele>243.791</ele><time>2022-01-12T14:11:39Z</time></trkpt><trkpt lat="45.972306" lon="12.200950"><ele>242.346</ele><time>2022-01-12T14:11:42Z</time></trkpt><trkpt lat="45.972324" lon="12.201023"><ele>242.149</ele><time>2022-01-12T14:11:44Z</time></trkpt><trkpt lat="45.972335" lon="12.201115"><ele>240.678</ele><time>2022-01-12T14:11:46Z</time></trkpt><trkpt lat="45.972330" lon="12.201189"><ele>239.946</ele><time>2022-01-12T14:11:48Z</time></trkpt><trkpt lat="45.972301" lon="12.201252"><ele>238.693</ele><time>2022-01-12T14:11:51Z</time></trkpt><trkpt lat="45.972310" lon="12.201352"><ele>236.765</ele><time>2022-01-12T14:11:54Z</time></trkpt><trkpt lat="45.972323" lon="12.201436"><ele>234.721</ele><time>2022-01-12T14:11:56Z</time></trkpt><trkpt lat="45.972326" lon="12.201511"><ele>233.608</ele><time>2022-01-12T14:11:59Z</time></trkpt><trkpt lat="45.972343" lon="12.201585"><ele>233.258</ele><time>2022-01-12T14:12:02Z</time></trkpt><trkpt lat="45.972370" lon="12.201641"><ele>232.841</ele><time>2022-01-12T14:12:04Z</time></trkpt><trkpt lat="45.972387" lon="12.201715"><ele>232.235</ele><time>2022-01-12T14:12:07Z</time></trkpt><trkpt lat="45.972403" lon="12.201814"><ele>232.011</ele><time>2022-01-12T14:12:09Z</time></trkpt><trkpt lat="45.972444" lon="12.201921"><ele>231.036</ele><time>2022-01-12T14:12:11Z</time></trkpt><trkpt lat="45.972467" lon="12.201982"><ele>230.899</ele><time>2022-01-12T14:12:12Z</time></trkpt><trkpt lat="45.972486" lon="12.202085"><ele>230.798</ele><time>2022-01-12T14:12:14Z</time></trkpt><trkpt lat="45.972492" lon="12.202174"><ele>230.896</ele><time>2022-01-12T14:12:16Z</time></trkpt><trkpt lat="45.972515" lon="12.202270"><ele>229.882</ele><time>2022-01-12T14:12:18Z</time></trkpt><trkpt lat="45.972536" lon="12.202338"><ele>228.943</ele><time>2022-01-12T14:12:19Z</time></trkpt><trkpt lat="45.972565" lon="12.202449"><ele>228.517</ele><time>2022-01-12T14:12:21Z</time></trkpt><trkpt lat="45.972577" lon="12.202552"><ele>228.308</ele><time>2022-01-12T14:12:23Z</time></trkpt><trkpt lat="45.972605" lon="12.202683"><ele>227.117</ele><time>2022-01-12T14:12:25Z</time></trkpt><trkpt lat="45.972650" lon="12.202822"><ele>227.150</ele><time>2022-01-12T14:12:27Z</time></trkpt><trkpt lat="45.972669" lon="12.202894"><ele>227.364</ele><time>2022-01-12T14:12:28Z</time></trkpt><trkpt lat="45.972713" lon="12.203032"><ele>229.070</ele><time>2022-01-12T14:12:30Z</time></trkpt><trkpt lat="45.972734" lon="12.203092"><ele>230.125</ele><time>2022-01-12T14:12:31Z</time></trkpt><trkpt lat="45.972764" lon="12.203194"><ele>230.748</ele><time>2022-01-12T14:12:33Z</time></trkpt><trkpt lat="45.972814" lon="12.203314"><ele>231.247</ele><time>2022-01-12T14:12:34Z</time></trkpt><trkpt lat="45.972851" lon="12.203424"><ele>232.625</ele><time>2022-01-12T14:12:36Z</time></trkpt><trkpt lat="45.972891" lon="12.203556"><ele>232.616</ele><time>2022-01-12T14:12:38Z</time></trkpt><trkpt lat="45.972904" lon="12.203630"><ele>232.076</ele><time>2022-01-12T14:12:39Z</time></trkpt><trkpt lat="45.972931" lon="12.203758"><ele>232.013</ele><time>2022-01-12T14:12:41Z</time></trkpt><trkpt lat="45.972948" lon="12.203823"><ele>232.008</ele><time>2022-01-12T14:12:42Z</time></trkpt><trkpt lat="45.972963" lon="12.203885"><ele>232.110</ele><time>2022-01-12T14:12:43Z</time></trkpt><trkpt lat="45.972981" lon="12.203987"><ele>234.653</ele><time>2022-01-12T14:12:45Z</time></trkpt><trkpt lat="45.973008" lon="12.204049"><ele>235.247</ele><time>2022-01-12T14:12:47Z</time></trkpt><trkpt lat="45.973026" lon="12.204120"><ele>236.123</ele><time>2022-01-12T14:12:50Z</time></trkpt><trkpt lat="45.973041" lon="12.204190"><ele>236.358</ele><time>2022-01-12T14:12:52Z</time></trkpt><trkpt lat="45.973058" lon="12.204255"><ele>236.331</ele><time>2022-01-12T14:12:54Z</time></trkpt><trkpt lat="45.973070" lon="12.204342"><ele>236.220</ele><time>2022-01-12T14:12:57Z</time></trkpt><trkpt lat="45.973097" lon="12.204437"><ele>235.688</ele><time>2022-01-12T14:12:59Z</time></trkpt><trkpt lat="45.973123" lon="12.204510"><ele>234.617</ele><time>2022-01-12T14:13:02Z</time></trkpt><trkpt lat="45.973170" lon="12.204591"><ele>233.587</ele><time>2022-01-12T14:13:05Z</time></trkpt><trkpt lat="45.973213" lon="12.204688"><ele>233.015</ele><time>2022-01-12T14:13:07Z</time></trkpt><trkpt lat="45.973241" lon="12.204743"><ele>232.508</ele><time>2022-01-12T14:13:08Z</time></trkpt><trkpt lat="45.973307" lon="12.204844"><ele>231.960</ele><time>2022-01-12T14:13:10Z</time></trkpt><trkpt lat="45.973377" lon="12.204972"><ele>232.413</ele><time>2022-01-12T14:13:12Z</time></trkpt><trkpt lat="45.973399" lon="12.205048"><ele>231.427</ele><time>2022-01-12T14:13:13Z</time></trkpt><trkpt lat="45.973443" lon="12.205210"><ele>230.163</ele><time>2022-01-12T14:13:15Z</time></trkpt><trkpt lat="45.973468" lon="12.205303"><ele>230.198</ele><time>2022-01-12T14:13:16Z</time></trkpt><trkpt lat="45.973531" lon="12.205460"><ele>230.491</ele><time>2022-01-12T14:13:18Z</time></trkpt><trkpt lat="45.973607" lon="12.205614"><ele>230.690</ele><time>2022-01-12T14:13:20Z</time></trkpt><trkpt lat="45.973672" lon="12.205765"><ele>229.838</ele><time>2022-01-12T14:13:22Z</time></trkpt><trkpt lat="45.973697" lon="12.205837"><ele>229.667</ele><time>2022-01-12T14:13:23Z</time></trkpt><trkpt lat="45.973721" lon="12.205913"><ele>229.681</ele><time>2022-01-12T14:13:24Z</time></trkpt><trkpt lat="45.973762" lon="12.206068"><ele>229.419</ele><time>2022-01-12T14:13:26Z</time></trkpt><trkpt lat="45.973788" lon="12.206135"><ele>229.408</ele><time>2022-01-12T14:13:27Z</time></trkpt><trkpt lat="45.973815" lon="12.206214"><ele>229.425</ele><time>2022-01-12T14:13:28Z</time></trkpt><trkpt lat="45.973857" lon="12.206366"><ele>229.468</ele><time>2022-01-12T14:13:30Z</time></trkpt><trkpt lat="45.973916" lon="12.206504"><ele>229.692</ele><time>2022-01-12T14:13:32Z</time></trkpt><trkpt lat="45.973933" lon="12.206573"><ele>229.688</ele><time>2022-01-12T14:13:33Z</time></trkpt><trkpt lat="45.973978" lon="12.206704"><ele>229.793</ele><time>2022-01-12T14:13:35Z</time></trkpt><trkpt lat="45.974018" lon="12.206828"><ele>229.666</ele><time>2022-01-12T14:13:37Z</time></trkpt><trkpt lat="45.974059" lon="12.206959"><ele>229.345</ele><time>2022-01-12T14:13:39Z</time></trkpt><trkpt lat="45.974083" lon="12.207022"><ele>229.373</ele><time>2022-01-12T14:13:40Z</time></trkpt><trkpt lat="45.974134" lon="12.207153"><ele>229.331</ele><time>2022-01-12T14:13:42Z</time></trkpt><trkpt lat="45.974157" lon="12.207215"><ele>229.361</ele><time>2022-01-12T14:13:43Z</time></trkpt><trkpt lat="45.974177" lon="12.207278"><ele>229.307</ele><time>2022-01-12T14:13:44Z</time></trkpt><trkpt lat="45.974224" lon="12.207406"><ele>229.408</ele><time>2022-01-12T14:13:46Z</time></trkpt><trkpt lat="45.974290" lon="12.207523"><ele>229.512</ele><time>2022-01-12T14:13:48Z</time></trkpt><trkpt lat="45.974325" lon="12.207586"><ele>229.645</ele><time>2022-01-12T14:13:49Z</time></trkpt><trkpt lat="45.974397" lon="12.207703"><ele>229.729</ele><time>2022-01-12T14:13:51Z</time></trkpt><trkpt lat="45.974417" lon="12.207765"><ele>229.785</ele><time>2022-01-12T14:13:52Z</time></trkpt><trkpt lat="45.974450" lon="12.207819"><ele>229.870</ele><time>2022-01-12T14:13:53Z</time></trkpt><trkpt lat="45.974523" lon="12.207915"><ele>229.923</ele><time>2022-01-12T14:13:55Z</time></trkpt><trkpt lat="45.974561" lon="12.207968"><ele>230.062</ele><time>2022-01-12T14:13:56Z</time></trkpt><trkpt lat="45.974597" lon="12.208020"><ele>230.170</ele><time>2022-01-12T14:13:57Z</time></trkpt><trkpt lat="45.974632" lon="12.208072"><ele>230.219</ele><time>2022-01-12T14:13:58Z</time></trkpt><trkpt lat="45.974699" lon="12.208191"><ele>230.409</ele><time>2022-01-12T14:14:00Z</time></trkpt><trkpt lat="45.974748" lon="12.208304"><ele>230.919</ele><time>2022-01-12T14:14:02Z</time></trkpt><trkpt lat="45.974803" lon="12.208416"><ele>231.408</ele><time>2022-01-12T14:14:04Z</time></trkpt><trkpt lat="45.974850" lon="12.208534"><ele>231.410</ele><time>2022-01-12T14:14:06Z</time></trkpt><trkpt lat="45.974874" lon="12.208601"><ele>231.353</ele><time>2022-01-12T14:14:07Z</time></trkpt><trkpt lat="45.974905" lon="12.208722"><ele>231.177</ele><time>2022-01-12T14:14:09Z</time></trkpt><trkpt lat="45.974946" lon="12.208835"><ele>230.713</ele><time>2022-01-12T14:14:11Z</time></trkpt><trkpt lat="45.974966" lon="12.208897"><ele>230.618</ele><time>2022-01-12T14:14:12Z</time></trkpt><trkpt lat="45.974991" lon="12.208956"><ele>230.551</ele><time>2022-01-12T14:14:13Z</time></trkpt><trkpt lat="45.975009" lon="12.209018"><ele>230.490</ele><time>2022-01-12T14:14:14Z</time></trkpt><trkpt lat="45.975032" lon="12.209085"><ele>230.348</ele><time>2022-01-12T14:14:15Z</time></trkpt><trkpt lat="45.975068" lon="12.209213"><ele>230.259</ele><time>2022-01-12T14:14:17Z</time></trkpt><trkpt lat="45.975115" lon="12.209346"><ele>230.003</ele><time>2022-01-12T14:14:19Z</time></trkpt><trkpt lat="45.975138" lon="12.209413"><ele>230.023</ele><time>2022-01-12T14:14:20Z</time></trkpt><trkpt lat="45.975190" lon="12.209542"><ele>229.908</ele><time>2022-01-12T14:14:22Z</time></trkpt><trkpt lat="45.975253" lon="12.209664"><ele>230.294</ele><time>2022-01-12T14:14:24Z</time></trkpt><trkpt lat="45.975279" lon="12.209725"><ele>230.427</ele><time>2022-01-12T14:14:25Z</time></trkpt><trkpt lat="45.975304" lon="12.209787"><ele>230.651</ele><time>2022-01-12T14:14:26Z</time></trkpt><trkpt lat="45.975357" lon="12.209911"><ele>230.877</ele><time>2022-01-12T14:14:28Z</time></trkpt><trkpt lat="45.975380" lon="12.209970"><ele>231.032</ele><time>2022-01-12T14:14:29Z</time></trkpt><trkpt lat="45.975437" lon="12.210094"><ele>231.165</ele><time>2022-01-12T14:14:31Z</time></trkpt><trkpt lat="45.975481" lon="12.210226"><ele>231.384</ele><time>2022-01-12T14:14:33Z</time></trkpt><trkpt lat="45.975506" lon="12.210289"><ele>231.422</ele><time>2022-01-12T14:14:34Z</time></trkpt><trkpt lat="45.975527" lon="12.210355"><ele>231.535</ele><time>2022-01-12T14:14:35Z</time></trkpt><trkpt lat="45.975571" lon="12.210481"><ele>231.786</ele><time>2022-01-12T14:14:37Z</time></trkpt><trkpt lat="45.975598" lon="12.210541"><ele>231.814</ele><time>2022-01-12T14:14:38Z</time></trkpt><trkpt lat="45.975618" lon="12.210602"><ele>231.808</ele><time>2022-01-12T14:14:39Z</time></trkpt><trkpt lat="45.975659" lon="12.210726"><ele>231.892</ele><time>2022-01-12T14:14:41Z</time></trkpt><trkpt lat="45.975700" lon="12.210847"><ele>231.675</ele><time>2022-01-12T14:14:43Z</time></trkpt><trkpt lat="45.975746" lon="12.210974"><ele>231.679</ele><time>2022-01-12T14:14:45Z</time></trkpt><trkpt lat="45.975784" lon="12.211101"><ele>231.655</ele><time>2022-01-12T14:14:47Z</time></trkpt><trkpt lat="45.975802" lon="12.211163"><ele>231.790</ele><time>2022-01-12T14:14:48Z</time></trkpt><trkpt lat="45.975838" lon="12.211275"><ele>232.243</ele><time>2022-01-12T14:14:50Z</time></trkpt><trkpt lat="45.975867" lon="12.211387"><ele>232.722</ele><time>2022-01-12T14:14:52Z</time></trkpt><trkpt lat="45.975895" lon="12.211514"><ele>232.780</ele><time>2022-01-12T14:14:54Z</time></trkpt><trkpt lat="45.975927" lon="12.211643"><ele>232.715</ele><time>2022-01-12T14:14:56Z</time></trkpt><trkpt lat="45.975950" lon="12.211706"><ele>232.665</ele><time>2022-01-12T14:14:57Z</time></trkpt><trkpt lat="45.975989" lon="12.211822"><ele>232.411</ele><time>2022-01-12T14:14:59Z</time></trkpt><trkpt lat="45.976028" lon="12.211933"><ele>232.408</ele><time>2022-01-12T14:15:01Z</time></trkpt><trkpt lat="45.976072" lon="12.212028"><ele>232.590</ele><time>2022-01-12T14:15:03Z</time></trkpt><trkpt lat="45.976098" lon="12.212100"><ele>232.533</ele><time>2022-01-12T14:15:05Z</time></trkpt><trkpt lat="45.976111" lon="12.212169"><ele>234.017</ele><time>2022-01-12T14:15:35Z</time></trkpt><trkpt lat="45.976126" lon="12.212246"><ele>234.093</ele><time>2022-01-12T14:15:37Z</time></trkpt><trkpt lat="45.976162" lon="12.212335"><ele>234.078</ele><time>2022-01-12T14:15:39Z</time></trkpt><trkpt lat="45.976184" lon="12.212440"><ele>234.061</ele><time>2022-01-12T14:15:41Z</time></trkpt><trkpt lat="45.976204" lon="12.212550"><ele>233.550</ele><time>2022-01-12T14:15:43Z</time></trkpt><trkpt lat="45.976237" lon="12.212657"><ele>233.348</ele><time>2022-01-12T14:15:45Z</time></trkpt><trkpt lat="45.976258" lon="12.212759"><ele>233.452</ele><time>2022-01-12T14:15:47Z</time></trkpt><trkpt lat="45.976280" lon="12.212873"><ele>233.653</ele><time>2022-01-12T14:15:49Z</time></trkpt><trkpt lat="45.976319" lon="12.212980"><ele>233.608</ele><time>2022-01-12T14:15:51Z</time></trkpt><trkpt lat="45.976358" lon="12.213092"><ele>233.808</ele><time>2022-01-12T14:15:53Z</time></trkpt><trkpt lat="45.976387" lon="12.213218"><ele>233.814</ele><time>2022-01-12T14:15:55Z</time></trkpt><trkpt lat="45.976411" lon="12.213343"><ele>233.857</ele><time>2022-01-12T14:15:57Z</time></trkpt><trkpt lat="45.976438" lon="12.213457"><ele>233.871</ele><time>2022-01-12T14:15:59Z</time></trkpt><trkpt lat="45.976464" lon="12.213570"><ele>233.777</ele><time>2022-01-12T14:16:01Z</time></trkpt><trkpt lat="45.976476" lon="12.213682"><ele>233.672</ele><time>2022-01-12T14:16:03Z</time></trkpt><trkpt lat="45.976485" lon="12.213799"><ele>233.575</ele><time>2022-01-12T14:16:05Z</time></trkpt><trkpt lat="45.976490" lon="12.213864"><ele>233.394</ele><time>2022-01-12T14:16:06Z</time></trkpt><trkpt lat="45.976490" lon="12.213984"><ele>233.332</ele><time>2022-01-12T14:16:08Z</time></trkpt><trkpt lat="45.976492" lon="12.214089"><ele>233.379</ele><time>2022-01-12T14:16:10Z</time></trkpt><trkpt lat="45.976499" lon="12.214203"><ele>233.305</ele><time>2022-01-12T14:16:12Z</time></trkpt><trkpt lat="45.976506" lon="12.214311"><ele>233.825</ele><time>2022-01-12T14:16:14Z</time></trkpt><trkpt lat="45.976515" lon="12.214415"><ele>233.908</ele><time>2022-01-12T14:16:16Z</time></trkpt><trkpt lat="45.976538" lon="12.214516"><ele>234.136</ele><time>2022-01-12T14:16:18Z</time></trkpt><trkpt lat="45.976562" lon="12.214627"><ele>234.179</ele><time>2022-01-12T14:16:20Z</time></trkpt><trkpt lat="45.976577" lon="12.214735"><ele>233.913</ele><time>2022-01-12T14:16:22Z</time></trkpt><trkpt lat="45.976595" lon="12.214849"><ele>234.019</ele><time>2022-01-12T14:16:24Z</time></trkpt><trkpt lat="45.976620" lon="12.214958"><ele>234.094</ele><time>2022-01-12T14:16:26Z</time></trkpt><trkpt lat="45.976649" lon="12.215063"><ele>234.027</ele><time>2022-01-12T14:16:28Z</time></trkpt><trkpt lat="45.976679" lon="12.215162"><ele>235.086</ele><time>2022-01-12T14:16:30Z</time></trkpt><trkpt lat="45.976710" lon="12.215262"><ele>235.584</ele><time>2022-01-12T14:16:32Z</time></trkpt><trkpt lat="45.976739" lon="12.215355"><ele>235.763</ele><time>2022-01-12T14:16:34Z</time></trkpt><trkpt lat="45.976775" lon="12.215439"><ele>235.844</ele><time>2022-01-12T14:16:36Z</time></trkpt><trkpt lat="45.976810" lon="12.215521"><ele>235.818</ele><time>2022-01-12T14:16:38Z</time></trkpt><trkpt lat="45.976852" lon="12.215599"><ele>235.808</ele><time>2022-01-12T14:16:40Z</time></trkpt><trkpt lat="45.976894" lon="12.215690"><ele>235.295</ele><time>2022-01-12T14:16:42Z</time></trkpt><trkpt lat="45.976937" lon="12.215771"><ele>234.718</ele><time>2022-01-12T14:16:44Z</time></trkpt><trkpt lat="45.976954" lon="12.215872"><ele>234.772</ele><time>2022-01-12T14:16:46Z</time></trkpt><trkpt lat="45.976953" lon="12.215993"><ele>234.948</ele><time>2022-01-12T14:16:48Z</time></trkpt><trkpt lat="45.976955" lon="12.216107"><ele>235.263</ele><time>2022-01-12T14:16:50Z</time></trkpt><trkpt lat="45.976961" lon="12.216225"><ele>235.266</ele><time>2022-01-12T14:16:52Z</time></trkpt><trkpt lat="45.976965" lon="12.216351"><ele>234.895</ele><time>2022-01-12T14:16:54Z</time></trkpt><trkpt lat="45.976974" lon="12.216470"><ele>234.863</ele><time>2022-01-12T14:16:56Z</time></trkpt><trkpt lat="45.976985" lon="12.216585"><ele>235.567</ele><time>2022-01-12T14:16:58Z</time></trkpt><trkpt lat="45.976991" lon="12.216687"><ele>236.181</ele><time>2022-01-12T14:17:00Z</time></trkpt><trkpt lat="45.977002" lon="12.216777"><ele>236.519</ele><time>2022-01-12T14:17:02Z</time></trkpt><trkpt lat="45.977015" lon="12.216856"><ele>236.908</ele><time>2022-01-12T14:17:04Z</time></trkpt><trkpt lat="45.977048" lon="12.216914"><ele>239.335</ele><time>2022-01-12T14:17:35Z</time></trkpt><trkpt lat="45.977076" lon="12.216978"><ele>239.398</ele><time>2022-01-12T14:17:37Z</time></trkpt><trkpt lat="45.977144" lon="12.217022"><ele>239.312</ele><time>2022-01-12T14:17:39Z</time></trkpt><trkpt lat="45.977202" lon="12.216982"><ele>239.338</ele><time>2022-01-12T14:17:41Z</time></trkpt><trkpt lat="45.977266" lon="12.216952"><ele>239.463</ele><time>2022-01-12T14:17:43Z</time></trkpt><trkpt lat="45.977335" lon="12.216912"><ele>237.046</ele><time>2022-01-12T14:17:45Z</time></trkpt><trkpt lat="45.977410" lon="12.216880"><ele>236.895</ele><time>2022-01-12T14:17:47Z</time></trkpt><trkpt lat="45.977495" lon="12.216847"><ele>236.433</ele><time>2022-01-12T14:17:49Z</time></trkpt><trkpt lat="45.977574" lon="12.216906"><ele>236.066</ele><time>2022-01-12T14:17:51Z</time></trkpt><trkpt lat="45.977589" lon="12.216971"><ele>235.729</ele><time>2022-01-12T14:17:52Z</time></trkpt><trkpt lat="45.977618" lon="12.217095"><ele>234.721</ele><time>2022-01-12T14:17:54Z</time></trkpt><trkpt lat="45.977650" lon="12.217229"><ele>234.808</ele><time>2022-01-12T14:17:56Z</time></trkpt><trkpt lat="45.977665" lon="12.217303"><ele>235.035</ele><time>2022-01-12T14:17:57Z</time></trkpt><trkpt lat="45.977698" lon="12.217442"><ele>235.378</ele><time>2022-01-12T14:17:59Z</time></trkpt><trkpt lat="45.977722" lon="12.217561"><ele>235.512</ele><time>2022-01-12T14:18:01Z</time></trkpt><trkpt lat="45.977754" lon="12.217692"><ele>235.668</ele><time>2022-01-12T14:18:03Z</time></trkpt><trkpt lat="45.977775" lon="12.217823"><ele>236.043</ele><time>2022-01-12T14:18:05Z</time></trkpt><trkpt lat="45.977788" lon="12.217891"><ele>236.446</ele><time>2022-01-12T14:18:06Z</time></trkpt><trkpt lat="45.977811" lon="12.218016"><ele>236.665</ele><time>2022-01-12T14:18:08Z</time></trkpt><trkpt lat="45.977821" lon="12.218085"><ele>236.753</ele><time>2022-01-12T14:18:09Z</time></trkpt><trkpt lat="45.977842" lon="12.218219"><ele>236.885</ele><time>2022-01-12T14:18:11Z</time></trkpt><trkpt lat="45.977848" lon="12.218286"><ele>236.989</ele><time>2022-01-12T14:18:12Z</time></trkpt><trkpt lat="45.977858" lon="12.218406"><ele>237.017</ele><time>2022-01-12T14:18:14Z</time></trkpt><trkpt lat="45.977855" lon="12.218473"><ele>237.108</ele><time>2022-01-12T14:18:15Z</time></trkpt><trkpt lat="45.977843" lon="12.218597"><ele>237.247</ele><time>2022-01-12T14:18:17Z</time></trkpt><trkpt lat="45.977831" lon="12.218729"><ele>237.480</ele><time>2022-01-12T14:18:19Z</time></trkpt><trkpt lat="45.977824" lon="12.218853"><ele>237.554</ele><time>2022-01-12T14:18:21Z</time></trkpt><trkpt lat="45.977820" lon="12.218982"><ele>237.520</ele><time>2022-01-12T14:18:23Z</time></trkpt><trkpt lat="45.977813" lon="12.219116"><ele>237.945</ele><time>2022-01-12T14:18:25Z</time></trkpt><trkpt lat="45.977806" lon="12.219251"><ele>238.398</ele><time>2022-01-12T14:18:27Z</time></trkpt><trkpt lat="45.977805" lon="12.219320"><ele>238.717</ele><time>2022-01-12T14:18:28Z</time></trkpt><trkpt lat="45.977803" lon="12.219387"><ele>239.115</ele><time>2022-01-12T14:18:29Z</time></trkpt><trkpt lat="45.977800" lon="12.219524"><ele>239.542</ele><time>2022-01-12T14:18:31Z</time></trkpt><trkpt lat="45.977811" lon="12.219655"><ele>240.322</ele><time>2022-01-12T14:18:33Z</time></trkpt><trkpt lat="45.977816" lon="12.219778"><ele>241.114</ele><time>2022-01-12T14:18:35Z</time></trkpt><trkpt lat="45.977826" lon="12.219902"><ele>241.208</ele><time>2022-01-12T14:18:37Z</time></trkpt><trkpt lat="45.977837" lon="12.220022"><ele>241.963</ele><time>2022-01-12T14:18:39Z</time></trkpt><trkpt lat="45.977845" lon="12.220145"><ele>242.546</ele><time>2022-01-12T14:18:41Z</time></trkpt><trkpt lat="45.977849" lon="12.220258"><ele>243.560</ele><time>2022-01-12T14:18:43Z</time></trkpt><trkpt lat="45.977853" lon="12.220367"><ele>244.336</ele><time>2022-01-12T14:18:45Z</time></trkpt><trkpt lat="45.977852" lon="12.220479"><ele>244.351</ele><time>2022-01-12T14:18:47Z</time></trkpt><trkpt lat="45.977852" lon="12.220594"><ele>244.794</ele><time>2022-01-12T14:18:49Z</time></trkpt><trkpt lat="45.977846" lon="12.220710"><ele>245.493</ele><time>2022-01-12T14:18:51Z</time></trkpt><trkpt lat="45.977840" lon="12.220830"><ele>246.431</ele><time>2022-01-12T14:18:53Z</time></trkpt><trkpt lat="45.977844" lon="12.220941"><ele>246.581</ele><time>2022-01-12T14:18:55Z</time></trkpt><trkpt lat="45.977846" lon="12.221047"><ele>246.961</ele><time>2022-01-12T14:18:57Z</time></trkpt><trkpt lat="45.977851" lon="12.221147"><ele>247.217</ele><time>2022-01-12T14:18:59Z</time></trkpt><trkpt lat="45.977860" lon="12.221247"><ele>247.208</ele><time>2022-01-12T14:19:01Z</time></trkpt><trkpt lat="45.977873" lon="12.221346"><ele>247.297</ele><time>2022-01-12T14:19:03Z</time></trkpt><trkpt lat="45.977887" lon="12.221449"><ele>247.210</ele><time>2022-01-12T14:19:05Z</time></trkpt><trkpt lat="45.977904" lon="12.221557"><ele>247.264</ele><time>2022-01-12T14:19:07Z</time></trkpt><trkpt lat="45.977922" lon="12.221666"><ele>247.750</ele><time>2022-01-12T14:19:09Z</time></trkpt><trkpt lat="45.977937" lon="12.221771"><ele>248.085</ele><time>2022-01-12T14:19:11Z</time></trkpt><trkpt lat="45.977958" lon="12.221876"><ele>248.328</ele><time>2022-01-12T14:19:13Z</time></trkpt><trkpt lat="45.977985" lon="12.221982"><ele>248.447</ele><time>2022-01-12T14:19:15Z</time></trkpt><trkpt lat="45.978018" lon="12.222089"><ele>248.475</ele><time>2022-01-12T14:19:17Z</time></trkpt><trkpt lat="45.978065" lon="12.222196"><ele>248.529</ele><time>2022-01-12T14:19:19Z</time></trkpt><trkpt lat="45.978092" lon="12.222252"><ele>248.500</ele><time>2022-01-12T14:19:20Z</time></trkpt><trkpt lat="45.978150" lon="12.222367"><ele>248.420</ele><time>2022-01-12T14:19:22Z</time></trkpt><trkpt lat="45.978209" lon="12.222477"><ele>248.308</ele><time>2022-01-12T14:19:24Z</time></trkpt><trkpt lat="45.978244" lon="12.222528"><ele>248.361</ele><time>2022-01-12T14:19:25Z</time></trkpt><trkpt lat="45.978327" lon="12.222608"><ele>248.114</ele><time>2022-01-12T14:19:27Z</time></trkpt><trkpt lat="45.978426" lon="12.222657"><ele>248.068</ele><time>2022-01-12T14:19:29Z</time></trkpt><trkpt lat="45.978533" lon="12.222677"><ele>247.684</ele><time>2022-01-12T14:19:31Z</time></trkpt><trkpt lat="45.978592" lon="12.222667"><ele>247.349</ele><time>2022-01-12T14:19:32Z</time></trkpt><trkpt lat="45.978725" lon="12.222634"><ele>246.612</ele><time>2022-01-12T14:19:34Z</time></trkpt><trkpt lat="45.978880" lon="12.222610"><ele>247.321</ele><time>2022-01-12T14:19:36Z</time></trkpt><trkpt lat="45.978908" lon="12.222676"><ele>247.879</ele><time>2022-01-12T14:19:37Z</time></trkpt><trkpt lat="45.978943" lon="12.222829"><ele>247.852</ele><time>2022-01-12T14:19:39Z</time></trkpt><trkpt lat="45.978986" lon="12.222977"><ele>247.653</ele><time>2022-01-12T14:19:41Z</time></trkpt><trkpt lat="45.979031" lon="12.223120"><ele>247.308</ele><time>2022-01-12T14:19:43Z</time></trkpt><trkpt lat="45.979051" lon="12.223191"><ele>247.308</ele><time>2022-01-12T14:19:44Z</time></trkpt><trkpt lat="45.979071" lon="12.223259"><ele>247.254</ele><time>2022-01-12T14:19:45Z</time></trkpt><trkpt lat="45.979110" lon="12.223391"><ele>247.357</ele><time>2022-01-12T14:19:47Z</time></trkpt><trkpt lat="45.979134" lon="12.223461"><ele>247.431</ele><time>2022-01-12T14:19:48Z</time></trkpt><trkpt lat="45.979150" lon="12.223527"><ele>247.967</ele><time>2022-01-12T14:19:49Z</time></trkpt><trkpt lat="45.979189" lon="12.223652"><ele>249.282</ele><time>2022-01-12T14:19:51Z</time></trkpt><trkpt lat="45.979204" lon="12.223715"><ele>249.575</ele><time>2022-01-12T14:19:52Z</time></trkpt><trkpt lat="45.979220" lon="12.223823"><ele>250.014</ele><time>2022-01-12T14:19:54Z</time></trkpt><trkpt lat="45.979240" lon="12.223924"><ele>250.272</ele><time>2022-01-12T14:19:56Z</time></trkpt><trkpt lat="45.979262" lon="12.224019"><ele>250.842</ele><time>2022-01-12T14:19:58Z</time></trkpt><trkpt lat="45.979280" lon="12.224095"><ele>251.122</ele><time>2022-01-12T14:20:00Z</time></trkpt><trkpt lat="45.979296" lon="12.224184"><ele>251.214</ele><time>2022-01-12T14:20:02Z</time></trkpt><trkpt lat="45.979314" lon="12.224300"><ele>251.208</ele><time>2022-01-12T14:20:04Z</time></trkpt><trkpt lat="45.979333" lon="12.224404"><ele>250.133</ele><time>2022-01-12T14:20:06Z</time></trkpt><trkpt lat="45.979357" lon="12.224510"><ele>249.636</ele><time>2022-01-12T14:20:08Z</time></trkpt><trkpt lat="45.979391" lon="12.224636"><ele>248.530</ele><time>2022-01-12T14:20:10Z</time></trkpt><trkpt lat="45.979410" lon="12.224704"><ele>248.516</ele><time>2022-01-12T14:20:11Z</time></trkpt><trkpt lat="45.979458" lon="12.224832"><ele>248.511</ele><time>2022-01-12T14:20:13Z</time></trkpt><trkpt lat="45.979492" lon="12.224899"><ele>248.514</ele><time>2022-01-12T14:20:14Z</time></trkpt><trkpt lat="45.979584" lon="12.225040"><ele>248.353</ele><time>2022-01-12T14:20:16Z</time></trkpt><trkpt lat="45.979636" lon="12.225100"><ele>248.211</ele><time>2022-01-12T14:20:17Z</time></trkpt><trkpt lat="45.979685" lon="12.225166"><ele>247.861</ele><time>2022-01-12T14:20:18Z</time></trkpt><trkpt lat="45.979772" lon="12.225306"><ele>247.021</ele><time>2022-01-12T14:20:20Z</time></trkpt><trkpt lat="45.979809" lon="12.225392"><ele>246.413</ele><time>2022-01-12T14:20:21Z</time></trkpt><trkpt lat="45.979876" lon="12.225578"><ele>244.808</ele><time>2022-01-12T14:20:23Z</time></trkpt><trkpt lat="45.979910" lon="12.225763"><ele>244.315</ele><time>2022-01-12T14:20:25Z</time></trkpt><trkpt lat="45.979939" lon="12.225932"><ele>244.268</ele><time>2022-01-12T14:20:27Z</time></trkpt><trkpt lat="45.979956" lon="12.226017"><ele>244.232</ele><time>2022-01-12T14:20:28Z</time></trkpt><trkpt lat="45.979972" lon="12.226101"><ele>244.398</ele><time>2022-01-12T14:20:29Z</time></trkpt><trkpt lat="45.979989" lon="12.226180"><ele>244.613</ele><time>2022-01-12T14:20:30Z</time></trkpt><trkpt lat="45.980025" lon="12.226342"><ele>245.166</ele><time>2022-01-12T14:20:32Z</time></trkpt><trkpt lat="45.980042" lon="12.226417"><ele>245.165</ele><time>2022-01-12T14:20:33Z</time></trkpt><trkpt lat="45.980079" lon="12.226558"><ele>245.183</ele><time>2022-01-12T14:20:35Z</time></trkpt><trkpt lat="45.980097" lon="12.226631"><ele>245.181</ele><time>2022-01-12T14:20:36Z</time></trkpt><trkpt lat="45.980116" lon="12.226708"><ele>245.061</ele><time>2022-01-12T14:20:37Z</time></trkpt><trkpt lat="45.980132" lon="12.226779"><ele>245.017</ele><time>2022-01-12T14:20:38Z</time></trkpt><trkpt lat="45.980188" lon="12.226929"><ele>244.908</ele><time>2022-01-12T14:20:40Z</time></trkpt><trkpt lat="45.980219" lon="12.227000"><ele>244.937</ele><time>2022-01-12T14:20:41Z</time></trkpt><trkpt lat="45.980285" lon="12.227128"><ele>244.810</ele><time>2022-01-12T14:20:43Z</time></trkpt><trkpt lat="45.980359" lon="12.227261"><ele>244.624</ele><time>2022-01-12T14:20:45Z</time></trkpt><trkpt lat="45.980435" lon="12.227402"><ele>244.690</ele><time>2022-01-12T14:20:47Z</time></trkpt><trkpt lat="45.980511" lon="12.227536"><ele>244.525</ele><time>2022-01-12T14:20:49Z</time></trkpt><trkpt lat="45.980589" lon="12.227674"><ele>244.378</ele><time>2022-01-12T14:20:51Z</time></trkpt><trkpt lat="45.980662" lon="12.227815"><ele>244.367</ele><time>2022-01-12T14:20:53Z</time></trkpt><trkpt lat="45.980701" lon="12.227887"><ele>244.115</ele><time>2022-01-12T14:20:54Z</time></trkpt><trkpt lat="45.980783" lon="12.228023"><ele>244.123</ele><time>2022-01-12T14:20:56Z</time></trkpt><trkpt lat="45.980829" lon="12.228090"><ele>244.283</ele><time>2022-01-12T14:20:57Z</time></trkpt><trkpt lat="45.980868" lon="12.228153"><ele>244.311</ele><time>2022-01-12T14:20:58Z</time></trkpt><trkpt lat="45.980952" lon="12.228283"><ele>244.608</ele><time>2022-01-12T14:21:00Z</time></trkpt><trkpt lat="45.980994" lon="12.228347"><ele>244.711</ele><time>2022-01-12T14:21:01Z</time></trkpt><trkpt lat="45.981034" lon="12.228410"><ele>244.884</ele><time>2022-01-12T14:21:02Z</time></trkpt><trkpt lat="45.981121" lon="12.228542"><ele>245.158</ele><time>2022-01-12T14:21:04Z</time></trkpt><trkpt lat="45.981207" lon="12.228674"><ele>245.294</ele><time>2022-01-12T14:21:06Z</time></trkpt><trkpt lat="45.981290" lon="12.228801"><ele>245.849</ele><time>2022-01-12T14:21:08Z</time></trkpt><trkpt lat="45.981379" lon="12.228924"><ele>245.882</ele><time>2022-01-12T14:21:10Z</time></trkpt><trkpt lat="45.981424" lon="12.228978"><ele>245.881</ele><time>2022-01-12T14:21:11Z</time></trkpt><trkpt lat="45.981467" lon="12.229023"><ele>245.829</ele><time>2022-01-12T14:21:12Z</time></trkpt><trkpt lat="45.981513" lon="12.229081"><ele>245.788</ele><time>2022-01-12T14:21:13Z</time></trkpt><trkpt lat="45.981607" lon="12.229189"><ele>245.224</ele><time>2022-01-12T14:21:15Z</time></trkpt><trkpt lat="45.981702" lon="12.229286"><ele>245.126</ele><time>2022-01-12T14:21:17Z</time></trkpt><trkpt lat="45.981795" lon="12.229394"><ele>245.008</ele><time>2022-01-12T14:21:19Z</time></trkpt><trkpt lat="45.981838" lon="12.229450"><ele>244.857</ele><time>2022-01-12T14:21:20Z</time></trkpt><trkpt lat="45.981928" lon="12.229574"><ele>244.520</ele><time>2022-01-12T14:21:22Z</time></trkpt><trkpt lat="45.981969" lon="12.229635"><ele>244.494</ele><time>2022-01-12T14:21:23Z</time></trkpt><trkpt lat="45.982043" lon="12.229765"><ele>244.430</ele><time>2022-01-12T14:21:25Z</time></trkpt><trkpt lat="45.982080" lon="12.229834"><ele>244.425</ele><time>2022-01-12T14:21:26Z</time></trkpt><trkpt lat="45.982109" lon="12.229903"><ele>244.468</ele><time>2022-01-12T14:21:27Z</time></trkpt><trkpt lat="45.982134" lon="12.229973"><ele>244.427</ele><time>2022-01-12T14:21:28Z</time></trkpt><trkpt lat="45.982187" lon="12.230114"><ele>244.485</ele><time>2022-01-12T14:21:30Z</time></trkpt><trkpt lat="45.982215" lon="12.230180"><ele>244.431</ele><time>2022-01-12T14:21:31Z</time></trkpt><trkpt lat="45.982270" lon="12.230298"><ele>244.461</ele><time>2022-01-12T14:21:33Z</time></trkpt><trkpt lat="45.982323" lon="12.230412"><ele>244.407</ele><time>2022-01-12T14:21:35Z</time></trkpt><trkpt lat="45.982360" lon="12.230467"><ele>244.408</ele><time>2022-01-12T14:21:36Z</time></trkpt><trkpt lat="45.982448" lon="12.230562"><ele>244.282</ele><time>2022-01-12T14:21:38Z</time></trkpt><trkpt lat="45.982560" lon="12.230623"><ele>243.995</ele><time>2022-01-12T14:21:40Z</time></trkpt><trkpt lat="45.982625" lon="12.230650"><ele>243.699</ele><time>2022-01-12T14:21:41Z</time></trkpt><trkpt lat="45.982770" lon="12.230695"><ele>242.585</ele><time>2022-01-12T14:21:43Z</time></trkpt><trkpt lat="45.982851" lon="12.230715"><ele>241.010</ele><time>2022-01-12T14:21:44Z</time></trkpt><trkpt lat="45.983035" lon="12.230753"><ele>239.583</ele><time>2022-01-12T14:21:46Z</time></trkpt><trkpt lat="45.983125" lon="12.230792"><ele>239.592</ele><time>2022-01-12T14:21:47Z</time></trkpt><trkpt lat="45.983210" lon="12.230835"><ele>239.530</ele><time>2022-01-12T14:21:48Z</time></trkpt><trkpt lat="45.983288" lon="12.230898"><ele>238.516</ele><time>2022-01-12T14:21:49Z</time></trkpt><trkpt lat="45.983411" lon="12.231044"><ele>238.176</ele><time>2022-01-12T14:21:51Z</time></trkpt><trkpt lat="45.983481" lon="12.231112"><ele>238.113</ele><time>2022-01-12T14:21:52Z</time></trkpt><trkpt lat="45.983604" lon="12.231232"><ele>238.508</ele><time>2022-01-12T14:21:54Z</time></trkpt><trkpt lat="45.983712" lon="12.231343"><ele>239.120</ele><time>2022-01-12T14:21:56Z</time></trkpt><trkpt lat="45.983809" lon="12.231449"><ele>239.693</ele><time>2022-01-12T14:21:58Z</time></trkpt><trkpt lat="45.983901" lon="12.231539"><ele>239.987</ele><time>2022-01-12T14:22:00Z</time></trkpt><trkpt lat="45.983947" lon="12.231576"><ele>240.063</ele><time>2022-01-12T14:22:01Z</time></trkpt><trkpt lat="45.984025" lon="12.231643"><ele>240.218</ele><time>2022-01-12T14:22:03Z</time></trkpt><trkpt lat="45.984062" lon="12.231685"><ele>240.261</ele><time>2022-01-12T14:22:04Z</time></trkpt><trkpt lat="45.984136" lon="12.231774"><ele>240.420</ele><time>2022-01-12T14:22:06Z</time></trkpt><trkpt lat="45.984199" lon="12.231878"><ele>240.538</ele><time>2022-01-12T14:22:08Z</time></trkpt><trkpt lat="45.984266" lon="12.231988"><ele>240.618</ele><time>2022-01-12T14:22:10Z</time></trkpt><trkpt lat="45.984298" lon="12.232052"><ele>240.698</ele><time>2022-01-12T14:22:11Z</time></trkpt><trkpt lat="45.984357" lon="12.232174"><ele>240.817</ele><time>2022-01-12T14:22:13Z</time></trkpt><trkpt lat="45.984416" lon="12.232297"><ele>240.808</ele><time>2022-01-12T14:22:15Z</time></trkpt><trkpt lat="45.984474" lon="12.232442"><ele>240.710</ele><time>2022-01-12T14:22:17Z</time></trkpt><trkpt lat="45.984502" lon="12.232516"><ele>240.623</ele><time>2022-01-12T14:22:18Z</time></trkpt><trkpt lat="45.984533" lon="12.232588"><ele>240.597</ele><time>2022-01-12T14:22:19Z</time></trkpt><trkpt lat="45.984604" lon="12.232730"><ele>240.183</ele><time>2022-01-12T14:22:21Z</time></trkpt><trkpt lat="45.984693" lon="12.232864"><ele>239.828</ele><time>2022-01-12T14:22:23Z</time></trkpt><trkpt lat="45.984734" lon="12.232932"><ele>239.721</ele><time>2022-01-12T14:22:24Z</time></trkpt><trkpt lat="45.984775" lon="12.233001"><ele>239.470</ele><time>2022-01-12T14:22:25Z</time></trkpt><trkpt lat="45.984857" lon="12.233127"><ele>239.198</ele><time>2022-01-12T14:22:27Z</time></trkpt><trkpt lat="45.984898" lon="12.233187"><ele>239.112</ele><time>2022-01-12T14:22:28Z</time></trkpt><trkpt lat="45.984938" lon="12.233247"><ele>239.132</ele><time>2022-01-12T14:22:29Z</time></trkpt><trkpt lat="45.985011" lon="12.233361"><ele>239.805</ele><time>2022-01-12T14:22:31Z</time></trkpt><trkpt lat="45.985044" lon="12.233416"><ele>239.808</ele><time>2022-01-12T14:22:32Z</time></trkpt><trkpt lat="45.985103" lon="12.233527"><ele>240.450</ele><time>2022-01-12T14:22:34Z</time></trkpt><trkpt lat="45.985158" lon="12.233633"><ele>241.083</ele><time>2022-01-12T14:22:36Z</time></trkpt><trkpt lat="45.985201" lon="12.233737"><ele>241.177</ele><time>2022-01-12T14:22:38Z</time></trkpt><trkpt lat="45.985225" lon="12.233795"><ele>241.143</ele><time>2022-01-12T14:22:39Z</time></trkpt><trkpt lat="45.985247" lon="12.233853"><ele>241.158</ele><time>2022-01-12T14:22:40Z</time></trkpt><trkpt lat="45.985291" lon="12.233951"><ele>241.181</ele><time>2022-01-12T14:22:42Z</time></trkpt><trkpt lat="45.985348" lon="12.234037"><ele>241.850</ele><time>2022-01-12T14:22:44Z</time></trkpt><trkpt lat="45.985400" lon="12.234104"><ele>242.128</ele><time>2022-01-12T14:22:46Z</time></trkpt><trkpt lat="45.985448" lon="12.234159"><ele>242.571</ele><time>2022-01-12T14:22:48Z</time></trkpt><trkpt lat="45.985499" lon="12.234177"><ele>242.541</ele><time>2022-01-12T14:22:52Z</time></trkpt><trkpt lat="45.985550" lon="12.234140"><ele>243.015</ele><time>2022-01-12T14:23:31Z</time></trkpt><trkpt lat="45.985584" lon="12.234089"><ele>243.008</ele><time>2022-01-12T14:23:33Z</time></trkpt><trkpt lat="45.985649" lon="12.234031"><ele>243.086</ele><time>2022-01-12T14:23:35Z</time></trkpt><trkpt lat="45.985692" lon="12.234002"><ele>243.029</ele><time>2022-01-12T14:23:36Z</time></trkpt><trkpt lat="45.985785" lon="12.233921"><ele>243.083</ele><time>2022-01-12T14:23:38Z</time></trkpt><trkpt lat="45.985888" lon="12.233838"><ele>240.029</ele><time>2022-01-12T14:23:40Z</time></trkpt><trkpt lat="45.985937" lon="12.233796"><ele>239.944</ele><time>2022-01-12T14:23:41Z</time></trkpt><trkpt lat="45.986042" lon="12.233725"><ele>238.067</ele><time>2022-01-12T14:23:43Z</time></trkpt><trkpt lat="45.986090" lon="12.233705"><ele>237.826</ele><time>2022-01-12T14:23:44Z</time></trkpt><trkpt lat="45.986183" lon="12.233665"><ele>237.044</ele><time>2022-01-12T14:23:46Z</time></trkpt><trkpt lat="45.986263" lon="12.233585"><ele>236.868</ele><time>2022-01-12T14:23:48Z</time></trkpt><trkpt lat="45.986317" lon="12.233465"><ele>235.742</ele><time>2022-01-12T14:23:50Z</time></trkpt><trkpt lat="45.986321" lon="12.233333"><ele>234.326</ele><time>2022-01-12T14:23:52Z</time></trkpt><trkpt lat="45.986325" lon="12.233262"><ele>233.408</ele><time>2022-01-12T14:23:53Z</time></trkpt><trkpt lat="45.986333" lon="12.233173"><ele>231.825</ele><time>2022-01-12T14:23:54Z</time></trkpt><trkpt lat="45.986361" lon="12.233014"><ele>229.978</ele><time>2022-01-12T14:23:56Z</time></trkpt><trkpt lat="45.986407" lon="12.232878"><ele>229.752</ele><time>2022-01-12T14:23:58Z</time></trkpt><trkpt lat="45.986428" lon="12.232814"><ele>229.718</ele><time>2022-01-12T14:23:59Z</time></trkpt><trkpt lat="45.986471" lon="12.232707"><ele>229.493</ele><time>2022-01-12T14:24:01Z</time></trkpt><trkpt lat="45.986499" lon="12.232592"><ele>229.216</ele><time>2022-01-12T14:24:03Z</time></trkpt><trkpt lat="45.986512" lon="12.232526"><ele>228.835</ele><time>2022-01-12T14:24:04Z</time></trkpt><trkpt lat="45.986558" lon="12.232417"><ele>228.183</ele><time>2022-01-12T14:24:06Z</time></trkpt><trkpt lat="45.986621" lon="12.232346"><ele>227.345</ele><time>2022-01-12T14:24:08Z</time></trkpt><trkpt lat="45.986675" lon="12.232290"><ele>226.847</ele><time>2022-01-12T14:24:10Z</time></trkpt><trkpt lat="45.986722" lon="12.232248"><ele>226.411</ele><time>2022-01-12T14:24:12Z</time></trkpt><trkpt lat="45.986769" lon="12.232199"><ele>225.408</ele><time>2022-01-12T14:24:14Z</time></trkpt><trkpt lat="45.986833" lon="12.232139"><ele>225.423</ele><time>2022-01-12T14:24:16Z</time></trkpt><trkpt lat="45.986906" lon="12.232076"><ele>225.316</ele><time>2022-01-12T14:24:18Z</time></trkpt><trkpt lat="45.986987" lon="12.232017"><ele>225.470</ele><time>2022-01-12T14:24:20Z</time></trkpt><trkpt lat="45.987061" lon="12.231949"><ele>225.316</ele><time>2022-01-12T14:24:22Z</time></trkpt><trkpt lat="45.987102" lon="12.231855"><ele>225.381</ele><time>2022-01-12T14:24:24Z</time></trkpt><trkpt lat="45.987078" lon="12.231750"><ele>225.044</ele><time>2022-01-12T14:24:26Z</time></trkpt><trkpt lat="45.987046" lon="12.231674"><ele>224.863</ele><time>2022-01-12T14:24:28Z</time></trkpt><trkpt lat="45.987032" lon="12.231602"><ele>226.561</ele><time>2022-01-12T14:25:13Z</time></trkpt><trkpt lat="45.987025" lon="12.231513"><ele>226.541</ele><time>2022-01-12T14:25:15Z</time></trkpt><trkpt lat="45.987011" lon="12.231405"><ele>226.581</ele><time>2022-01-12T14:25:17Z</time></trkpt><trkpt lat="45.986996" lon="12.231291"><ele>226.509</ele><time>2022-01-12T14:25:19Z</time></trkpt><trkpt lat="45.986985" lon="12.231151"><ele>226.808</ele><time>2022-01-12T14:25:21Z</time></trkpt><trkpt lat="45.986975" lon="12.230992"><ele>227.363</ele><time>2022-01-12T14:25:23Z</time></trkpt><trkpt lat="45.986971" lon="12.230911"><ele>227.326</ele><time>2022-01-12T14:25:24Z</time></trkpt><trkpt lat="45.986964" lon="12.230759"><ele>227.030</ele><time>2022-01-12T14:25:26Z</time></trkpt><trkpt lat="45.986962" lon="12.230654"><ele>226.856</ele><time>2022-01-12T14:25:28Z</time></trkpt><trkpt lat="45.986970" lon="12.230738"><ele>225.571</ele><time>2022-01-12T14:25:43Z</time></trkpt><trkpt lat="45.986969" lon="12.230819"><ele>225.314</ele><time>2022-01-12T14:25:45Z</time></trkpt><trkpt lat="45.986977" lon="12.230937"><ele>224.973</ele><time>2022-01-12T14:25:47Z</time></trkpt><trkpt lat="45.986987" lon="12.231063"><ele>224.371</ele><time>2022-01-12T14:25:49Z</time></trkpt><trkpt lat="45.986996" lon="12.231179"><ele>223.711</ele><time>2022-01-12T14:25:51Z</time></trkpt><trkpt lat="45.987008" lon="12.231277"><ele>224.021</ele><time>2022-01-12T14:25:53Z</time></trkpt><trkpt lat="45.987015" lon="12.231359"><ele>224.903</ele><time>2022-01-12T14:25:55Z</time></trkpt><trkpt lat="45.987024" lon="12.231445"><ele>226.308</ele><time>2022-01-12T14:25:57Z</time></trkpt><trkpt lat="45.987030" lon="12.231529"><ele>226.580</ele><time>2022-01-12T14:25:59Z</time></trkpt><trkpt lat="45.987037" lon="12.231606"><ele>226.993</ele><time>2022-01-12T14:26:01Z</time></trkpt><trkpt lat="45.987061" lon="12.231668"><ele>227.127</ele><time>2022-01-12T14:26:04Z</time></trkpt><trkpt lat="45.987099" lon="12.231623"><ele>228.133</ele><time>2022-01-12T14:26:40Z</time></trkpt><trkpt lat="45.987172" lon="12.231614"><ele>228.128</ele><time>2022-01-12T14:26:43Z</time></trkpt><trkpt lat="45.987246" lon="12.231623"><ele>228.111</ele><time>2022-01-12T14:26:45Z</time></trkpt><trkpt lat="45.987326" lon="12.231637"><ele>228.150</ele><time>2022-01-12T14:26:47Z</time></trkpt><trkpt lat="45.987373" lon="12.231643"><ele>228.198</ele><time>2022-01-12T14:26:48Z</time></trkpt><trkpt lat="45.987471" lon="12.231641"><ele>225.348</ele><time>2022-01-12T14:26:50Z</time></trkpt><trkpt lat="45.987566" lon="12.231631"><ele>224.761</ele><time>2022-01-12T14:26:52Z</time></trkpt><trkpt lat="45.987654" lon="12.231617"><ele>223.817</ele><time>2022-01-12T14:26:54Z</time></trkpt><trkpt lat="45.987750" lon="12.231593"><ele>223.608</ele><time>2022-01-12T14:26:56Z</time></trkpt><trkpt lat="45.987844" lon="12.231550"><ele>223.383</ele><time>2022-01-12T14:26:58Z</time></trkpt><trkpt lat="45.987890" lon="12.231549"><ele>223.296</ele><time>2022-01-12T14:26:59Z</time></trkpt><trkpt lat="45.987966" lon="12.231577"><ele>222.850</ele><time>2022-01-12T14:27:01Z</time></trkpt><trkpt lat="45.988044" lon="12.231603"><ele>222.416</ele><time>2022-01-12T14:27:03Z</time></trkpt><trkpt lat="45.988104" lon="12.231611"><ele>222.441</ele><time>2022-01-12T14:27:05Z</time></trkpt><trkpt lat="45.988166" lon="12.231612"><ele>222.324</ele><time>2022-01-12T14:27:07Z</time></trkpt><trkpt lat="45.988224" lon="12.231602"><ele>222.173</ele><time>2022-01-12T14:27:09Z</time></trkpt><trkpt lat="45.988276" lon="12.231580"><ele>222.081</ele><time>2022-01-12T14:27:11Z</time></trkpt><trkpt lat="45.988309" lon="12.231528"><ele>222.195</ele><time>2022-01-12T14:27:15Z</time></trkpt><trkpt lat="45.988364" lon="12.231525"><ele>222.149</ele><time>2022-01-12T14:27:18Z</time></trkpt><trkpt lat="45.988416" lon="12.231531"><ele>222.423</ele><time>2022-01-12T14:27:20Z</time></trkpt><trkpt lat="45.988462" lon="12.231526"><ele>222.808</ele><time>2022-01-12T14:27:22Z</time></trkpt><trkpt lat="45.988504" lon="12.231502"><ele>223.218</ele><time>2022-01-12T14:27:24Z</time></trkpt><trkpt lat="45.988541" lon="12.231461"><ele>223.661</ele><time>2022-01-12T14:27:26Z</time></trkpt><trkpt lat="45.988585" lon="12.231479"><ele>224.045</ele><time>2022-01-12T14:27:28Z</time></trkpt><trkpt lat="45.988600" lon="12.231563"><ele>224.251</ele><time>2022-01-12T14:27:30Z</time></trkpt><trkpt lat="45.988591" lon="12.231645"><ele>224.286</ele><time>2022-01-12T14:27:32Z</time></trkpt><trkpt lat="45.988578" lon="12.231756"><ele>224.259</ele><time>2022-01-12T14:27:34Z</time></trkpt><trkpt lat="45.988565" lon="12.231886"><ele>223.728</ele><time>2022-01-12T14:27:36Z</time></trkpt><trkpt lat="45.988551" lon="12.231954"><ele>223.926</ele><time>2022-01-12T14:27:37Z</time></trkpt><trkpt lat="45.988536" lon="12.232022"><ele>224.919</ele><time>2022-01-12T14:27:38Z</time></trkpt><trkpt lat="45.988511" lon="12.232140"><ele>225.409</ele><time>2022-01-12T14:27:40Z</time></trkpt><trkpt lat="45.988486" lon="12.232249"><ele>225.719</ele><time>2022-01-12T14:27:42Z</time></trkpt><trkpt lat="45.988463" lon="12.232351"><ele>225.908</ele><time>2022-01-12T14:27:44Z</time></trkpt><trkpt lat="45.988444" lon="12.232443"><ele>226.060</ele><time>2022-01-12T14:27:46Z</time></trkpt><trkpt lat="45.988422" lon="12.232549"><ele>226.273</ele><time>2022-01-12T14:27:48Z</time></trkpt><trkpt lat="45.988402" lon="12.232656"><ele>226.527</ele><time>2022-01-12T14:27:50Z</time></trkpt><trkpt lat="45.988397" lon="12.232734"><ele>226.783</ele><time>2022-01-12T14:27:52Z</time></trkpt><trkpt lat="45.988386" lon="12.232817"><ele>229.818</ele><time>2022-01-12T14:28:29Z</time></trkpt><trkpt lat="45.988367" lon="12.232883"><ele>229.841</ele><time>2022-01-12T14:28:31Z</time></trkpt><trkpt lat="45.988343" lon="12.232979"><ele>229.820</ele><time>2022-01-12T14:28:33Z</time></trkpt><trkpt lat="45.988310" lon="12.233079"><ele>229.868</ele><time>2022-01-12T14:28:35Z</time></trkpt><trkpt lat="45.988267" lon="12.233209"><ele>229.369</ele><time>2022-01-12T14:28:37Z</time></trkpt><trkpt lat="45.988219" lon="12.233357"><ele>229.004</ele><time>2022-01-12T14:28:39Z</time></trkpt><trkpt lat="45.988160" lon="12.233499"><ele>228.624</ele><time>2022-01-12T14:28:41Z</time></trkpt><trkpt lat="45.988127" lon="12.233564"><ele>228.608</ele><time>2022-01-12T14:28:42Z</time></trkpt><trkpt lat="45.988059" lon="12.233672"><ele>228.565</ele><time>2022-01-12T14:28:44Z</time></trkpt><trkpt lat="45.987982" lon="12.233790"><ele>228.158</ele><time>2022-01-12T14:28:46Z</time></trkpt><trkpt lat="45.987941" lon="12.233844"><ele>228.062</ele><time>2022-01-12T14:28:47Z</time></trkpt><trkpt lat="45.987862" lon="12.233940"><ele>227.958</ele><time>2022-01-12T14:28:49Z</time></trkpt><trkpt lat="45.987776" lon="12.234065"><ele>227.853</ele><time>2022-01-12T14:28:51Z</time></trkpt><trkpt lat="45.987730" lon="12.234122"><ele>227.856</ele><time>2022-01-12T14:28:52Z</time></trkpt><trkpt lat="45.987633" lon="12.234228"><ele>227.665</ele><time>2022-01-12T14:28:54Z</time></trkpt><trkpt lat="45.987591" lon="12.234273"><ele>227.423</ele><time>2022-01-12T14:28:55Z</time></trkpt><trkpt lat="45.987541" lon="12.234338"><ele>227.411</ele><time>2022-01-12T14:28:56Z</time></trkpt><trkpt lat="45.987448" lon="12.234440"><ele>227.421</ele><time>2022-01-12T14:28:58Z</time></trkpt><trkpt lat="45.987362" lon="12.234531"><ele>227.403</ele><time>2022-01-12T14:29:00Z</time></trkpt><trkpt lat="45.987281" lon="12.234606"><ele>227.208</ele><time>2022-01-12T14:29:02Z</time></trkpt><trkpt lat="45.987235" lon="12.234643"><ele>227.230</ele><time>2022-01-12T14:29:03Z</time></trkpt><trkpt lat="45.987174" lon="12.234711"><ele>227.023</ele><time>2022-01-12T14:29:05Z</time></trkpt><trkpt lat="45.987124" lon="12.234778"><ele>226.717</ele><time>2022-01-12T14:29:07Z</time></trkpt><trkpt lat="45.987093" lon="12.234859"><ele>226.593</ele><time>2022-01-12T14:29:09Z</time></trkpt><trkpt lat="45.987071" lon="12.234938"><ele>226.078</ele><time>2022-01-12T14:29:11Z</time></trkpt><trkpt lat="45.987062" lon="12.235018"><ele>225.151</ele><time>2022-01-12T14:29:13Z</time></trkpt><trkpt lat="45.987046" lon="12.235094"><ele>225.080</ele><time>2022-01-12T14:29:15Z</time></trkpt><trkpt lat="45.987036" lon="12.235189"><ele>224.638</ele><time>2022-01-12T14:29:17Z</time></trkpt><trkpt lat="45.987031" lon="12.235319"><ele>224.438</ele><time>2022-01-12T14:29:19Z</time></trkpt><trkpt lat="45.987069" lon="12.235459"><ele>224.170</ele><time>2022-01-12T14:29:21Z</time></trkpt><trkpt lat="45.987099" lon="12.235522"><ele>223.517</ele><time>2022-01-12T14:29:22Z</time></trkpt><trkpt lat="45.987187" lon="12.235607"><ele>223.408</ele><time>2022-01-12T14:29:24Z</time></trkpt><trkpt lat="45.987291" lon="12.235672"><ele>222.812</ele><time>2022-01-12T14:29:26Z</time></trkpt><trkpt lat="45.987387" lon="12.235742"><ele>222.725</ele><time>2022-01-12T14:29:28Z</time></trkpt><trkpt lat="45.987450" lon="12.235874"><ele>223.259</ele><time>2022-01-12T14:29:30Z</time></trkpt><trkpt lat="45.987469" lon="12.235952"><ele>223.635</ele><time>2022-01-12T14:29:31Z</time></trkpt><trkpt lat="45.987471" lon="12.236108"><ele>223.880</ele><time>2022-01-12T14:29:33Z</time></trkpt><trkpt lat="45.987457" lon="12.236187"><ele>223.873</ele><time>2022-01-12T14:29:34Z</time></trkpt><trkpt lat="45.987443" lon="12.236260"><ele>223.852</ele><time>2022-01-12T14:29:35Z</time></trkpt><trkpt lat="45.987419" lon="12.236426"><ele>223.840</ele><time>2022-01-12T14:29:37Z</time></trkpt><trkpt lat="45.987409" lon="12.236511"><ele>223.425</ele><time>2022-01-12T14:29:38Z</time></trkpt><trkpt lat="45.987396" lon="12.236601"><ele>223.626</ele><time>2022-01-12T14:29:39Z</time></trkpt><trkpt lat="45.987383" lon="12.236689"><ele>223.408</ele><time>2022-01-12T14:29:40Z</time></trkpt><trkpt lat="45.987351" lon="12.236857"><ele>223.408</ele><time>2022-01-12T14:29:42Z</time></trkpt><trkpt lat="45.987335" lon="12.237025"><ele>223.791</ele><time>2022-01-12T14:29:44Z</time></trkpt><trkpt lat="45.987335" lon="12.237113"><ele>224.014</ele><time>2022-01-12T14:29:45Z</time></trkpt><trkpt lat="45.987355" lon="12.237274"><ele>224.378</ele><time>2022-01-12T14:29:47Z</time></trkpt><trkpt lat="45.987383" lon="12.237343"><ele>224.324</ele><time>2022-01-12T14:29:48Z</time></trkpt><trkpt lat="45.987441" lon="12.237493"><ele>224.139</ele><time>2022-01-12T14:29:50Z</time></trkpt><trkpt lat="45.987466" lon="12.237547"><ele>224.082</ele><time>2022-01-12T14:29:51Z</time></trkpt><trkpt lat="45.987499" lon="12.237594"><ele>224.081</ele><time>2022-01-12T14:29:52Z</time></trkpt><trkpt lat="45.987570" lon="12.237694"><ele>223.069</ele><time>2022-01-12T14:29:54Z</time></trkpt><trkpt lat="45.987602" lon="12.237753"><ele>222.645</ele><time>2022-01-12T14:29:55Z</time></trkpt><trkpt lat="45.987660" lon="12.237829"><ele>222.247</ele><time>2022-01-12T14:29:57Z</time></trkpt><trkpt lat="45.987783" lon="12.237861"><ele>222.011</ele><time>2022-01-12T14:29:59Z</time></trkpt><trkpt lat="45.987907" lon="12.237848"><ele>222.108</ele><time>2022-01-12T14:30:01Z</time></trkpt><trkpt lat="45.987974" lon="12.237852"><ele>222.263</ele><time>2022-01-12T14:30:02Z</time></trkpt><trkpt lat="45.988103" lon="12.237843"><ele>222.336</ele><time>2022-01-12T14:30:04Z</time></trkpt><trkpt lat="45.988165" lon="12.237834"><ele>222.340</ele><time>2022-01-12T14:30:05Z</time></trkpt><trkpt lat="45.988225" lon="12.237825"><ele>222.326</ele><time>2022-01-12T14:30:06Z</time></trkpt><trkpt lat="45.988355" lon="12.237821"><ele>222.371</ele><time>2022-01-12T14:30:08Z</time></trkpt><trkpt lat="45.988474" lon="12.237824"><ele>222.484</ele><time>2022-01-12T14:30:10Z</time></trkpt><trkpt lat="45.988539" lon="12.237823"><ele>222.793</ele><time>2022-01-12T14:30:11Z</time></trkpt><trkpt lat="45.988653" lon="12.237827"><ele>223.951</ele><time>2022-01-12T14:30:13Z</time></trkpt><trkpt lat="45.988768" lon="12.237838"><ele>224.486</ele><time>2022-01-12T14:30:15Z</time></trkpt><trkpt lat="45.988836" lon="12.237857"><ele>224.960</ele><time>2022-01-12T14:30:16Z</time></trkpt><trkpt lat="45.988946" lon="12.237925"><ele>225.526</ele><time>2022-01-12T14:30:18Z</time></trkpt><trkpt lat="45.989028" lon="12.238027"><ele>225.908</ele><time>2022-01-12T14:30:20Z</time></trkpt><trkpt lat="45.989119" lon="12.238123"><ele>226.037</ele><time>2022-01-12T14:30:22Z</time></trkpt><trkpt lat="45.989166" lon="12.238167"><ele>226.090</ele><time>2022-01-12T14:30:23Z</time></trkpt><trkpt lat="45.989219" lon="12.238212"><ele>225.844</ele><time>2022-01-12T14:30:24Z</time></trkpt><trkpt lat="45.989322" lon="12.238311"><ele>225.520</ele><time>2022-01-12T14:30:26Z</time></trkpt><trkpt lat="45.989370" lon="12.238352"><ele>225.265</ele><time>2022-01-12T14:30:27Z</time></trkpt><trkpt lat="45.989464" lon="12.238447"><ele>225.578</ele><time>2022-01-12T14:30:29Z</time></trkpt><trkpt lat="45.989523" lon="12.238493"><ele>226.437</ele><time>2022-01-12T14:30:30Z</time></trkpt><trkpt lat="45.989637" lon="12.238582"><ele>226.875</ele><time>2022-01-12T14:30:32Z</time></trkpt><trkpt lat="45.989686" lon="12.238636"><ele>226.947</ele><time>2022-01-12T14:30:33Z</time></trkpt><trkpt lat="45.989782" lon="12.238737"><ele>227.029</ele><time>2022-01-12T14:30:35Z</time></trkpt><trkpt lat="45.989869" lon="12.238860"><ele>227.021</ele><time>2022-01-12T14:30:37Z</time></trkpt><trkpt lat="45.989932" lon="12.238997"><ele>224.908</ele><time>2022-01-12T14:30:39Z</time></trkpt><trkpt lat="45.989947" lon="12.239062"><ele>224.733</ele><time>2022-01-12T14:30:40Z</time></trkpt><trkpt lat="45.990005" lon="12.239204"><ele>224.646</ele><time>2022-01-12T14:30:42Z</time></trkpt><trkpt lat="45.990047" lon="12.239347"><ele>224.880</ele><time>2022-01-12T14:30:44Z</time></trkpt><trkpt lat="45.990068" lon="12.239418"><ele>224.946</ele><time>2022-01-12T14:30:45Z</time></trkpt><trkpt lat="45.990124" lon="12.239562"><ele>225.361</ele><time>2022-01-12T14:30:47Z</time></trkpt><trkpt lat="45.990185" lon="12.239701"><ele>225.374</ele><time>2022-01-12T14:30:49Z</time></trkpt><trkpt lat="45.990234" lon="12.239828"><ele>225.983</ele><time>2022-01-12T14:30:51Z</time></trkpt><trkpt lat="45.990250" lon="12.239899"><ele>226.041</ele><time>2022-01-12T14:30:52Z</time></trkpt><trkpt lat="45.990260" lon="12.240053"><ele>226.335</ele><time>2022-01-12T14:30:54Z</time></trkpt><trkpt lat="45.990254" lon="12.240143"><ele>226.686</ele><time>2022-01-12T14:30:55Z</time></trkpt><trkpt lat="45.990251" lon="12.240321"><ele>226.914</ele><time>2022-01-12T14:30:57Z</time></trkpt><trkpt lat="45.990265" lon="12.240493"><ele>227.408</ele><time>2022-01-12T14:30:59Z</time></trkpt><trkpt lat="45.990288" lon="12.240566"><ele>227.482</ele><time>2022-01-12T14:31:00Z</time></trkpt><trkpt lat="45.990346" lon="12.240702"><ele>227.385</ele><time>2022-01-12T14:31:02Z</time></trkpt><trkpt lat="45.990382" lon="12.240770"><ele>227.429</ele><time>2022-01-12T14:31:03Z</time></trkpt><trkpt lat="45.990419" lon="12.240829"><ele>227.445</ele><time>2022-01-12T14:31:04Z</time></trkpt><trkpt lat="45.990490" lon="12.240966"><ele>227.820</ele><time>2022-01-12T14:31:06Z</time></trkpt><trkpt lat="45.990559" lon="12.241093"><ele>227.823</ele><time>2022-01-12T14:31:08Z</time></trkpt><trkpt lat="45.990649" lon="12.241214"><ele>227.372</ele><time>2022-01-12T14:31:10Z</time></trkpt><trkpt lat="45.990694" lon="12.241264"><ele>227.260</ele><time>2022-01-12T14:31:11Z</time></trkpt><trkpt lat="45.990780" lon="12.241387"><ele>227.253</ele><time>2022-01-12T14:31:13Z</time></trkpt><trkpt lat="45.990827" lon="12.241455"><ele>227.204</ele><time>2022-01-12T14:31:14Z</time></trkpt><trkpt lat="45.990909" lon="12.241579"><ele>227.714</ele><time>2022-01-12T14:31:16Z</time></trkpt><trkpt lat="45.990947" lon="12.241647"><ele>227.908</ele><time>2022-01-12T14:31:17Z</time></trkpt><trkpt lat="45.991025" lon="12.241779"><ele>228.634</ele><time>2022-01-12T14:31:19Z</time></trkpt><trkpt lat="45.991101" lon="12.241884"><ele>228.627</ele><time>2022-01-12T14:31:21Z</time></trkpt><trkpt lat="45.991144" lon="12.241936"><ele>228.171</ele><time>2022-01-12T14:31:22Z</time></trkpt><trkpt lat="45.991185" lon="12.241988"><ele>228.167</ele><time>2022-01-12T14:31:23Z</time></trkpt><trkpt lat="45.991278" lon="12.242099"><ele>228.152</ele><time>2022-01-12T14:31:25Z</time></trkpt><trkpt lat="45.991321" lon="12.242156"><ele>228.115</ele><time>2022-01-12T14:31:26Z</time></trkpt><trkpt lat="45.991361" lon="12.242212"><ele>227.994</ele><time>2022-01-12T14:31:27Z</time></trkpt><trkpt lat="45.991403" lon="12.242269"><ele>227.812</ele><time>2022-01-12T14:31:28Z</time></trkpt><trkpt lat="45.991472" lon="12.242384"><ele>226.724</ele><time>2022-01-12T14:31:30Z</time></trkpt><trkpt lat="45.991549" lon="12.242499"><ele>225.804</ele><time>2022-01-12T14:31:32Z</time></trkpt><trkpt lat="45.991600" lon="12.242510"><ele>225.614</ele><time>2022-01-12T14:31:33Z</time></trkpt><trkpt lat="45.991655" lon="12.242531"><ele>225.608</ele><time>2022-01-12T14:31:34Z</time></trkpt><trkpt lat="45.991765" lon="12.242547"><ele>225.621</ele><time>2022-01-12T14:31:36Z</time></trkpt><trkpt lat="45.991865" lon="12.242557"><ele>225.264</ele><time>2022-01-12T14:31:38Z</time></trkpt><trkpt lat="45.991947" lon="12.242629"><ele>225.248</ele><time>2022-01-12T14:31:40Z</time></trkpt><trkpt lat="45.991989" lon="12.242760"><ele>225.684</ele><time>2022-01-12T14:31:42Z</time></trkpt><trkpt lat="45.992004" lon="12.242890"><ele>225.979</ele><time>2022-01-12T14:31:44Z</time></trkpt><trkpt lat="45.992003" lon="12.242971"><ele>226.042</ele><time>2022-01-12T14:31:45Z</time></trkpt><trkpt lat="45.992020" lon="12.243082"><ele>225.911</ele><time>2022-01-12T14:31:47Z</time></trkpt><trkpt lat="45.992033" lon="12.243154"><ele>225.419</ele><time>2022-01-12T14:31:50Z</time></trkpt><trkpt lat="45.992000" lon="12.243213"><ele>224.932</ele><time>2022-01-12T14:31:53Z</time></trkpt><trkpt lat="45.991972" lon="12.243266"><ele>225.092</ele><time>2022-01-12T14:31:55Z</time></trkpt><trkpt lat="45.991939" lon="12.243364"><ele>225.211</ele><time>2022-01-12T14:31:57Z</time></trkpt><trkpt lat="45.991930" lon="12.243481"><ele>225.408</ele><time>2022-01-12T14:31:59Z</time></trkpt><trkpt lat="45.991951" lon="12.243598"><ele>225.642</ele><time>2022-01-12T14:32:01Z</time></trkpt><trkpt lat="45.991977" lon="12.243719"><ele>225.615</ele><time>2022-01-12T14:32:03Z</time></trkpt><trkpt lat="45.991993" lon="12.243781"><ele>225.469</ele><time>2022-01-12T14:32:04Z</time></trkpt><trkpt lat="45.992037" lon="12.243897"><ele>225.435</ele><time>2022-01-12T14:32:06Z</time></trkpt><trkpt lat="45.992101" lon="12.243965"><ele>225.560</ele><time>2022-01-12T14:32:08Z</time></trkpt><trkpt lat="45.992172" lon="12.243960"><ele>225.383</ele><time>2022-01-12T14:32:10Z</time></trkpt><trkpt lat="45.992223" lon="12.243883"><ele>225.042</ele><time>2022-01-12T14:32:12Z</time></trkpt><trkpt lat="45.992267" lon="12.243828"><ele>225.010</ele><time>2022-01-12T14:32:14Z</time></trkpt><trkpt lat="45.992320" lon="12.243863"><ele>225.142</ele><time>2022-01-12T14:32:16Z</time></trkpt><trkpt lat="45.992364" lon="12.243929"><ele>225.622</ele><time>2022-01-12T14:32:18Z</time></trkpt><trkpt lat="45.992414" lon="12.243961"><ele>226.014</ele><time>2022-01-12T14:32:20Z</time></trkpt><trkpt lat="45.992463" lon="12.243909"><ele>226.508</ele><time>2022-01-12T14:32:22Z</time></trkpt><trkpt lat="45.992484" lon="12.243839"><ele>226.483</ele><time>2022-01-12T14:32:24Z</time></trkpt><trkpt lat="45.992525" lon="12.243806"><ele>226.266</ele><time>2022-01-12T14:32:26Z</time></trkpt><trkpt lat="45.992591" lon="12.243850"><ele>226.210</ele><time>2022-01-12T14:32:28Z</time></trkpt><trkpt lat="45.992673" lon="12.243875"><ele>226.336</ele><time>2022-01-12T14:32:30Z</time></trkpt><trkpt lat="45.992714" lon="12.243905"><ele>226.381</ele><time>2022-01-12T14:32:31Z</time></trkpt><trkpt lat="45.992754" lon="12.243940"><ele>226.494</ele><time>2022-01-12T14:32:32Z</time></trkpt><trkpt lat="45.992850" lon="12.244007"><ele>227.243</ele><time>2022-01-12T14:32:34Z</time></trkpt><trkpt lat="45.992938" lon="12.244048"><ele>227.251</ele><time>2022-01-12T14:32:36Z</time></trkpt><trkpt lat="45.993034" lon="12.244066"><ele>227.377</ele><time>2022-01-12T14:32:38Z</time></trkpt><trkpt lat="45.993081" lon="12.244069"><ele>227.461</ele><time>2022-01-12T14:32:39Z</time></trkpt><trkpt lat="45.993165" lon="12.244058"><ele>227.927</ele><time>2022-01-12T14:32:41Z</time></trkpt><trkpt lat="45.993240" lon="12.244029"><ele>228.008</ele><time>2022-01-12T14:32:43Z</time></trkpt><trkpt lat="45.993326" lon="12.243999"><ele>228.076</ele><time>2022-01-12T14:32:45Z</time></trkpt><trkpt lat="45.993380" lon="12.244014"><ele>227.959</ele><time>2022-01-12T14:32:47Z</time></trkpt><trkpt lat="45.993420" lon="12.244076"><ele>227.823</ele><time>2022-01-12T14:32:49Z</time></trkpt><trkpt lat="45.993438" lon="12.244185"><ele>227.219</ele><time>2022-01-12T14:32:51Z</time></trkpt><trkpt lat="45.993463" lon="12.244293"><ele>227.164</ele><time>2022-01-12T14:32:53Z</time></trkpt><trkpt lat="45.993489" lon="12.244397"><ele>227.197</ele><time>2022-01-12T14:32:55Z</time></trkpt><trkpt lat="45.993499" lon="12.244490"><ele>227.256</ele><time>2022-01-12T14:32:57Z</time></trkpt><trkpt lat="45.993503" lon="12.244567"><ele>227.614</ele><time>2022-01-12T14:32:59Z</time></trkpt><trkpt lat="45.993511" lon="12.244636"><ele>229.387</ele><time>2022-01-12T14:33:02Z</time></trkpt><trkpt lat="45.993555" lon="12.244688"><ele>230.742</ele><time>2022-01-12T14:33:35Z</time></trkpt><trkpt lat="45.993606" lon="12.244727"><ele>230.826</ele><time>2022-01-12T14:33:37Z</time></trkpt><trkpt lat="45.993667" lon="12.244720"><ele>230.808</ele><time>2022-01-12T14:33:39Z</time></trkpt><trkpt lat="45.993736" lon="12.244677"><ele>230.877</ele><time>2022-01-12T14:33:41Z</time></trkpt><trkpt lat="45.993807" lon="12.244631"><ele>229.620</ele><time>2022-01-12T14:33:43Z</time></trkpt><trkpt lat="45.993888" lon="12.244579"><ele>228.164</ele><time>2022-01-12T14:33:45Z</time></trkpt><trkpt lat="45.993970" lon="12.244528"><ele>227.660</ele><time>2022-01-12T14:33:47Z</time></trkpt><trkpt lat="45.994066" lon="12.244461"><ele>226.985</ele><time>2022-01-12T14:33:49Z</time></trkpt><trkpt lat="45.994119" lon="12.244429"><ele>226.938</ele><time>2022-01-12T14:33:50Z</time></trkpt><trkpt lat="45.994173" lon="12.244396"><ele>226.747</ele><time>2022-01-12T14:33:51Z</time></trkpt><trkpt lat="45.994276" lon="12.244332"><ele>225.915</ele><time>2022-01-12T14:33:53Z</time></trkpt><trkpt lat="45.994374" lon="12.244266"><ele>225.633</ele><time>2022-01-12T14:33:55Z</time></trkpt><trkpt lat="45.994474" lon="12.244195"><ele>225.523</ele><time>2022-01-12T14:33:57Z</time></trkpt><trkpt lat="45.994525" lon="12.244164"><ele>225.415</ele><time>2022-01-12T14:33:58Z</time></trkpt><trkpt lat="45.994609" lon="12.244086"><ele>225.208</ele><time>2022-01-12T14:34:00Z</time></trkpt><trkpt lat="45.994647" lon="12.244042"><ele>224.852</ele><time>2022-01-12T14:34:01Z</time></trkpt><trkpt lat="45.994725" lon="12.243939"><ele>224.635</ele><time>2022-01-12T14:34:03Z</time></trkpt><trkpt lat="45.994761" lon="12.243880"><ele>224.649</ele><time>2022-01-12T14:34:04Z</time></trkpt><trkpt lat="45.994792" lon="12.243819"><ele>225.275</ele><time>2022-01-12T14:34:05Z</time></trkpt><trkpt lat="45.994815" lon="12.243762"><ele>225.690</ele><time>2022-01-12T14:34:06Z</time></trkpt><trkpt lat="45.994819" lon="12.243681"><ele>225.673</ele><time>2022-01-12T14:34:08Z</time></trkpt><trkpt lat="45.994760" lon="12.243585"><ele>225.732</ele><time>2022-01-12T14:34:10Z</time></trkpt><trkpt lat="45.994703" lon="12.243505"><ele>225.530</ele><time>2022-01-12T14:34:12Z</time></trkpt><trkpt lat="45.994652" lon="12.243432"><ele>225.425</ele><time>2022-01-12T14:34:14Z</time></trkpt><trkpt lat="45.994665" lon="12.243349"><ele>224.626</ele><time>2022-01-12T14:34:16Z</time></trkpt><trkpt lat="45.994730" lon="12.243282"><ele>224.508</ele><time>2022-01-12T14:34:18Z</time></trkpt><trkpt lat="45.994770" lon="12.243248"><ele>224.508</ele><time>2022-01-12T14:34:19Z</time></trkpt><trkpt lat="45.994846" lon="12.243160"><ele>224.931</ele><time>2022-01-12T14:34:21Z</time></trkpt><trkpt lat="45.994883" lon="12.243115"><ele>225.254</ele><time>2022-01-12T14:34:22Z</time></trkpt><trkpt lat="45.994918" lon="12.243074"><ele>225.218</ele><time>2022-01-12T14:34:23Z</time></trkpt><trkpt lat="45.994969" lon="12.242966"><ele>225.214</ele><time>2022-01-12T14:34:25Z</time></trkpt><trkpt lat="45.995016" lon="12.242848"><ele>225.169</ele><time>2022-01-12T14:34:27Z</time></trkpt><trkpt lat="45.995042" lon="12.242789"><ele>225.062</ele><time>2022-01-12T14:34:28Z</time></trkpt><trkpt lat="45.995085" lon="12.242661"><ele>224.621</ele><time>2022-01-12T14:34:30Z</time></trkpt><trkpt lat="45.995106" lon="12.242598"><ele>224.359</ele><time>2022-01-12T14:34:31Z</time></trkpt><trkpt lat="45.995145" lon="12.242457"><ele>223.654</ele><time>2022-01-12T14:34:33Z</time></trkpt><trkpt lat="45.995162" lon="12.242388"><ele>223.556</ele><time>2022-01-12T14:34:34Z</time></trkpt><trkpt lat="45.995179" lon="12.242248"><ele>223.111</ele><time>2022-01-12T14:34:36Z</time></trkpt><trkpt lat="45.995178" lon="12.242176"><ele>223.108</ele><time>2022-01-12T14:34:37Z</time></trkpt><trkpt lat="45.995162" lon="12.242037"><ele>222.564</ele><time>2022-01-12T14:34:39Z</time></trkpt><trkpt lat="45.995146" lon="12.241967"><ele>222.227</ele><time>2022-01-12T14:34:40Z</time></trkpt><trkpt lat="45.995112" lon="12.241824"><ele>221.881</ele><time>2022-01-12T14:34:42Z</time></trkpt><trkpt lat="45.995099" lon="12.241756"><ele>221.547</ele><time>2022-01-12T14:34:43Z</time></trkpt><trkpt lat="45.995085" lon="12.241693"><ele>221.532</ele><time>2022-01-12T14:34:44Z</time></trkpt><trkpt lat="45.995058" lon="12.241585"><ele>221.755</ele><time>2022-01-12T14:34:46Z</time></trkpt><trkpt lat="45.995030" lon="12.241479"><ele>222.074</ele><time>2022-01-12T14:34:48Z</time></trkpt><trkpt lat="45.995001" lon="12.241389"><ele>222.162</ele><time>2022-01-12T14:34:50Z</time></trkpt><trkpt lat="45.994967" lon="12.241332"><ele>225.386</ele><time>2022-01-12T14:35:41Z</time></trkpt><trkpt lat="45.994926" lon="12.241258"><ele>225.360</ele><time>2022-01-12T14:35:44Z</time></trkpt><trkpt lat="45.994891" lon="12.241158"><ele>225.326</ele><time>2022-01-12T14:35:46Z</time></trkpt><trkpt lat="45.994870" lon="12.241092"><ele>225.308</ele><time>2022-01-12T14:35:47Z</time></trkpt><trkpt lat="45.994819" lon="12.240948"><ele>225.357</ele><time>2022-01-12T14:35:49Z</time></trkpt><trkpt lat="45.994790" lon="12.240875"><ele>225.930</ele><time>2022-01-12T14:35:50Z</time></trkpt><trkpt lat="45.994740" lon="12.240734"><ele>225.834</ele><time>2022-01-12T14:35:52Z</time></trkpt><trkpt lat="45.994688" lon="12.240600"><ele>225.850</ele><time>2022-01-12T14:35:54Z</time></trkpt><trkpt lat="45.994630" lon="12.240473"><ele>226.015</ele><time>2022-01-12T14:35:56Z</time></trkpt><trkpt lat="45.994599" lon="12.240411"><ele>226.168</ele><time>2022-01-12T14:35:57Z</time></trkpt><trkpt lat="45.994566" lon="12.240350"><ele>226.247</ele><time>2022-01-12T14:35:58Z</time></trkpt><trkpt lat="45.994502" lon="12.240231"><ele>226.585</ele><time>2022-01-12T14:36:00Z</time></trkpt><trkpt lat="45.994470" lon="12.240172"><ele>226.688</ele><time>2022-01-12T14:36:01Z</time></trkpt><trkpt lat="45.994439" lon="12.240113"><ele>226.624</ele><time>2022-01-12T14:36:02Z</time></trkpt><trkpt lat="45.994407" lon="12.240054"><ele>226.726</ele><time>2022-01-12T14:36:03Z</time></trkpt><trkpt lat="45.994343" lon="12.239944"><ele>227.108</ele><time>2022-01-12T14:36:05Z</time></trkpt><trkpt lat="45.994313" lon="12.239881"><ele>227.477</ele><time>2022-01-12T14:36:06Z</time></trkpt><trkpt lat="45.994283" lon="12.239815"><ele>227.660</ele><time>2022-01-12T14:36:07Z</time></trkpt><trkpt lat="45.994215" lon="12.239687"><ele>227.714</ele><time>2022-01-12T14:36:09Z</time></trkpt><trkpt lat="45.994178" lon="12.239621"><ele>227.760</ele><time>2022-01-12T14:36:10Z</time></trkpt><trkpt lat="45.994108" lon="12.239491"><ele>227.115</ele><time>2022-01-12T14:36:12Z</time></trkpt><trkpt lat="45.994078" lon="12.239427"><ele>227.078</ele><time>2022-01-12T14:36:13Z</time></trkpt><trkpt lat="45.994042" lon="12.239359"><ele>226.957</ele><time>2022-01-12T14:36:14Z</time></trkpt><trkpt lat="45.994007" lon="12.239290"><ele>226.965</ele><time>2022-01-12T14:36:15Z</time></trkpt><trkpt lat="45.993974" lon="12.239222"><ele>226.937</ele><time>2022-01-12T14:36:16Z</time></trkpt><trkpt lat="45.993902" lon="12.239081"><ele>226.749</ele><time>2022-01-12T14:36:18Z</time></trkpt><trkpt lat="45.993863" lon="12.239014"><ele>226.713</ele><time>2022-01-12T14:36:19Z</time></trkpt><trkpt lat="45.993823" lon="12.238948"><ele>226.508</ele><time>2022-01-12T14:36:20Z</time></trkpt><trkpt lat="45.993743" lon="12.238823"><ele>226.322</ele><time>2022-01-12T14:36:22Z</time></trkpt><trkpt lat="45.993704" lon="12.238757"><ele>226.065</ele><time>2022-01-12T14:36:23Z</time></trkpt><trkpt lat="45.993659" lon="12.238699"><ele>226.079</ele><time>2022-01-12T14:36:24Z</time></trkpt><trkpt lat="45.993569" lon="12.238582"><ele>225.825</ele><time>2022-01-12T14:36:26Z</time></trkpt><trkpt lat="45.993470" lon="12.238479"><ele>225.880</ele><time>2022-01-12T14:36:28Z</time></trkpt><trkpt lat="45.993419" lon="12.238426"><ele>225.853</ele><time>2022-01-12T14:36:29Z</time></trkpt><trkpt lat="45.993329" lon="12.238318"><ele>225.812</ele><time>2022-01-12T14:36:31Z</time></trkpt><trkpt lat="45.993231" lon="12.238218"><ele>225.950</ele><time>2022-01-12T14:36:33Z</time></trkpt><trkpt lat="45.993183" lon="12.238171"><ele>226.283</ele><time>2022-01-12T14:36:34Z</time></trkpt><trkpt lat="45.993133" lon="12.238123"><ele>226.725</ele><time>2022-01-12T14:36:35Z</time></trkpt><trkpt lat="45.993032" lon="12.238028"><ele>226.817</ele><time>2022-01-12T14:36:37Z</time></trkpt><trkpt lat="45.992937" lon="12.237949"><ele>226.408</ele><time>2022-01-12T14:36:39Z</time></trkpt><trkpt lat="45.992835" lon="12.237866"><ele>225.977</ele><time>2022-01-12T14:36:41Z</time></trkpt><trkpt lat="45.992747" lon="12.237773"><ele>225.830</ele><time>2022-01-12T14:36:43Z</time></trkpt><trkpt lat="45.992714" lon="12.237724"><ele>225.844</ele><time>2022-01-12T14:36:44Z</time></trkpt><trkpt lat="45.992679" lon="12.237671"><ele>225.880</ele><time>2022-01-12T14:36:45Z</time></trkpt><trkpt lat="45.992648" lon="12.237624"><ele>225.835</ele><time>2022-01-12T14:36:46Z</time></trkpt><trkpt lat="45.992613" lon="12.237575"><ele>225.928</ele><time>2022-01-12T14:36:47Z</time></trkpt><trkpt lat="45.992552" lon="12.237483"><ele>225.917</ele><time>2022-01-12T14:36:49Z</time></trkpt><trkpt lat="45.992509" lon="12.237374"><ele>226.165</ele><time>2022-01-12T14:36:51Z</time></trkpt><trkpt lat="45.992464" lon="12.237261"><ele>226.516</ele><time>2022-01-12T14:36:53Z</time></trkpt><trkpt lat="45.992405" lon="12.237150"><ele>227.076</ele><time>2022-01-12T14:36:55Z</time></trkpt><trkpt lat="45.992342" lon="12.237052"><ele>227.613</ele><time>2022-01-12T14:36:57Z</time></trkpt><trkpt lat="45.992315" lon="12.236994"><ele>227.608</ele><time>2022-01-12T14:36:58Z</time></trkpt><trkpt lat="45.992254" lon="12.236888"><ele>227.660</ele><time>2022-01-12T14:37:00Z</time></trkpt><trkpt lat="45.992198" lon="12.236780"><ele>227.933</ele><time>2022-01-12T14:37:02Z</time></trkpt><trkpt lat="45.992141" lon="12.236666"><ele>228.117</ele><time>2022-01-12T14:37:04Z</time></trkpt><trkpt lat="45.992082" lon="12.236571"><ele>228.243</ele><time>2022-01-12T14:37:06Z</time></trkpt><trkpt lat="45.992051" lon="12.236514"><ele>228.298</ele><time>2022-01-12T14:37:07Z</time></trkpt><trkpt lat="45.991995" lon="12.236392"><ele>228.411</ele><time>2022-01-12T14:37:09Z</time></trkpt><trkpt lat="45.991940" lon="12.236274"><ele>228.430</ele><time>2022-01-12T14:37:11Z</time></trkpt><trkpt lat="45.991878" lon="12.236162"><ele>228.318</ele><time>2022-01-12T14:37:13Z</time></trkpt><trkpt lat="45.991818" lon="12.236017"><ele>228.377</ele><time>2022-01-12T14:37:15Z</time></trkpt><trkpt lat="45.991754" lon="12.235872"><ele>227.861</ele><time>2022-01-12T14:37:17Z</time></trkpt><trkpt lat="45.991704" lon="12.235736"><ele>227.827</ele><time>2022-01-12T14:37:19Z</time></trkpt><trkpt lat="45.991683" lon="12.235672"><ele>227.608</ele><time>2022-01-12T14:37:20Z</time></trkpt><trkpt lat="45.991648" lon="12.235528"><ele>227.696</ele><time>2022-01-12T14:37:22Z</time></trkpt><trkpt lat="45.991633" lon="12.235455"><ele>227.619</ele><time>2022-01-12T14:37:23Z</time></trkpt><trkpt lat="45.991608" lon="12.235308"><ele>227.593</ele><time>2022-01-12T14:37:25Z</time></trkpt><trkpt lat="45.991594" lon="12.235237"><ele>227.579</ele><time>2022-01-12T14:37:26Z</time></trkpt><trkpt lat="45.991562" lon="12.235093"><ele>227.434</ele><time>2022-01-12T14:37:28Z</time></trkpt><trkpt lat="45.991545" lon="12.235021"><ele>227.397</ele><time>2022-01-12T14:37:29Z</time></trkpt><trkpt lat="45.991502" lon="12.234879"><ele>227.016</ele><time>2022-01-12T14:37:31Z</time></trkpt><trkpt lat="45.991478" lon="12.234810"><ele>226.724</ele><time>2022-01-12T14:37:32Z</time></trkpt><trkpt lat="45.991451" lon="12.234747"><ele>226.542</ele><time>2022-01-12T14:37:33Z</time></trkpt><trkpt lat="45.991388" lon="12.234641"><ele>226.522</ele><time>2022-01-12T14:37:35Z</time></trkpt><trkpt lat="45.991350" lon="12.234600"><ele>226.514</ele><time>2022-01-12T14:37:36Z</time></trkpt><trkpt lat="45.991313" lon="12.234563"><ele>226.608</ele><time>2022-01-12T14:37:37Z</time></trkpt><trkpt lat="45.991229" lon="12.234485"><ele>227.233</ele><time>2022-01-12T14:37:39Z</time></trkpt><trkpt lat="45.991145" lon="12.234406"><ele>227.556</ele><time>2022-01-12T14:37:41Z</time></trkpt><trkpt lat="45.991104" lon="12.234367"><ele>227.730</ele><time>2022-01-12T14:37:42Z</time></trkpt><trkpt lat="45.991019" lon="12.234295"><ele>228.196</ele><time>2022-01-12T14:37:44Z</time></trkpt><trkpt lat="45.990976" lon="12.234267"><ele>228.391</ele><time>2022-01-12T14:37:45Z</time></trkpt><trkpt lat="45.990893" lon="12.234202"><ele>228.334</ele><time>2022-01-12T14:37:47Z</time></trkpt><trkpt lat="45.990814" lon="12.234130"><ele>228.473</ele><time>2022-01-12T14:37:49Z</time></trkpt><trkpt lat="45.990773" lon="12.234101"><ele>228.571</ele><time>2022-01-12T14:37:50Z</time></trkpt><trkpt lat="45.990696" lon="12.234026"><ele>228.974</ele><time>2022-01-12T14:37:52Z</time></trkpt><trkpt lat="45.990658" lon="12.233982"><ele>229.056</ele><time>2022-01-12T14:37:53Z</time></trkpt><trkpt lat="45.990604" lon="12.233874"><ele>229.121</ele><time>2022-01-12T14:37:55Z</time></trkpt><trkpt lat="45.990572" lon="12.233757"><ele>229.408</ele><time>2022-01-12T14:37:57Z</time></trkpt><trkpt lat="45.990553" lon="12.233643"><ele>229.616</ele><time>2022-01-12T14:37:59Z</time></trkpt><trkpt lat="45.990525" lon="12.233568"><ele>229.699</ele><time>2022-01-12T14:38:01Z</time></trkpt><trkpt lat="45.990461" lon="12.233536"><ele>229.643</ele><time>2022-01-12T14:38:03Z</time></trkpt><trkpt lat="45.990413" lon="12.233499"><ele>229.539</ele><time>2022-01-12T14:38:04Z</time></trkpt><trkpt lat="45.990339" lon="12.233388"><ele>228.454</ele><time>2022-01-12T14:38:06Z</time></trkpt><trkpt lat="45.990315" lon="12.233324"><ele>227.847</ele><time>2022-01-12T14:38:07Z</time></trkpt><trkpt lat="45.990298" lon="12.233214"><ele>226.856</ele><time>2022-01-12T14:38:09Z</time></trkpt><trkpt lat="45.990293" lon="12.233129"><ele>226.754</ele><time>2022-01-12T14:38:11Z</time></trkpt><trkpt lat="45.990282" lon="12.233064"><ele>226.637</ele><time>2022-01-12T14:38:13Z</time></trkpt><trkpt lat="45.990277" lon="12.232960"><ele>226.449</ele><time>2022-01-12T14:38:15Z</time></trkpt><trkpt lat="45.990265" lon="12.232840"><ele>225.813</ele><time>2022-01-12T14:38:17Z</time></trkpt><trkpt lat="45.990265" lon="12.232725"><ele>225.508</ele><time>2022-01-12T14:38:19Z</time></trkpt><trkpt lat="45.990310" lon="12.232607"><ele>225.032</ele><time>2022-01-12T14:38:21Z</time></trkpt><trkpt lat="45.990380" lon="12.232485"><ele>224.375</ele><time>2022-01-12T14:38:23Z</time></trkpt><trkpt lat="45.990410" lon="12.232422"><ele>224.319</ele><time>2022-01-12T14:38:24Z</time></trkpt><trkpt lat="45.990459" lon="12.232337"><ele>224.335</ele><time>2022-01-12T14:38:26Z</time></trkpt><trkpt lat="45.990517" lon="12.232224"><ele>224.420</ele><time>2022-01-12T14:38:28Z</time></trkpt><trkpt lat="45.990550" lon="12.232162"><ele>224.473</ele><time>2022-01-12T14:38:29Z</time></trkpt><trkpt lat="45.990563" lon="12.232003"><ele>220.592</ele><time>2022-01-12T14:38:31Z</time></trkpt><trkpt lat="45.990554" lon="12.231858"><ele>219.810</ele><time>2022-01-12T14:38:33Z</time></trkpt><trkpt lat="45.990506" lon="12.231734"><ele>220.013</ele><time>2022-01-12T14:38:35Z</time></trkpt><trkpt lat="45.990423" lon="12.231631"><ele>220.143</ele><time>2022-01-12T14:38:37Z</time></trkpt><trkpt lat="45.990307" lon="12.231529"><ele>220.607</ele><time>2022-01-12T14:38:39Z</time></trkpt><trkpt lat="45.990194" lon="12.231448"><ele>221.808</ele><time>2022-01-12T14:38:41Z</time></trkpt><trkpt lat="45.990141" lon="12.231405"><ele>222.710</ele><time>2022-01-12T14:38:42Z</time></trkpt><trkpt lat="45.990042" lon="12.231331"><ele>223.543</ele><time>2022-01-12T14:38:44Z</time></trkpt><trkpt lat="45.989944" lon="12.231308"><ele>223.767</ele><time>2022-01-12T14:38:46Z</time></trkpt><trkpt lat="45.989835" lon="12.231239"><ele>225.183</ele><time>2022-01-12T14:38:48Z</time></trkpt><trkpt lat="45.989750" lon="12.231173"><ele>226.338</ele><time>2022-01-12T14:38:50Z</time></trkpt><trkpt lat="45.989677" lon="12.231148"><ele>226.771</ele><time>2022-01-12T14:38:52Z</time></trkpt><trkpt lat="45.989629" lon="12.231141"><ele>226.830</ele><time>2022-01-12T14:38:53Z</time></trkpt><trkpt lat="45.989522" lon="12.231120"><ele>226.848</ele><time>2022-01-12T14:38:55Z</time></trkpt><trkpt lat="45.989419" lon="12.231056"><ele>225.957</ele><time>2022-01-12T14:38:57Z</time></trkpt><trkpt lat="45.989366" lon="12.231013"><ele>224.900</ele><time>2022-01-12T14:38:58Z</time></trkpt><trkpt lat="45.989316" lon="12.230973"><ele>224.920</ele><time>2022-01-12T14:38:59Z</time></trkpt><trkpt lat="45.989230" lon="12.230901"><ele>224.908</ele><time>2022-01-12T14:39:01Z</time></trkpt><trkpt lat="45.989163" lon="12.230871"><ele>224.914</ele><time>2022-01-12T14:39:02Z</time></trkpt><trkpt lat="45.989114" lon="12.230841"><ele>224.997</ele><time>2022-01-12T14:39:03Z</time></trkpt><trkpt lat="45.989005" lon="12.230788"><ele>224.621</ele><time>2022-01-12T14:39:05Z</time></trkpt><trkpt lat="45.988892" lon="12.230721"><ele>224.687</ele><time>2022-01-12T14:39:07Z</time></trkpt><trkpt lat="45.988787" lon="12.230664"><ele>224.642</ele><time>2022-01-12T14:39:09Z</time></trkpt><trkpt lat="45.988713" lon="12.230565"><ele>224.255</ele><time>2022-01-12T14:39:11Z</time></trkpt><trkpt lat="45.988676" lon="12.230498"><ele>224.254</ele><time>2022-01-12T14:39:12Z</time></trkpt><trkpt lat="45.988644" lon="12.230421"><ele>224.392</ele><time>2022-01-12T14:39:13Z</time></trkpt><trkpt lat="45.988613" lon="12.230271"><ele>223.524</ele><time>2022-01-12T14:39:15Z</time></trkpt><trkpt lat="45.988600" lon="12.230192"><ele>223.504</ele><time>2022-01-12T14:39:16Z</time></trkpt><trkpt lat="45.988590" lon="12.230114"><ele>222.214</ele><time>2022-01-12T14:39:17Z</time></trkpt><trkpt lat="45.988550" lon="12.229941"><ele>221.308</ele><time>2022-01-12T14:39:19Z</time></trkpt><trkpt lat="45.988509" lon="12.229769"><ele>221.441</ele><time>2022-01-12T14:39:21Z</time></trkpt><trkpt lat="45.988525" lon="12.229599"><ele>221.584</ele><time>2022-01-12T14:39:23Z</time></trkpt><trkpt lat="45.988571" lon="12.229439"><ele>221.628</ele><time>2022-01-12T14:39:25Z</time></trkpt><trkpt lat="45.988588" lon="12.229356"><ele>221.774</ele><time>2022-01-12T14:39:26Z</time></trkpt><trkpt lat="45.988611" lon="12.229274"><ele>221.869</ele><time>2022-01-12T14:39:27Z</time></trkpt><trkpt lat="45.988633" lon="12.229109"><ele>222.022</ele><time>2022-01-12T14:39:29Z</time></trkpt><trkpt lat="45.988656" lon="12.228973"><ele>222.311</ele><time>2022-01-12T14:39:31Z</time></trkpt><trkpt lat="45.988669" lon="12.228794"><ele>222.389</ele><time>2022-01-12T14:39:33Z</time></trkpt><trkpt lat="45.988684" lon="12.228636"><ele>222.475</ele><time>2022-01-12T14:39:35Z</time></trkpt><trkpt lat="45.988686" lon="12.228553"><ele>222.528</ele><time>2022-01-12T14:39:36Z</time></trkpt><trkpt lat="45.988680" lon="12.228456"><ele>222.620</ele><time>2022-01-12T14:39:37Z</time></trkpt><trkpt lat="45.988664" lon="12.228275"><ele>223.008</ele><time>2022-01-12T14:39:39Z</time></trkpt><trkpt lat="45.988642" lon="12.228192"><ele>223.336</ele><time>2022-01-12T14:39:40Z</time></trkpt><trkpt lat="45.988597" lon="12.228034"><ele>223.759</ele><time>2022-01-12T14:39:42Z</time></trkpt><trkpt lat="45.988566" lon="12.227952"><ele>223.923</ele><time>2022-01-12T14:39:43Z</time></trkpt><trkpt lat="45.988529" lon="12.227884"><ele>224.049</ele><time>2022-01-12T14:39:44Z</time></trkpt><trkpt lat="45.988493" lon="12.227819"><ele>224.334</ele><time>2022-01-12T14:39:45Z</time></trkpt><trkpt lat="45.988444" lon="12.227677"><ele>225.017</ele><time>2022-01-12T14:39:47Z</time></trkpt><trkpt lat="45.988426" lon="12.227515"><ele>225.366</ele><time>2022-01-12T14:39:49Z</time></trkpt><trkpt lat="45.988409" lon="12.227334"><ele>225.314</ele><time>2022-01-12T14:39:51Z</time></trkpt><trkpt lat="45.988346" lon="12.227177"><ele>224.983</ele><time>2022-01-12T14:39:53Z</time></trkpt><trkpt lat="45.988267" lon="12.227062"><ele>224.625</ele><time>2022-01-12T14:39:55Z</time></trkpt><trkpt lat="45.988214" lon="12.227006"><ele>224.617</ele><time>2022-01-12T14:39:56Z</time></trkpt><trkpt lat="45.988170" lon="12.226949"><ele>224.508</ele><time>2022-01-12T14:39:57Z</time></trkpt><trkpt lat="45.988067" lon="12.226848"><ele>224.477</ele><time>2022-01-12T14:39:59Z</time></trkpt><trkpt lat="45.987954" lon="12.226769"><ele>224.030</ele><time>2022-01-12T14:40:01Z</time></trkpt><trkpt lat="45.987850" lon="12.226710"><ele>223.954</ele><time>2022-01-12T14:40:03Z</time></trkpt><trkpt lat="45.987803" lon="12.226688"><ele>223.710</ele><time>2022-01-12T14:40:04Z</time></trkpt><trkpt lat="45.987755" lon="12.226675"><ele>223.635</ele><time>2022-01-12T14:40:05Z</time></trkpt><trkpt lat="45.987645" lon="12.226641"><ele>223.658</ele><time>2022-01-12T14:40:07Z</time></trkpt><trkpt lat="45.987537" lon="12.226621"><ele>223.617</ele><time>2022-01-12T14:40:09Z</time></trkpt><trkpt lat="45.987481" lon="12.226604"><ele>223.625</ele><time>2022-01-12T14:40:10Z</time></trkpt><trkpt lat="45.987431" lon="12.226579"><ele>223.917</ele><time>2022-01-12T14:40:11Z</time></trkpt><trkpt lat="45.987334" lon="12.226521"><ele>224.187</ele><time>2022-01-12T14:40:13Z</time></trkpt><trkpt lat="45.987243" lon="12.226418"><ele>224.615</ele><time>2022-01-12T14:40:15Z</time></trkpt><trkpt lat="45.987206" lon="12.226356"><ele>224.708</ele><time>2022-01-12T14:40:16Z</time></trkpt><trkpt lat="45.987182" lon="12.226283"><ele>224.710</ele><time>2022-01-12T14:40:17Z</time></trkpt><trkpt lat="45.987163" lon="12.226206"><ele>224.783</ele><time>2022-01-12T14:40:18Z</time></trkpt><trkpt lat="45.987115" lon="12.226053"><ele>224.237</ele><time>2022-01-12T14:40:20Z</time></trkpt><trkpt lat="45.987094" lon="12.225974"><ele>224.223</ele><time>2022-01-12T14:40:21Z</time></trkpt><trkpt lat="45.987072" lon="12.225896"><ele>224.138</ele><time>2022-01-12T14:40:22Z</time></trkpt><trkpt lat="45.987022" lon="12.225738"><ele>224.061</ele><time>2022-01-12T14:40:24Z</time></trkpt><trkpt lat="45.986996" lon="12.225655"><ele>224.060</ele><time>2022-01-12T14:40:25Z</time></trkpt><trkpt lat="45.986946" lon="12.225491"><ele>224.048</ele><time>2022-01-12T14:40:27Z</time></trkpt><trkpt lat="45.986898" lon="12.225328"><ele>224.211</ele><time>2022-01-12T14:40:29Z</time></trkpt><trkpt lat="45.986849" lon="12.225165"><ele>224.421</ele><time>2022-01-12T14:40:31Z</time></trkpt><trkpt lat="45.986818" lon="12.225020"><ele>224.403</ele><time>2022-01-12T14:40:33Z</time></trkpt><trkpt lat="45.986838" lon="12.224886"><ele>224.308</ele><time>2022-01-12T14:40:35Z</time></trkpt><trkpt lat="45.986864" lon="12.224827"><ele>224.320</ele><time>2022-01-12T14:40:36Z</time></trkpt><trkpt lat="45.986920" lon="12.224696"><ele>224.373</ele><time>2022-01-12T14:40:38Z</time></trkpt><trkpt lat="45.986971" lon="12.224548"><ele>224.477</ele><time>2022-01-12T14:40:40Z</time></trkpt><trkpt lat="45.986977" lon="12.224406"><ele>224.043</ele><time>2022-01-12T14:40:42Z</time></trkpt><trkpt lat="45.986953" lon="12.224337"><ele>224.098</ele><time>2022-01-12T14:40:43Z</time></trkpt><trkpt lat="45.986909" lon="12.224206"><ele>224.071</ele><time>2022-01-12T14:40:45Z</time></trkpt><trkpt lat="45.986876" lon="12.224060"><ele>224.270</ele><time>2022-01-12T14:40:47Z</time></trkpt><trkpt lat="45.986855" lon="12.223983"><ele>224.228</ele><time>2022-01-12T14:40:48Z</time></trkpt><trkpt lat="45.986816" lon="12.223870"><ele>224.255</ele><time>2022-01-12T14:40:50Z</time></trkpt><trkpt lat="45.986776" lon="12.223783"><ele>223.907</ele><time>2022-01-12T14:40:52Z</time></trkpt><trkpt lat="45.986739" lon="12.223697"><ele>223.917</ele><time>2022-01-12T14:40:54Z</time></trkpt><trkpt lat="45.986692" lon="12.223619"><ele>224.108</ele><time>2022-01-12T14:40:56Z</time></trkpt><trkpt lat="45.986643" lon="12.223544"><ele>224.324</ele><time>2022-01-12T14:40:58Z</time></trkpt><trkpt lat="45.986597" lon="12.223469"><ele>224.397</ele><time>2022-01-12T14:41:00Z</time></trkpt><trkpt lat="45.986548" lon="12.223388"><ele>224.341</ele><time>2022-01-12T14:41:02Z</time></trkpt><trkpt lat="45.986499" lon="12.223308"><ele>223.847</ele><time>2022-01-12T14:41:04Z</time></trkpt><trkpt lat="45.986457" lon="12.223216"><ele>223.732</ele><time>2022-01-12T14:41:06Z</time></trkpt><trkpt lat="45.986411" lon="12.223121"><ele>223.755</ele><time>2022-01-12T14:41:08Z</time></trkpt><trkpt lat="45.986361" lon="12.223030"><ele>223.994</ele><time>2022-01-12T14:41:10Z</time></trkpt><trkpt lat="45.986315" lon="12.222949"><ele>224.082</ele><time>2022-01-12T14:41:12Z</time></trkpt><trkpt lat="45.986274" lon="12.222896"><ele>224.293</ele><time>2022-01-12T14:41:14Z</time></trkpt><trkpt lat="45.986225" lon="12.222847"><ele>224.065</ele><time>2022-01-12T14:41:17Z</time></trkpt><trkpt lat="45.986192" lon="12.222803"><ele>223.921</ele><time>2022-01-12T14:41:20Z</time></trkpt><trkpt lat="45.986154" lon="12.222738"><ele>224.008</ele><time>2022-01-12T14:41:23Z</time></trkpt><trkpt lat="45.986117" lon="12.222679"><ele>223.958</ele><time>2022-01-12T14:41:25Z</time></trkpt><trkpt lat="45.986085" lon="12.222610"><ele>223.811</ele><time>2022-01-12T14:41:26Z</time></trkpt><trkpt lat="45.986023" lon="12.222471"><ele>223.855</ele><time>2022-01-12T14:41:28Z</time></trkpt><trkpt lat="45.985995" lon="12.222400"><ele>223.561</ele><time>2022-01-12T14:41:29Z</time></trkpt><trkpt lat="45.985965" lon="12.222333"><ele>223.396</ele><time>2022-01-12T14:41:30Z</time></trkpt><trkpt lat="45.985899" lon="12.222200"><ele>223.179</ele><time>2022-01-12T14:41:32Z</time></trkpt><trkpt lat="45.985829" lon="12.222073"><ele>223.188</ele><time>2022-01-12T14:41:34Z</time></trkpt><trkpt lat="45.985794" lon="12.222011"><ele>223.176</ele><time>2022-01-12T14:41:35Z</time></trkpt><trkpt lat="45.985726" lon="12.221874"><ele>223.211</ele><time>2022-01-12T14:41:37Z</time></trkpt><trkpt lat="45.985694" lon="12.221810"><ele>223.221</ele><time>2022-01-12T14:41:38Z</time></trkpt><trkpt lat="45.985633" lon="12.221687"><ele>223.203</ele><time>2022-01-12T14:41:40Z</time></trkpt><trkpt lat="45.985596" lon="12.221633"><ele>223.308</ele><time>2022-01-12T14:41:41Z</time></trkpt><trkpt lat="45.985558" lon="12.221577"><ele>223.410</ele><time>2022-01-12T14:41:42Z</time></trkpt><trkpt lat="45.985490" lon="12.221453"><ele>223.623</ele><time>2022-01-12T14:41:44Z</time></trkpt><trkpt lat="45.985462" lon="12.221393"><ele>223.767</ele><time>2022-01-12T14:41:45Z</time></trkpt><trkpt lat="45.985429" lon="12.221288"><ele>224.343</ele><time>2022-01-12T14:41:47Z</time></trkpt><trkpt lat="45.985456" lon="12.221153"><ele>224.378</ele><time>2022-01-12T14:41:49Z</time></trkpt><trkpt lat="45.985492" lon="12.221083"><ele>224.281</ele><time>2022-01-12T14:41:50Z</time></trkpt><trkpt lat="45.985566" lon="12.220968"><ele>224.070</ele><time>2022-01-12T14:41:52Z</time></trkpt><trkpt lat="45.985605" lon="12.220911"><ele>224.028</ele><time>2022-01-12T14:41:53Z</time></trkpt><trkpt lat="45.985693" lon="12.220812"><ele>223.976</ele><time>2022-01-12T14:41:55Z</time></trkpt><trkpt lat="45.985739" lon="12.220776"><ele>223.990</ele><time>2022-01-12T14:41:56Z</time></trkpt><trkpt lat="45.985826" lon="12.220678"><ele>223.819</ele><time>2022-01-12T14:41:58Z</time></trkpt><trkpt lat="45.985865" lon="12.220625"><ele>223.808</ele><time>2022-01-12T14:41:59Z</time></trkpt><trkpt lat="45.985902" lon="12.220562"><ele>223.856</ele><time>2022-01-12T14:42:00Z</time></trkpt><trkpt lat="45.985961" lon="12.220408"><ele>225.219</ele><time>2022-01-12T14:42:02Z</time></trkpt><trkpt lat="45.985977" lon="12.220329"><ele>225.613</ele><time>2022-01-12T14:42:03Z</time></trkpt><trkpt lat="45.985988" lon="12.220172"><ele>227.189</ele><time>2022-01-12T14:42:05Z</time></trkpt><trkpt lat="45.986002" lon="12.220016"><ele>227.274</ele><time>2022-01-12T14:42:07Z</time></trkpt><trkpt lat="45.986035" lon="12.219953"><ele>227.277</ele><time>2022-01-12T14:42:08Z</time></trkpt><trkpt lat="45.986068" lon="12.219888"><ele>227.176</ele><time>2022-01-12T14:42:09Z</time></trkpt><trkpt lat="45.986120" lon="12.219735"><ele>226.374</ele><time>2022-01-12T14:42:11Z</time></trkpt><trkpt lat="45.986147" lon="12.219649"><ele>226.167</ele><time>2022-01-12T14:42:12Z</time></trkpt><trkpt lat="45.986170" lon="12.219570"><ele>226.181</ele><time>2022-01-12T14:42:13Z</time></trkpt><trkpt lat="45.986186" lon="12.219499"><ele>226.019</ele><time>2022-01-12T14:42:14Z</time></trkpt><trkpt lat="45.986168" lon="12.219370"><ele>225.808</ele><time>2022-01-12T14:42:16Z</time></trkpt><trkpt lat="45.986145" lon="12.219301"><ele>225.825</ele><time>2022-01-12T14:42:17Z</time></trkpt><trkpt lat="45.986092" lon="12.219173"><ele>226.018</ele><time>2022-01-12T14:42:19Z</time></trkpt><trkpt lat="45.986079" lon="12.219057"><ele>226.992</ele><time>2022-01-12T14:42:21Z</time></trkpt><trkpt lat="45.986082" lon="12.218973"><ele>227.388</ele><time>2022-01-12T14:42:23Z</time></trkpt><trkpt lat="45.986081" lon="12.218896"><ele>227.633</ele><time>2022-01-12T14:42:25Z</time></trkpt><trkpt lat="45.986053" lon="12.218841"><ele>227.936</ele><time>2022-01-12T14:42:27Z</time></trkpt><trkpt lat="45.986019" lon="12.218795"><ele>228.075</ele><time>2022-01-12T14:42:29Z</time></trkpt><trkpt lat="45.986015" lon="12.218717"><ele>228.573</ele><time>2022-01-12T14:42:33Z</time></trkpt><trkpt lat="45.985981" lon="12.218628"><ele>228.626</ele><time>2022-01-12T14:42:35Z</time></trkpt><trkpt lat="45.985956" lon="12.218559"><ele>229.047</ele><time>2022-01-12T14:42:36Z</time></trkpt><trkpt lat="45.985934" lon="12.218501"><ele>229.211</ele><time>2022-01-12T14:42:37Z</time></trkpt><trkpt lat="45.985867" lon="12.218423"><ele>229.308</ele><time>2022-01-12T14:42:39Z</time></trkpt><trkpt lat="45.985829" lon="12.218321"><ele>228.651</ele><time>2022-01-12T14:42:41Z</time></trkpt><trkpt lat="45.985794" lon="12.218236"><ele>228.484</ele><time>2022-01-12T14:42:43Z</time></trkpt><trkpt lat="45.985759" lon="12.218152"><ele>228.228</ele><time>2022-01-12T14:42:45Z</time></trkpt><trkpt lat="45.985718" lon="12.218070"><ele>228.154</ele><time>2022-01-12T14:42:47Z</time></trkpt><trkpt lat="45.985677" lon="12.217985"><ele>227.849</ele><time>2022-01-12T14:42:49Z</time></trkpt><trkpt lat="45.985651" lon="12.217914"><ele>227.732</ele><time>2022-01-12T14:42:51Z</time></trkpt><trkpt lat="45.985623" lon="12.217832"><ele>227.441</ele><time>2022-01-12T14:42:53Z</time></trkpt><trkpt lat="45.985591" lon="12.217761"><ele>227.319</ele><time>2022-01-12T14:42:55Z</time></trkpt><trkpt lat="45.985537" lon="12.217691"><ele>227.375</ele><time>2022-01-12T14:42:57Z</time></trkpt><trkpt lat="45.985500" lon="12.217654"><ele>227.228</ele><time>2022-01-12T14:42:58Z</time></trkpt><trkpt lat="45.985437" lon="12.217576"><ele>227.020</ele><time>2022-01-12T14:43:00Z</time></trkpt><trkpt lat="45.985380" lon="12.217519"><ele>226.708</ele><time>2022-01-12T14:43:02Z</time></trkpt><trkpt lat="45.985314" lon="12.217476"><ele>226.466</ele><time>2022-01-12T14:43:04Z</time></trkpt><trkpt lat="45.985267" lon="12.217399"><ele>226.539</ele><time>2022-01-12T14:43:06Z</time></trkpt><trkpt lat="45.985232" lon="12.217305"><ele>226.463</ele><time>2022-01-12T14:43:08Z</time></trkpt><trkpt lat="45.985193" lon="12.217227"><ele>226.649</ele><time>2022-01-12T14:43:10Z</time></trkpt><trkpt lat="45.985147" lon="12.217171"><ele>226.694</ele><time>2022-01-12T14:43:12Z</time></trkpt><trkpt lat="45.985101" lon="12.217099"><ele>226.677</ele><time>2022-01-12T14:43:14Z</time></trkpt><trkpt lat="45.985043" lon="12.217033"><ele>226.816</ele><time>2022-01-12T14:43:16Z</time></trkpt><trkpt lat="45.985013" lon="12.216948"><ele>227.134</ele><time>2022-01-12T14:43:18Z</time></trkpt><trkpt lat="45.984996" lon="12.216878"><ele>227.383</ele><time>2022-01-12T14:43:20Z</time></trkpt><trkpt lat="45.984950" lon="12.216863"><ele>227.725</ele><time>2022-01-12T14:43:22Z</time></trkpt><trkpt lat="45.984901" lon="12.216885"><ele>227.617</ele><time>2022-01-12T14:43:24Z</time></trkpt><trkpt lat="45.984854" lon="12.216873"><ele>227.708</ele><time>2022-01-12T14:43:26Z</time></trkpt><trkpt lat="45.984816" lon="12.216832"><ele>227.977</ele><time>2022-01-12T14:43:29Z</time></trkpt><trkpt lat="45.984827" lon="12.216746"><ele>231.340</ele><time>2022-01-12T14:44:21Z</time></trkpt><trkpt lat="45.984847" lon="12.216678"><ele>231.384</ele><time>2022-01-12T14:44:23Z</time></trkpt><trkpt lat="45.984868" lon="12.216613"><ele>231.340</ele><time>2022-01-12T14:44:25Z</time></trkpt><trkpt lat="45.984885" lon="12.216544"><ele>231.365</ele><time>2022-01-12T14:44:27Z</time></trkpt><trkpt lat="45.984907" lon="12.216476"><ele>231.398</ele><time>2022-01-12T14:44:29Z</time></trkpt><trkpt lat="45.984928" lon="12.216408"><ele>230.687</ele><time>2022-01-12T14:44:31Z</time></trkpt><trkpt lat="45.984961" lon="12.216352"><ele>230.315</ele><time>2022-01-12T14:44:33Z</time></trkpt><trkpt lat="45.985003" lon="12.216309"><ele>230.464</ele><time>2022-01-12T14:44:35Z</time></trkpt><trkpt lat="45.985047" lon="12.216279"><ele>230.606</ele><time>2022-01-12T14:44:37Z</time></trkpt><trkpt lat="45.985098" lon="12.216259"><ele>231.016</ele><time>2022-01-12T14:44:39Z</time></trkpt><trkpt lat="45.985150" lon="12.216240"><ele>231.108</ele><time>2022-01-12T14:44:41Z</time></trkpt><trkpt lat="45.985202" lon="12.216223"><ele>231.395</ele><time>2022-01-12T14:44:43Z</time></trkpt><trkpt lat="45.985261" lon="12.216202"><ele>231.768</ele><time>2022-01-12T14:44:45Z</time></trkpt><trkpt lat="45.985323" lon="12.216203"><ele>232.642</ele><time>2022-01-12T14:44:47Z</time></trkpt><trkpt lat="45.985368" lon="12.216267"><ele>234.078</ele><time>2022-01-12T14:44:49Z</time></trkpt><trkpt lat="45.985405" lon="12.216346"><ele>234.193</ele><time>2022-01-12T14:44:51Z</time></trkpt><trkpt lat="45.985452" lon="12.216405"><ele>234.176</ele><time>2022-01-12T14:44:53Z</time></trkpt><trkpt lat="45.985500" lon="12.216457"><ele>233.695</ele><time>2022-01-12T14:44:55Z</time></trkpt><trkpt lat="45.985557" lon="12.216483"><ele>233.583</ele><time>2022-01-12T14:44:57Z</time></trkpt><trkpt lat="45.985611" lon="12.216513"><ele>233.471</ele><time>2022-01-12T14:44:59Z</time></trkpt><trkpt lat="45.985674" lon="12.216509"><ele>233.441</ele><time>2022-01-12T14:45:01Z</time></trkpt><trkpt lat="45.985738" lon="12.216496"><ele>233.815</ele><time>2022-01-12T14:45:03Z</time></trkpt><trkpt lat="45.985800" lon="12.216491"><ele>233.808</ele><time>2022-01-12T14:45:05Z</time></trkpt><trkpt lat="45.985860" lon="12.216484"><ele>233.876</ele><time>2022-01-12T14:45:07Z</time></trkpt><trkpt lat="45.985918" lon="12.216490"><ele>233.999</ele><time>2022-01-12T14:45:09Z</time></trkpt><trkpt lat="45.985977" lon="12.216498"><ele>233.923</ele><time>2022-01-12T14:45:11Z</time></trkpt><trkpt lat="45.986040" lon="12.216508"><ele>233.999</ele><time>2022-01-12T14:45:13Z</time></trkpt><trkpt lat="45.986113" lon="12.216560"><ele>233.974</ele><time>2022-01-12T14:45:15Z</time></trkpt><trkpt lat="45.986188" lon="12.216614"><ele>233.977</ele><time>2022-01-12T14:45:17Z</time></trkpt><trkpt lat="45.986234" lon="12.216703"><ele>234.486</ele><time>2022-01-12T14:45:19Z</time></trkpt><trkpt lat="45.986282" lon="12.216796"><ele>235.444</ele><time>2022-01-12T14:45:21Z</time></trkpt><trkpt lat="45.986321" lon="12.216906"><ele>235.646</ele><time>2022-01-12T14:45:23Z</time></trkpt><trkpt lat="45.986356" lon="12.217008"><ele>235.788</ele><time>2022-01-12T14:45:25Z</time></trkpt><trkpt lat="45.986387" lon="12.217096"><ele>236.516</ele><time>2022-01-12T14:45:27Z</time></trkpt><trkpt lat="45.986426" lon="12.217145"><ele>236.608</ele><time>2022-01-12T14:45:29Z</time></trkpt><trkpt lat="45.986491" lon="12.217124"><ele>237.113</ele><time>2022-01-12T14:45:31Z</time></trkpt><trkpt lat="45.986551" lon="12.217072"><ele>237.966</ele><time>2022-01-12T14:45:33Z</time></trkpt><trkpt lat="45.986581" lon="12.216980"><ele>238.070</ele><time>2022-01-12T14:45:35Z</time></trkpt><trkpt lat="45.986584" lon="12.216879"><ele>238.536</ele><time>2022-01-12T14:45:37Z</time></trkpt><trkpt lat="45.986597" lon="12.216780"><ele>239.011</ele><time>2022-01-12T14:45:39Z</time></trkpt><trkpt lat="45.986657" lon="12.216722"><ele>240.394</ele><time>2022-01-12T14:45:41Z</time></trkpt><trkpt lat="45.986734" lon="12.216711"><ele>241.073</ele><time>2022-01-12T14:45:43Z</time></trkpt><trkpt lat="45.986805" lon="12.216698"><ele>241.791</ele><time>2022-01-12T14:45:45Z</time></trkpt><trkpt lat="45.986872" lon="12.216665"><ele>241.979</ele><time>2022-01-12T14:45:47Z</time></trkpt><trkpt lat="45.986903" lon="12.216580"><ele>242.005</ele><time>2022-01-12T14:45:49Z</time></trkpt><trkpt lat="45.986896" lon="12.216480"><ele>241.925</ele><time>2022-01-12T14:45:51Z</time></trkpt><trkpt lat="45.986877" lon="12.216380"><ele>241.808</ele><time>2022-01-12T14:45:53Z</time></trkpt><trkpt lat="45.986858" lon="12.216276"><ele>241.846</ele><time>2022-01-12T14:45:55Z</time></trkpt><trkpt lat="45.986840" lon="12.216174"><ele>241.719</ele><time>2022-01-12T14:45:57Z</time></trkpt><trkpt lat="45.986824" lon="12.216069"><ele>241.673</ele><time>2022-01-12T14:45:59Z</time></trkpt><trkpt lat="45.986805" lon="12.215961"><ele>241.699</ele><time>2022-01-12T14:46:01Z</time></trkpt><trkpt lat="45.986791" lon="12.215856"><ele>241.584</ele><time>2022-01-12T14:46:03Z</time></trkpt><trkpt lat="45.986769" lon="12.215756"><ele>241.697</ele><time>2022-01-12T14:46:05Z</time></trkpt><trkpt lat="45.986748" lon="12.215660"><ele>241.736</ele><time>2022-01-12T14:46:07Z</time></trkpt><trkpt lat="45.986728" lon="12.215562"><ele>242.274</ele><time>2022-01-12T14:46:09Z</time></trkpt><trkpt lat="45.986702" lon="12.215475"><ele>243.532</ele><time>2022-01-12T14:46:11Z</time></trkpt><trkpt lat="45.986676" lon="12.215400"><ele>245.392</ele><time>2022-01-12T14:46:13Z</time></trkpt><trkpt lat="45.986675" lon="12.215314"><ele>246.011</ele><time>2022-01-12T14:46:15Z</time></trkpt><trkpt lat="45.986721" lon="12.215234"><ele>246.208</ele><time>2022-01-12T14:46:17Z</time></trkpt><trkpt lat="45.986766" lon="12.215207"><ele>246.312</ele><time>2022-01-12T14:46:19Z</time></trkpt><trkpt lat="45.986813" lon="12.215181"><ele>246.355</ele><time>2022-01-12T14:46:21Z</time></trkpt><trkpt lat="45.986842" lon="12.215116"><ele>247.289</ele><time>2022-01-12T14:47:11Z</time></trkpt><trkpt lat="45.986848" lon="12.215023"><ele>247.275</ele><time>2022-01-12T14:47:13Z</time></trkpt><trkpt lat="45.986844" lon="12.214937"><ele>247.230</ele><time>2022-01-12T14:47:15Z</time></trkpt><trkpt lat="45.986837" lon="12.214854"><ele>247.233</ele><time>2022-01-12T14:47:17Z</time></trkpt><trkpt lat="45.986827" lon="12.214761"><ele>242.432</ele><time>2022-01-12T14:47:19Z</time></trkpt><trkpt lat="45.986813" lon="12.214650"><ele>239.410</ele><time>2022-01-12T14:47:21Z</time></trkpt><trkpt lat="45.986804" lon="12.214583"><ele>238.635</ele><time>2022-01-12T14:47:22Z</time></trkpt><trkpt lat="45.986785" lon="12.214442"><ele>238.586</ele><time>2022-01-12T14:47:24Z</time></trkpt><trkpt lat="45.986774" lon="12.214373"><ele>238.614</ele><time>2022-01-12T14:47:25Z</time></trkpt><trkpt lat="45.986748" lon="12.214241"><ele>239.408</ele><time>2022-01-12T14:47:27Z</time></trkpt><trkpt lat="45.986734" lon="12.214176"><ele>239.932</ele><time>2022-01-12T14:47:28Z</time></trkpt><trkpt lat="45.986728" lon="12.214076"><ele>239.935</ele><time>2022-01-12T14:47:30Z</time></trkpt><trkpt lat="45.986718" lon="12.213951"><ele>239.559</ele><time>2022-01-12T14:47:32Z</time></trkpt><trkpt lat="45.986685" lon="12.213837"><ele>236.985</ele><time>2022-01-12T14:47:34Z</time></trkpt><trkpt lat="45.986660" lon="12.213740"><ele>236.520</ele><time>2022-01-12T14:47:35Z</time></trkpt><trkpt lat="45.986553" lon="12.213363"><ele>235.333</ele><time>2022-01-12T14:47:37Z</time></trkpt><trkpt lat="45.986513" lon="12.213200"><ele>242.382</ele><time>2022-01-12T14:47:39Z</time></trkpt><trkpt lat="45.986474" lon="12.213048"><ele>242.460</ele><time>2022-01-12T14:47:41Z</time></trkpt><trkpt lat="45.986431" lon="12.212905"><ele>242.412</ele><time>2022-01-12T14:47:43Z</time></trkpt><trkpt lat="45.986389" lon="12.212759"><ele>242.532</ele><time>2022-01-12T14:47:45Z</time></trkpt><trkpt lat="45.986377" lon="12.212679"><ele>242.905</ele><time>2022-01-12T14:47:46Z</time></trkpt><trkpt lat="45.986350" lon="12.212521"><ele>243.308</ele><time>2022-01-12T14:47:48Z</time></trkpt><trkpt lat="45.986321" lon="12.212372"><ele>243.470</ele><time>2022-01-12T14:47:50Z</time></trkpt><trkpt lat="45.986292" lon="12.212223"><ele>244.223</ele><time>2022-01-12T14:47:52Z</time></trkpt><trkpt lat="45.986278" lon="12.212079"><ele>244.627</ele><time>2022-01-12T14:47:54Z</time></trkpt><trkpt lat="45.986275" lon="12.212004"><ele>245.093</ele><time>2022-01-12T14:47:55Z</time></trkpt><trkpt lat="45.986267" lon="12.211915"><ele>245.038</ele><time>2022-01-12T14:47:56Z</time></trkpt><trkpt lat="45.986244" lon="12.211724"><ele>245.171</ele><time>2022-01-12T14:47:58Z</time></trkpt><trkpt lat="45.986227" lon="12.211643"><ele>245.180</ele><time>2022-01-12T14:47:59Z</time></trkpt><trkpt lat="45.986199" lon="12.211482"><ele>245.598</ele><time>2022-01-12T14:48:01Z</time></trkpt><trkpt lat="45.986177" lon="12.211365"><ele>246.262</ele><time>2022-01-12T14:48:03Z</time></trkpt><trkpt lat="45.986136" lon="12.211252"><ele>246.383</ele><time>2022-01-12T14:48:05Z</time></trkpt><trkpt lat="45.986091" lon="12.211119"><ele>246.811</ele><time>2022-01-12T14:48:07Z</time></trkpt><trkpt lat="45.986063" lon="12.211062"><ele>247.208</ele><time>2022-01-12T14:48:08Z</time></trkpt><trkpt lat="45.986037" lon="12.211002"><ele>247.375</ele><time>2022-01-12T14:48:09Z</time></trkpt><trkpt lat="45.985987" lon="12.210883"><ele>248.448</ele><time>2022-01-12T14:48:11Z</time></trkpt><trkpt lat="45.985930" lon="12.210777"><ele>249.582</ele><time>2022-01-12T14:48:13Z</time></trkpt><trkpt lat="45.985868" lon="12.210689"><ele>250.398</ele><time>2022-01-12T14:48:15Z</time></trkpt><trkpt lat="45.985792" lon="12.210604"><ele>250.533</ele><time>2022-01-12T14:48:17Z</time></trkpt><trkpt lat="45.985753" lon="12.210558"><ele>250.566</ele><time>2022-01-12T14:48:18Z</time></trkpt><trkpt lat="45.985715" lon="12.210502"><ele>250.695</ele><time>2022-01-12T14:48:19Z</time></trkpt><trkpt lat="45.985648" lon="12.210424"><ele>250.613</ele><time>2022-01-12T14:48:21Z</time></trkpt><trkpt lat="45.985571" lon="12.210328"><ele>250.321</ele><time>2022-01-12T14:48:23Z</time></trkpt><trkpt lat="45.985503" lon="12.210238"><ele>250.441</ele><time>2022-01-12T14:48:25Z</time></trkpt><trkpt lat="45.985455" lon="12.210146"><ele>251.405</ele><time>2022-01-12T14:48:27Z</time></trkpt><trkpt lat="45.985414" lon="12.210070"><ele>251.808</ele><time>2022-01-12T14:48:29Z</time></trkpt><trkpt lat="45.985386" lon="12.209996"><ele>252.541</ele><time>2022-01-12T14:48:31Z</time></trkpt><trkpt lat="45.985372" lon="12.209925"><ele>253.364</ele><time>2022-01-12T14:48:33Z</time></trkpt><trkpt lat="45.985358" lon="12.209848"><ele>256.138</ele><time>2022-01-12T14:49:19Z</time></trkpt><trkpt lat="45.985340" lon="12.209773"><ele>256.144</ele><time>2022-01-12T14:49:21Z</time></trkpt><trkpt lat="45.985332" lon="12.209652"><ele>256.199</ele><time>2022-01-12T14:49:23Z</time></trkpt><trkpt lat="45.985324" lon="12.209520"><ele>256.112</ele><time>2022-01-12T14:49:25Z</time></trkpt><trkpt lat="45.985314" lon="12.209451"><ele>256.431</ele><time>2022-01-12T14:49:26Z</time></trkpt><trkpt lat="45.985302" lon="12.209381"><ele>254.319</ele><time>2022-01-12T14:49:27Z</time></trkpt><trkpt lat="45.985277" lon="12.209238"><ele>254.243</ele><time>2022-01-12T14:49:29Z</time></trkpt><trkpt lat="45.985256" lon="12.209095"><ele>254.464</ele><time>2022-01-12T14:49:31Z</time></trkpt><trkpt lat="45.985242" lon="12.208973"><ele>254.810</ele><time>2022-01-12T14:49:33Z</time></trkpt><trkpt lat="45.985235" lon="12.208866"><ele>255.108</ele><time>2022-01-12T14:49:35Z</time></trkpt><trkpt lat="45.985233" lon="12.208759"><ele>255.183</ele><time>2022-01-12T14:49:37Z</time></trkpt><trkpt lat="45.985242" lon="12.208658"><ele>255.246</ele><time>2022-01-12T14:49:39Z</time></trkpt><trkpt lat="45.985265" lon="12.208583"><ele>255.310</ele><time>2022-01-12T14:49:41Z</time></trkpt><trkpt lat="45.985295" lon="12.208496"><ele>255.616</ele><time>2022-01-12T14:49:43Z</time></trkpt><trkpt lat="45.985323" lon="12.208412"><ele>255.841</ele><time>2022-01-12T14:49:45Z</time></trkpt><trkpt lat="45.985353" lon="12.208326"><ele>256.054</ele><time>2022-01-12T14:49:47Z</time></trkpt><trkpt lat="45.985392" lon="12.208240"><ele>257.073</ele><time>2022-01-12T14:49:49Z</time></trkpt><trkpt lat="45.985434" lon="12.208130"><ele>257.371</ele><time>2022-01-12T14:49:51Z</time></trkpt><trkpt lat="45.985452" lon="12.208068"><ele>257.368</ele><time>2022-01-12T14:49:52Z</time></trkpt><trkpt lat="45.985473" lon="12.207929"><ele>257.242</ele><time>2022-01-12T14:49:54Z</time></trkpt><trkpt lat="45.985470" lon="12.207852"><ele>257.126</ele><time>2022-01-12T14:49:55Z</time></trkpt><trkpt lat="45.985450" lon="12.207680"><ele>256.608</ele><time>2022-01-12T14:49:57Z</time></trkpt><trkpt lat="45.985393" lon="12.207480"><ele>255.025</ele><time>2022-01-12T14:49:59Z</time></trkpt><trkpt lat="45.985349" lon="12.207382"><ele>254.428</ele><time>2022-01-12T14:50:00Z</time></trkpt><trkpt lat="45.985249" lon="12.207167"><ele>253.622</ele><time>2022-01-12T14:50:02Z</time></trkpt><trkpt lat="45.985211" lon="12.207056"><ele>253.188</ele><time>2022-01-12T14:50:03Z</time></trkpt><trkpt lat="45.985160" lon="12.206835"><ele>252.843</ele><time>2022-01-12T14:50:05Z</time></trkpt><trkpt lat="45.985138" lon="12.206725"><ele>252.646</ele><time>2022-01-12T14:50:06Z</time></trkpt><trkpt lat="45.985119" lon="12.206622"><ele>252.665</ele><time>2022-01-12T14:50:07Z</time></trkpt><trkpt lat="45.985081" lon="12.206429"><ele>253.063</ele><time>2022-01-12T14:50:09Z</time></trkpt><trkpt lat="45.985050" lon="12.206280"><ele>253.812</ele><time>2022-01-12T14:50:11Z</time></trkpt><trkpt lat="45.985034" lon="12.206206"><ele>254.032</ele><time>2022-01-12T14:50:12Z</time></trkpt><trkpt lat="45.985020" lon="12.206141"><ele>254.305</ele><time>2022-01-12T14:50:13Z</time></trkpt><trkpt lat="45.984996" lon="12.206002"><ele>254.308</ele><time>2022-01-12T14:50:15Z</time></trkpt><trkpt lat="45.984974" lon="12.205871"><ele>254.380</ele><time>2022-01-12T14:50:17Z</time></trkpt><trkpt lat="45.984960" lon="12.205756"><ele>254.923</ele><time>2022-01-12T14:50:19Z</time></trkpt><trkpt lat="45.984953" lon="12.205636"><ele>255.087</ele><time>2022-01-12T14:50:21Z</time></trkpt><trkpt lat="45.984938" lon="12.205517"><ele>255.173</ele><time>2022-01-12T14:50:23Z</time></trkpt><trkpt lat="45.984932" lon="12.205393"><ele>255.688</ele><time>2022-01-12T14:50:25Z</time></trkpt><trkpt lat="45.984930" lon="12.205284"><ele>255.951</ele><time>2022-01-12T14:50:27Z</time></trkpt><trkpt lat="45.984924" lon="12.205183"><ele>256.650</ele><time>2022-01-12T14:50:29Z</time></trkpt><trkpt lat="45.984887" lon="12.205100"><ele>257.488</ele><time>2022-01-12T14:50:31Z</time></trkpt><trkpt lat="45.984828" lon="12.205076"><ele>258.434</ele><time>2022-01-12T14:50:33Z</time></trkpt><trkpt lat="45.984778" lon="12.205056"><ele>258.755</ele><time>2022-01-12T14:50:35Z</time></trkpt><trkpt lat="45.984734" lon="12.205037"><ele>258.710</ele><time>2022-01-12T14:50:37Z</time></trkpt><trkpt lat="45.984682" lon="12.205022"><ele>258.708</ele><time>2022-01-12T14:50:40Z</time></trkpt><trkpt lat="45.984623" lon="12.204997"><ele>258.772</ele><time>2022-01-12T14:51:29Z</time></trkpt><trkpt lat="45.984577" lon="12.204958"><ele>258.735</ele><time>2022-01-12T14:51:31Z</time></trkpt><trkpt lat="45.984528" lon="12.204919"><ele>258.769</ele><time>2022-01-12T14:51:33Z</time></trkpt><trkpt lat="45.984464" lon="12.204858"><ele>258.755</ele><time>2022-01-12T14:51:35Z</time></trkpt><trkpt lat="45.984398" lon="12.204798"><ele>257.310</ele><time>2022-01-12T14:51:37Z</time></trkpt><trkpt lat="45.984335" lon="12.204722"><ele>258.173</ele><time>2022-01-12T14:51:39Z</time></trkpt><trkpt lat="45.984278" lon="12.204650"><ele>258.522</ele><time>2022-01-12T14:51:41Z</time></trkpt><trkpt lat="45.984252" lon="12.204593"><ele>258.670</ele><time>2022-01-12T14:51:43Z</time></trkpt><trkpt lat="45.984224" lon="12.204534"><ele>258.681</ele><time>2022-01-12T14:51:46Z</time></trkpt><trkpt lat="45.984190" lon="12.204483"><ele>258.661</ele><time>2022-01-12T14:51:49Z</time></trkpt><trkpt lat="45.984210" lon="12.204547"><ele>258.717</ele><time>2022-01-12T14:51:55Z</time></trkpt><trkpt lat="45.984267" lon="12.204638"><ele>258.708</ele><time>2022-01-12T14:51:57Z</time></trkpt><trkpt lat="45.984299" lon="12.204686"><ele>258.827</ele><time>2022-01-12T14:51:58Z</time></trkpt><trkpt lat="45.984361" lon="12.204762"><ele>258.510</ele><time>2022-01-12T14:52:00Z</time></trkpt><trkpt lat="45.984428" lon="12.204837"><ele>257.534</ele><time>2022-01-12T14:52:02Z</time></trkpt><trkpt lat="45.984493" lon="12.204895"><ele>257.020</ele><time>2022-01-12T14:52:04Z</time></trkpt><trkpt lat="45.984560" lon="12.204938"><ele>256.835</ele><time>2022-01-12T14:52:06Z</time></trkpt><trkpt lat="45.984621" lon="12.204987"><ele>256.768</ele><time>2022-01-12T14:52:08Z</time></trkpt><trkpt lat="45.984694" lon="12.205005"><ele>256.587</ele><time>2022-01-12T14:52:10Z</time></trkpt><trkpt lat="45.984640" lon="12.205006"><ele>260.595</ele><time>2022-01-12T14:52:44Z</time></trkpt><trkpt lat="45.984662" lon="12.204917"><ele>260.253</ele><time>2022-01-12T14:52:55Z</time></trkpt><trkpt lat="45.984691" lon="12.204831"><ele>260.304</ele><time>2022-01-12T14:52:57Z</time></trkpt><trkpt lat="45.984723" lon="12.204745"><ele>260.814</ele><time>2022-01-12T14:52:59Z</time></trkpt><trkpt lat="45.984749" lon="12.204663"><ele>259.908</ele><time>2022-01-12T14:53:01Z</time></trkpt><trkpt lat="45.984757" lon="12.204561"><ele>259.224</ele><time>2022-01-12T14:53:03Z</time></trkpt><trkpt lat="45.984750" lon="12.204458"><ele>260.027</ele><time>2022-01-12T14:53:05Z</time></trkpt><trkpt lat="45.984730" lon="12.204358"><ele>261.031</ele><time>2022-01-12T14:53:07Z</time></trkpt><trkpt lat="45.984700" lon="12.204259"><ele>261.997</ele><time>2022-01-12T14:53:09Z</time></trkpt><trkpt lat="45.984669" lon="12.204161"><ele>262.222</ele><time>2022-01-12T14:53:11Z</time></trkpt><trkpt lat="45.984641" lon="12.204066"><ele>262.715</ele><time>2022-01-12T14:53:13Z</time></trkpt><trkpt lat="45.984610" lon="12.203969"><ele>262.964</ele><time>2022-01-12T14:53:15Z</time></trkpt><trkpt lat="45.984579" lon="12.203881"><ele>263.642</ele><time>2022-01-12T14:53:17Z</time></trkpt><trkpt lat="45.984548" lon="12.203790"><ele>264.066</ele><time>2022-01-12T14:53:19Z</time></trkpt><trkpt lat="45.984521" lon="12.203691"><ele>264.629</ele><time>2022-01-12T14:53:21Z</time></trkpt><trkpt lat="45.984495" lon="12.203587"><ele>265.121</ele><time>2022-01-12T14:53:23Z</time></trkpt><trkpt lat="45.984483" lon="12.203484"><ele>265.608</ele><time>2022-01-12T14:53:25Z</time></trkpt><trkpt lat="45.984472" lon="12.203386"><ele>266.095</ele><time>2022-01-12T14:53:27Z</time></trkpt><trkpt lat="45.984457" lon="12.203309"><ele>266.338</ele><time>2022-01-12T14:53:29Z</time></trkpt><trkpt lat="45.984431" lon="12.203228"><ele>267.952</ele><time>2022-01-12T14:53:31Z</time></trkpt><trkpt lat="45.984409" lon="12.203143"><ele>268.078</ele><time>2022-01-12T14:53:33Z</time></trkpt><trkpt lat="45.984363" lon="12.203048"><ele>268.013</ele><time>2022-01-12T14:53:35Z</time></trkpt><trkpt lat="45.984306" lon="12.202945"><ele>267.076</ele><time>2022-01-12T14:53:37Z</time></trkpt><trkpt lat="45.984235" lon="12.202827"><ele>264.715</ele><time>2022-01-12T14:53:39Z</time></trkpt><trkpt lat="45.984200" lon="12.202756"><ele>264.083</ele><time>2022-01-12T14:53:40Z</time></trkpt><trkpt lat="45.984172" lon="12.202682"><ele>263.752</ele><time>2022-01-12T14:53:41Z</time></trkpt><trkpt lat="45.984137" lon="12.202506"><ele>262.853</ele><time>2022-01-12T14:53:43Z</time></trkpt><trkpt lat="45.984082" lon="12.202281"><ele>261.808</ele><time>2022-01-12T14:53:45Z</time></trkpt><trkpt lat="45.984068" lon="12.202181"><ele>261.808</ele><time>2022-01-12T14:53:46Z</time></trkpt><trkpt lat="45.984048" lon="12.202080"><ele>261.844</ele><time>2022-01-12T14:53:47Z</time></trkpt><trkpt lat="45.984011" lon="12.201870"><ele>261.117</ele><time>2022-01-12T14:53:49Z</time></trkpt><trkpt lat="45.983999" lon="12.201759"><ele>260.811</ele><time>2022-01-12T14:53:50Z</time></trkpt><trkpt lat="45.984004" lon="12.201522"><ele>259.657</ele><time>2022-01-12T14:53:52Z</time></trkpt><trkpt lat="45.983989" lon="12.201286"><ele>258.782</ele><time>2022-01-12T14:53:54Z</time></trkpt><trkpt lat="45.983971" lon="12.201175"><ele>258.525</ele><time>2022-01-12T14:53:55Z</time></trkpt><trkpt lat="45.983935" lon="12.200973"><ele>258.254</ele><time>2022-01-12T14:53:57Z</time></trkpt><trkpt lat="45.983906" lon="12.200778"><ele>258.452</ele><time>2022-01-12T14:53:59Z</time></trkpt><trkpt lat="45.983894" lon="12.200685"><ele>258.538</ele><time>2022-01-12T14:54:00Z</time></trkpt><trkpt lat="45.983882" lon="12.200595"><ele>258.670</ele><time>2022-01-12T14:54:01Z</time></trkpt><trkpt lat="45.983866" lon="12.200424"><ele>258.617</ele><time>2022-01-12T14:54:03Z</time></trkpt><trkpt lat="45.983869" lon="12.200301"><ele>258.608</ele><time>2022-01-12T14:54:05Z</time></trkpt><trkpt lat="45.983861" lon="12.200231"><ele>258.642</ele><time>2022-01-12T14:54:06Z</time></trkpt><trkpt lat="45.983867" lon="12.200150"><ele>258.465</ele><time>2022-01-12T14:54:08Z</time></trkpt><trkpt lat="45.983875" lon="12.200047"><ele>258.589</ele><time>2022-01-12T14:54:10Z</time></trkpt><trkpt lat="45.983885" lon="12.199914"><ele>258.815</ele><time>2022-01-12T14:54:12Z</time></trkpt><trkpt lat="45.983888" lon="12.199777"><ele>259.810</ele><time>2022-01-12T14:54:14Z</time></trkpt><trkpt lat="45.983878" lon="12.199652"><ele>259.923</ele><time>2022-01-12T14:54:16Z</time></trkpt><trkpt lat="45.983862" lon="12.199523"><ele>259.362</ele><time>2022-01-12T14:54:18Z</time></trkpt><trkpt lat="45.983836" lon="12.199395"><ele>259.050</ele><time>2022-01-12T14:54:20Z</time></trkpt><trkpt lat="45.983828" lon="12.199328"><ele>259.077</ele><time>2022-01-12T14:54:21Z</time></trkpt><trkpt lat="45.983804" lon="12.199188"><ele>259.061</ele><time>2022-01-12T14:54:23Z</time></trkpt><trkpt lat="45.983787" lon="12.199045"><ele>259.127</ele><time>2022-01-12T14:54:25Z</time></trkpt><trkpt lat="45.983783" lon="12.198974"><ele>259.108</ele><time>2022-01-12T14:54:26Z</time></trkpt><trkpt lat="45.983779" lon="12.198847"><ele>259.476</ele><time>2022-01-12T14:54:28Z</time></trkpt><trkpt lat="45.983772" lon="12.198722"><ele>259.559</ele><time>2022-01-12T14:54:30Z</time></trkpt><trkpt lat="45.983752" lon="12.198609"><ele>259.563</ele><time>2022-01-12T14:54:32Z</time></trkpt><trkpt lat="45.983720" lon="12.198491"><ele>259.579</ele><time>2022-01-12T14:54:34Z</time></trkpt><trkpt lat="45.983686" lon="12.198380"><ele>259.084</ele><time>2022-01-12T14:54:36Z</time></trkpt><trkpt lat="45.983677" lon="12.198276"><ele>259.087</ele><time>2022-01-12T14:54:38Z</time></trkpt><trkpt lat="45.983672" lon="12.198208"><ele>259.166</ele><time>2022-01-12T14:54:40Z</time></trkpt><trkpt lat="45.983669" lon="12.198125"><ele>259.654</ele><time>2022-01-12T14:54:43Z</time></trkpt><trkpt lat="45.983701" lon="12.198061"><ele>264.375</ele><time>2022-01-12T14:55:26Z</time></trkpt><trkpt lat="45.983729" lon="12.197994"><ele>264.428</ele><time>2022-01-12T14:55:28Z</time></trkpt><trkpt lat="45.983753" lon="12.197933"><ele>264.520</ele><time>2022-01-12T14:55:30Z</time></trkpt><trkpt lat="45.983775" lon="12.197865"><ele>264.508</ele><time>2022-01-12T14:55:32Z</time></trkpt><trkpt lat="45.983815" lon="12.197803"><ele>264.626</ele><time>2022-01-12T14:55:34Z</time></trkpt><trkpt lat="45.983854" lon="12.197736"><ele>263.799</ele><time>2022-01-12T14:55:36Z</time></trkpt><trkpt lat="45.983894" lon="12.197666"><ele>263.533</ele><time>2022-01-12T14:55:38Z</time></trkpt><trkpt lat="45.983947" lon="12.197591"><ele>263.439</ele><time>2022-01-12T14:55:40Z</time></trkpt><trkpt lat="45.984021" lon="12.197511"><ele>263.494</ele><time>2022-01-12T14:55:42Z</time></trkpt><trkpt lat="45.984082" lon="12.197455"><ele>263.217</ele><time>2022-01-12T14:55:44Z</time></trkpt><trkpt lat="45.984088" lon="12.197385"><ele>261.546</ele><time>2022-01-12T14:55:49Z</time></trkpt><trkpt lat="45.984049" lon="12.197309"><ele>259.424</ele><time>2022-01-12T14:55:52Z</time></trkpt><trkpt lat="45.984027" lon="12.197219"><ele>258.362</ele><time>2022-01-12T14:55:54Z</time></trkpt><trkpt lat="45.984037" lon="12.197139"><ele>258.283</ele><time>2022-01-12T14:55:56Z</time></trkpt><trkpt lat="45.984022" lon="12.197069"><ele>258.211</ele><time>2022-01-12T14:55:58Z</time></trkpt><trkpt lat="45.984008" lon="12.196989"><ele>259.508</ele><time>2022-01-12T14:56:01Z</time></trkpt><trkpt lat="45.984031" lon="12.196927"><ele>260.855</ele><time>2022-01-12T14:56:04Z</time></trkpt><trkpt lat="45.984027" lon="12.196860"><ele>261.038</ele><time>2022-01-12T14:56:06Z</time></trkpt><trkpt lat="45.984014" lon="12.196798"><ele>261.522</ele><time>2022-01-12T14:56:08Z</time></trkpt><trkpt lat="45.983979" lon="12.196748"><ele>261.618</ele><time>2022-01-12T14:56:10Z</time></trkpt><trkpt lat="45.983924" lon="12.196777"><ele>260.973</ele><time>2022-01-12T14:56:17Z</time></trkpt><trkpt lat="45.983867" lon="12.196827"><ele>260.816</ele><time>2022-01-12T14:56:20Z</time></trkpt><trkpt lat="45.983830" lon="12.196872"><ele>258.675</ele><time>2022-01-12T14:56:22Z</time></trkpt><trkpt lat="45.983767" lon="12.196866"><ele>256.943</ele><time>2022-01-12T14:56:25Z</time></trkpt><trkpt lat="45.983810" lon="12.196847"><ele>251.927</ele><time>2022-01-12T14:56:46Z</time></trkpt><trkpt lat="45.983834" lon="12.196906"><ele>251.968</ele><time>2022-01-12T14:56:51Z</time></trkpt><trkpt lat="45.983881" lon="12.196883"><ele>251.914</ele><time>2022-01-12T14:56:56Z</time></trkpt><trkpt lat="45.983924" lon="12.196910"><ele>252.108</ele><time>2022-01-12T14:57:01Z</time></trkpt><trkpt lat="45.983942" lon="12.196979"><ele>252.521</ele><time>2022-01-12T14:57:06Z</time></trkpt><trkpt lat="45.983973" lon="12.196929"><ele>253.814</ele><time>2022-01-12T14:57:11Z</time></trkpt><trkpt lat="45.984009" lon="12.196877"><ele>254.528</ele><time>2022-01-12T14:57:16Z</time></trkpt><trkpt lat="45.984025" lon="12.196805"><ele>259.014</ele><time>2022-01-12T14:58:13Z</time></trkpt><trkpt lat="45.984036" lon="12.196730"><ele>259.099</ele><time>2022-01-12T14:58:20Z</time></trkpt><trkpt lat="45.984068" lon="12.196679"><ele>259.032</ele><time>2022-01-12T14:58:23Z</time></trkpt><trkpt lat="45.984056" lon="12.196610"><ele>259.131</ele><time>2022-01-12T14:58:27Z</time></trkpt><trkpt lat="45.984027" lon="12.196552"><ele>260.619</ele><time>2022-01-12T14:58:38Z</time></trkpt><trkpt lat="45.983985" lon="12.196528"><ele>258.658</ele><time>2022-01-12T14:58:42Z</time></trkpt><trkpt lat="45.983972" lon="12.196451"><ele>257.552</ele><time>2022-01-12T14:58:46Z</time></trkpt><trkpt lat="45.983934" lon="12.196413"><ele>257.217</ele><time>2022-01-12T14:58:50Z</time></trkpt><trkpt lat="45.983914" lon="12.196346"><ele>257.108</ele><time>2022-01-12T14:58:55Z</time></trkpt><trkpt lat="45.983860" lon="12.196367"><ele>253.624</ele><time>2022-01-12T14:59:08Z</time></trkpt><trkpt lat="45.983815" lon="12.196367"><ele>252.547</ele><time>2022-01-12T14:59:11Z</time></trkpt><trkpt lat="45.983769" lon="12.196363"><ele>251.011</ele><time>2022-01-12T14:59:13Z</time></trkpt><trkpt lat="45.983725" lon="12.196345"><ele>250.897</ele><time>2022-01-12T14:59:16Z</time></trkpt><trkpt lat="45.983684" lon="12.196305"><ele>250.522</ele><time>2022-01-12T14:59:19Z</time></trkpt><trkpt lat="45.983623" lon="12.196268"><ele>250.565</ele><time>2022-01-12T14:59:22Z</time></trkpt><trkpt lat="45.983576" lon="12.196247"><ele>250.374</ele><time>2022-01-12T14:59:24Z</time></trkpt><trkpt lat="45.983526" lon="12.196220"><ele>250.362</ele><time>2022-01-12T14:59:27Z</time></trkpt><trkpt lat="45.983481" lon="12.196223"><ele>250.514</ele><time>2022-01-12T14:59:30Z</time></trkpt><trkpt lat="45.983427" lon="12.196220"><ele>251.154</ele><time>2022-01-12T14:59:33Z</time></trkpt><trkpt lat="45.983359" lon="12.196209"><ele>252.309</ele><time>2022-01-12T14:59:35Z</time></trkpt><trkpt lat="45.983292" lon="12.196183"><ele>252.308</ele><time>2022-01-12T14:59:37Z</time></trkpt><trkpt lat="45.983223" lon="12.196170"><ele>252.490</ele><time>2022-01-12T14:59:39Z</time></trkpt><trkpt lat="45.983150" lon="12.196149"><ele>252.853</ele><time>2022-01-12T14:59:41Z</time></trkpt><trkpt lat="45.983069" lon="12.196117"><ele>253.487</ele><time>2022-01-12T14:59:43Z</time></trkpt><trkpt lat="45.982985" lon="12.196098"><ele>253.933</ele><time>2022-01-12T14:59:45Z</time></trkpt><trkpt lat="45.982915" lon="12.196058"><ele>256.288</ele><time>2022-01-12T14:59:47Z</time></trkpt><trkpt lat="45.982867" lon="12.196011"><ele>256.311</ele><time>2022-01-12T14:59:49Z</time></trkpt><trkpt lat="45.982812" lon="12.195958"><ele>256.650</ele><time>2022-01-12T14:59:52Z</time></trkpt><trkpt lat="45.982766" lon="12.195895"><ele>256.978</ele><time>2022-01-12T14:59:54Z</time></trkpt><trkpt lat="45.982706" lon="12.195824"><ele>256.853</ele><time>2022-01-12T14:59:56Z</time></trkpt><trkpt lat="45.982623" lon="12.195774"><ele>256.904</ele><time>2022-01-12T14:59:58Z</time></trkpt><trkpt lat="45.982552" lon="12.195707"><ele>255.514</ele><time>2022-01-12T15:00:00Z</time></trkpt><trkpt lat="45.982519" lon="12.195645"><ele>255.108</ele><time>2022-01-12T15:00:02Z</time></trkpt><trkpt lat="45.982502" lon="12.195579"><ele>255.084</ele><time>2022-01-12T15:00:05Z</time></trkpt><trkpt lat="45.982474" lon="12.195510"><ele>255.177</ele><time>2022-01-12T15:00:08Z</time></trkpt><trkpt lat="45.982429" lon="12.195464"><ele>255.571</ele><time>2022-01-12T15:00:11Z</time></trkpt><trkpt lat="45.982366" lon="12.195442"><ele>256.027</ele><time>2022-01-12T15:00:14Z</time></trkpt><trkpt lat="45.982304" lon="12.195434"><ele>256.592</ele><time>2022-01-12T15:00:17Z</time></trkpt><trkpt lat="45.982248" lon="12.195428"><ele>259.295</ele><time>2022-01-12T15:00:20Z</time></trkpt><trkpt lat="45.982187" lon="12.195420"><ele>260.864</ele><time>2022-01-12T15:00:23Z</time></trkpt><trkpt lat="45.982135" lon="12.195394"><ele>261.492</ele><time>2022-01-12T15:00:25Z</time></trkpt><trkpt lat="45.982080" lon="12.195335"><ele>261.537</ele><time>2022-01-12T15:00:27Z</time></trkpt><trkpt lat="45.982014" lon="12.195276"><ele>261.449</ele><time>2022-01-12T15:00:29Z</time></trkpt><trkpt lat="45.981953" lon="12.195211"><ele>261.213</ele><time>2022-01-12T15:00:31Z</time></trkpt><trkpt lat="45.981876" lon="12.195125"><ele>260.908</ele><time>2022-01-12T15:00:33Z</time></trkpt><trkpt lat="45.981832" lon="12.195077"><ele>260.692</ele><time>2022-01-12T15:00:34Z</time></trkpt><trkpt lat="45.981735" lon="12.194967"><ele>258.645</ele><time>2022-01-12T15:00:36Z</time></trkpt><trkpt lat="45.981645" lon="12.194883"><ele>256.949</ele><time>2022-01-12T15:00:38Z</time></trkpt><trkpt lat="45.981598" lon="12.194848"><ele>256.985</ele><time>2022-01-12T15:00:39Z</time></trkpt><trkpt lat="45.981525" lon="12.194827"><ele>256.950</ele><time>2022-01-12T15:00:41Z</time></trkpt><trkpt lat="45.981460" lon="12.194828"><ele>257.183</ele><time>2022-01-12T15:00:42Z</time></trkpt><trkpt lat="45.981404" lon="12.194821"><ele>257.232</ele><time>2022-01-12T15:00:43Z</time></trkpt><trkpt lat="45.981360" lon="12.194807"><ele>257.520</ele><time>2022-01-12T15:00:44Z</time></trkpt><trkpt lat="45.981273" lon="12.194782"><ele>257.753</ele><time>2022-01-12T15:00:46Z</time></trkpt><trkpt lat="45.981196" lon="12.194759"><ele>257.704</ele><time>2022-01-12T15:00:48Z</time></trkpt><trkpt lat="45.981119" lon="12.194728"><ele>257.514</ele><time>2022-01-12T15:00:50Z</time></trkpt><trkpt lat="45.981023" lon="12.194671"><ele>257.308</ele><time>2022-01-12T15:00:52Z</time></trkpt><trkpt lat="45.980931" lon="12.194610"><ele>256.464</ele><time>2022-01-12T15:00:54Z</time></trkpt><trkpt lat="45.980883" lon="12.194585"><ele>255.857</ele><time>2022-01-12T15:00:56Z</time></trkpt><trkpt lat="45.980813" lon="12.194538"><ele>255.631</ele><time>2022-01-12T15:00:58Z</time></trkpt><trkpt lat="45.980739" lon="12.194489"><ele>254.947</ele><time>2022-01-12T15:01:00Z</time></trkpt><trkpt lat="45.980646" lon="12.194448"><ele>254.352</ele><time>2022-01-12T15:01:02Z</time></trkpt><trkpt lat="45.980546" lon="12.194404"><ele>253.695</ele><time>2022-01-12T15:01:04Z</time></trkpt><trkpt lat="45.980452" lon="12.194364"><ele>253.584</ele><time>2022-01-12T15:01:06Z</time></trkpt><trkpt lat="45.980387" lon="12.194335"><ele>253.662</ele><time>2022-01-12T15:01:08Z</time></trkpt><trkpt lat="45.980355" lon="12.194256"><ele>253.943</ele><time>2022-01-12T15:01:20Z</time></trkpt><trkpt lat="45.980306" lon="12.194265"><ele>257.464</ele><time>2022-01-12T15:02:10Z</time></trkpt><trkpt lat="45.980252" lon="12.194210"><ele>257.410</ele><time>2022-01-12T15:02:13Z</time></trkpt><trkpt lat="45.980196" lon="12.194146"><ele>257.408</ele><time>2022-01-12T15:02:15Z</time></trkpt><trkpt lat="45.980139" lon="12.194077"><ele>257.663</ele><time>2022-01-12T15:02:17Z</time></trkpt><trkpt lat="45.980089" lon="12.194004"><ele>256.686</ele><time>2022-01-12T15:02:19Z</time></trkpt><trkpt lat="45.980042" lon="12.193943"><ele>254.650</ele><time>2022-01-12T15:02:21Z</time></trkpt><trkpt lat="45.979966" lon="12.193866"><ele>254.416</ele><time>2022-01-12T15:02:23Z</time></trkpt><trkpt lat="45.979867" lon="12.193774"><ele>253.071</ele><time>2022-01-12T15:02:25Z</time></trkpt><trkpt lat="45.979762" lon="12.193678"><ele>250.984</ele><time>2022-01-12T15:02:27Z</time></trkpt><trkpt lat="45.979708" lon="12.193625"><ele>250.613</ele><time>2022-01-12T15:02:28Z</time></trkpt><trkpt lat="45.979600" lon="12.193491"><ele>250.131</ele><time>2022-01-12T15:02:30Z</time></trkpt><trkpt lat="45.979536" lon="12.193418"><ele>249.586</ele><time>2022-01-12T15:02:31Z</time></trkpt><trkpt lat="45.979485" lon="12.193359"><ele>249.360</ele><time>2022-01-12T15:02:32Z</time></trkpt><trkpt lat="45.979378" lon="12.193286"><ele>248.026</ele><time>2022-01-12T15:02:34Z</time></trkpt><trkpt lat="45.979249" lon="12.193203"><ele>245.808</ele><time>2022-01-12T15:02:36Z</time></trkpt><trkpt lat="45.979117" lon="12.193108"><ele>244.057</ele><time>2022-01-12T15:02:38Z</time></trkpt><trkpt lat="45.979004" lon="12.192980"><ele>242.630</ele><time>2022-01-12T15:02:40Z</time></trkpt><trkpt lat="45.978954" lon="12.192918"><ele>242.664</ele><time>2022-01-12T15:02:41Z</time></trkpt><trkpt lat="45.978895" lon="12.192866"><ele>242.630</ele><time>2022-01-12T15:02:42Z</time></trkpt><trkpt lat="45.978828" lon="12.192813"><ele>242.745</ele><time>2022-01-12T15:02:43Z</time></trkpt><trkpt lat="45.978723" lon="12.192716"><ele>242.228</ele><time>2022-01-12T15:02:45Z</time></trkpt><trkpt lat="45.978674" lon="12.192656"><ele>241.337</ele><time>2022-01-12T15:02:46Z</time></trkpt><trkpt lat="45.978571" lon="12.192596"><ele>240.335</ele><time>2022-01-12T15:02:48Z</time></trkpt><trkpt lat="45.978501" lon="12.192607"><ele>239.358</ele><time>2022-01-12T15:02:49Z</time></trkpt><trkpt lat="45.978364" lon="12.192665"><ele>238.052</ele><time>2022-01-12T15:02:51Z</time></trkpt><trkpt lat="45.978295" lon="12.192702"><ele>237.417</ele><time>2022-01-12T15:02:52Z</time></trkpt><trkpt lat="45.978225" lon="12.192727"><ele>236.708</ele><time>2022-01-12T15:02:53Z</time></trkpt><trkpt lat="45.978155" lon="12.192754"><ele>236.324</ele><time>2022-01-12T15:02:54Z</time></trkpt><trkpt lat="45.978015" lon="12.192813"><ele>235.897</ele><time>2022-01-12T15:02:56Z</time></trkpt><trkpt lat="45.977956" lon="12.192838"><ele>235.081</ele><time>2022-01-12T15:02:57Z</time></trkpt><trkpt lat="45.977910" lon="12.192855"><ele>234.487</ele><time>2022-01-12T15:02:58Z</time></trkpt><trkpt lat="45.977838" lon="12.192878"><ele>233.962</ele><time>2022-01-12T15:03:00Z</time></trkpt><trkpt lat="45.977786" lon="12.192900"><ele>233.865</ele><time>2022-01-12T15:03:02Z</time></trkpt><trkpt lat="45.977731" lon="12.192902"><ele>234.134</ele><time>2022-01-12T15:03:08Z</time></trkpt><trkpt lat="45.977684" lon="12.192890"><ele>235.652</ele><time>2022-01-12T15:03:24Z</time></trkpt><trkpt lat="45.977636" lon="12.192909"><ele>235.653</ele><time>2022-01-12T15:03:26Z</time></trkpt><trkpt lat="45.977577" lon="12.192940"><ele>235.604</ele><time>2022-01-12T15:03:28Z</time></trkpt><trkpt lat="45.977516" lon="12.192978"><ele>235.614</ele><time>2022-01-12T15:03:30Z</time></trkpt><trkpt lat="45.977442" lon="12.193004"><ele>235.808</ele><time>2022-01-12T15:03:32Z</time></trkpt><trkpt lat="45.977378" lon="12.193016"><ele>234.444</ele><time>2022-01-12T15:03:34Z</time></trkpt><trkpt lat="45.977309" lon="12.193033"><ele>234.287</ele><time>2022-01-12T15:03:36Z</time></trkpt><trkpt lat="45.977244" lon="12.193051"><ele>234.121</ele><time>2022-01-12T15:03:38Z</time></trkpt><trkpt lat="45.977178" lon="12.193035"><ele>234.127</ele><time>2022-01-12T15:03:40Z</time></trkpt><trkpt lat="45.977146" lon="12.192946"><ele>233.822</ele><time>2022-01-12T15:03:42Z</time></trkpt><trkpt lat="45.977122" lon="12.192850"><ele>233.345</ele><time>2022-01-12T15:03:44Z</time></trkpt><trkpt lat="45.977097" lon="12.192763"><ele>232.394</ele><time>2022-01-12T15:03:46Z</time></trkpt><trkpt lat="45.977074" lon="12.192662"><ele>231.972</ele><time>2022-01-12T15:03:48Z</time></trkpt><trkpt lat="45.977049" lon="12.192555"><ele>231.463</ele><time>2022-01-12T15:03:50Z</time></trkpt><trkpt lat="45.977028" lon="12.192447"><ele>230.644</ele><time>2022-01-12T15:03:52Z</time></trkpt><trkpt lat="45.977002" lon="12.192339"><ele>230.218</ele><time>2022-01-12T15:03:54Z</time></trkpt><trkpt lat="45.976974" lon="12.192227"><ele>229.508</ele><time>2022-01-12T15:03:56Z</time></trkpt><trkpt lat="45.976950" lon="12.192116"><ele>229.135</ele><time>2022-01-12T15:03:58Z</time></trkpt><trkpt lat="45.976931" lon="12.192021"><ele>228.888</ele><time>2022-01-12T15:04:00Z</time></trkpt><trkpt lat="45.976908" lon="12.191925"><ele>228.692</ele><time>2022-01-12T15:04:02Z</time></trkpt><trkpt lat="45.976892" lon="12.191818"><ele>228.228</ele><time>2022-01-12T15:04:04Z</time></trkpt><trkpt lat="45.976871" lon="12.191712"><ele>228.193</ele><time>2022-01-12T15:04:06Z</time></trkpt><trkpt lat="45.976855" lon="12.191604"><ele>228.116</ele><time>2022-01-12T15:04:08Z</time></trkpt><trkpt lat="45.976838" lon="12.191492"><ele>228.125</ele><time>2022-01-12T15:04:10Z</time></trkpt><trkpt lat="45.976820" lon="12.191384"><ele>227.953</ele><time>2022-01-12T15:04:12Z</time></trkpt><trkpt lat="45.976808" lon="12.191274"><ele>227.657</ele><time>2022-01-12T15:04:14Z</time></trkpt><trkpt lat="45.976806" lon="12.191166"><ele>227.500</ele><time>2022-01-12T15:04:16Z</time></trkpt><trkpt lat="45.976813" lon="12.191056"><ele>227.520</ele><time>2022-01-12T15:04:18Z</time></trkpt><trkpt lat="45.976835" lon="12.190958"><ele>227.608</ele><time>2022-01-12T15:04:20Z</time></trkpt><trkpt lat="45.976857" lon="12.190867"><ele>227.744</ele><time>2022-01-12T15:04:22Z</time></trkpt><trkpt lat="45.976880" lon="12.190783"><ele>227.937</ele><time>2022-01-12T15:04:24Z</time></trkpt><trkpt lat="45.976901" lon="12.190698"><ele>228.411</ele><time>2022-01-12T15:04:26Z</time></trkpt><trkpt lat="45.976895" lon="12.190603"><ele>228.557</ele><time>2022-01-12T15:04:28Z</time></trkpt><trkpt lat="45.976840" lon="12.190562"><ele>229.172</ele><time>2022-01-12T15:04:30Z</time></trkpt><trkpt lat="45.976775" lon="12.190528"><ele>229.185</ele><time>2022-01-12T15:04:32Z</time></trkpt><trkpt lat="45.976725" lon="12.190453"><ele>228.974</ele><time>2022-01-12T15:04:34Z</time></trkpt><trkpt lat="45.976673" lon="12.190373"><ele>228.782</ele><time>2022-01-12T15:04:36Z</time></trkpt><trkpt lat="45.976627" lon="12.190284"><ele>228.741</ele><time>2022-01-12T15:04:38Z</time></trkpt><trkpt lat="45.976592" lon="12.190197"><ele>228.881</ele><time>2022-01-12T15:04:40Z</time></trkpt><trkpt lat="45.976556" lon="12.190136"><ele>229.209</ele><time>2022-01-12T15:04:42Z</time></trkpt><trkpt lat="45.976517" lon="12.190082"><ele>229.308</ele><time>2022-01-12T15:04:44Z</time></trkpt><trkpt lat="45.976474" lon="12.190005"><ele>229.393</ele><time>2022-01-12T15:04:46Z</time></trkpt><trkpt lat="45.976421" lon="12.189925"><ele>229.346</ele><time>2022-01-12T15:04:48Z</time></trkpt><trkpt lat="45.976338" lon="12.189852"><ele>229.010</ele><time>2022-01-12T15:04:50Z</time></trkpt><trkpt lat="45.976253" lon="12.189780"><ele>227.586</ele><time>2022-01-12T15:04:52Z</time></trkpt><trkpt lat="45.976168" lon="12.189702"><ele>227.021</ele><time>2022-01-12T15:04:54Z</time></trkpt><trkpt lat="45.976087" lon="12.189629"><ele>227.114</ele><time>2022-01-12T15:04:56Z</time></trkpt><trkpt lat="45.976006" lon="12.189570"><ele>227.583</ele><time>2022-01-12T15:04:58Z</time></trkpt><trkpt lat="45.975964" lon="12.189531"><ele>227.541</ele><time>2022-01-12T15:04:59Z</time></trkpt><trkpt lat="45.975894" lon="12.189459"><ele>227.478</ele><time>2022-01-12T15:05:01Z</time></trkpt><trkpt lat="45.975821" lon="12.189387"><ele>226.833</ele><time>2022-01-12T15:05:03Z</time></trkpt><trkpt lat="45.975782" lon="12.189350"><ele>226.826</ele><time>2022-01-12T15:05:04Z</time></trkpt><trkpt lat="45.975745" lon="12.189310"><ele>226.808</ele><time>2022-01-12T15:05:05Z</time></trkpt><trkpt lat="45.975670" lon="12.189240"><ele>226.716</ele><time>2022-01-12T15:05:07Z</time></trkpt><trkpt lat="45.975596" lon="12.189173"><ele>226.889</ele><time>2022-01-12T15:05:09Z</time></trkpt><trkpt lat="45.975523" lon="12.189106"><ele>226.783</ele><time>2022-01-12T15:05:11Z</time></trkpt><trkpt lat="45.975449" lon="12.189036"><ele>226.769</ele><time>2022-01-12T15:05:13Z</time></trkpt><trkpt lat="45.975374" lon="12.188970"><ele>226.894</ele><time>2022-01-12T15:05:15Z</time></trkpt><trkpt lat="45.975303" lon="12.188901"><ele>227.077</ele><time>2022-01-12T15:05:17Z</time></trkpt><trkpt lat="45.975226" lon="12.188845"><ele>227.016</ele><time>2022-01-12T15:05:19Z</time></trkpt><trkpt lat="45.975144" lon="12.188793"><ele>227.034</ele><time>2022-01-12T15:05:21Z</time></trkpt><trkpt lat="45.975067" lon="12.188743"><ele>227.138</ele><time>2022-01-12T15:05:23Z</time></trkpt><trkpt lat="45.974991" lon="12.188707"><ele>227.270</ele><time>2022-01-12T15:05:25Z</time></trkpt><trkpt lat="45.974907" lon="12.188702"><ele>227.117</ele><time>2022-01-12T15:05:27Z</time></trkpt><trkpt lat="45.974818" lon="12.188689"><ele>227.108</ele><time>2022-01-12T15:05:29Z</time></trkpt><trkpt lat="45.974729" lon="12.188677"><ele>226.922</ele><time>2022-01-12T15:05:31Z</time></trkpt><trkpt lat="45.974644" lon="12.188648"><ele>226.925</ele><time>2022-01-12T15:05:33Z</time></trkpt><trkpt lat="45.974567" lon="12.188606"><ele>226.929</ele><time>2022-01-12T15:05:35Z</time></trkpt><trkpt lat="45.974500" lon="12.188541"><ele>227.035</ele><time>2022-01-12T15:05:37Z</time></trkpt><trkpt lat="45.974437" lon="12.188467"><ele>227.190</ele><time>2022-01-12T15:05:39Z</time></trkpt><trkpt lat="45.974391" lon="12.188377"><ele>227.283</ele><time>2022-01-12T15:05:41Z</time></trkpt><trkpt lat="45.974376" lon="12.188262"><ele>227.312</ele><time>2022-01-12T15:05:43Z</time></trkpt><trkpt lat="45.974374" lon="12.188160"><ele>227.320</ele><time>2022-01-12T15:05:45Z</time></trkpt><trkpt lat="45.974365" lon="12.188052"><ele>227.662</ele><time>2022-01-12T15:05:47Z</time></trkpt><trkpt lat="45.974326" lon="12.187969"><ele>228.183</ele><time>2022-01-12T15:05:49Z</time></trkpt><trkpt lat="45.974264" lon="12.187911"><ele>228.411</ele><time>2022-01-12T15:05:51Z</time></trkpt><trkpt lat="45.974188" lon="12.187879"><ele>228.408</ele><time>2022-01-12T15:05:53Z</time></trkpt><trkpt lat="45.974115" lon="12.187863"><ele>228.275</ele><time>2022-01-12T15:05:55Z</time></trkpt><trkpt lat="45.974048" lon="12.187832"><ele>227.888</ele><time>2022-01-12T15:05:57Z</time></trkpt><trkpt lat="45.973994" lon="12.187784"><ele>226.442</ele><time>2022-01-12T15:05:59Z</time></trkpt><trkpt lat="45.973952" lon="12.187700"><ele>225.618</ele><time>2022-01-12T15:06:01Z</time></trkpt><trkpt lat="45.973921" lon="12.187601"><ele>225.633</ele><time>2022-01-12T15:06:03Z</time></trkpt><trkpt lat="45.973875" lon="12.187508"><ele>225.756</ele><time>2022-01-12T15:06:05Z</time></trkpt><trkpt lat="45.973822" lon="12.187409"><ele>225.855</ele><time>2022-01-12T15:06:07Z</time></trkpt><trkpt lat="45.973786" lon="12.187355"><ele>225.953</ele><time>2022-01-12T15:06:08Z</time></trkpt><trkpt lat="45.973749" lon="12.187298"><ele>226.016</ele><time>2022-01-12T15:06:09Z</time></trkpt><trkpt lat="45.973678" lon="12.187179"><ele>226.076</ele><time>2022-01-12T15:06:11Z</time></trkpt><trkpt lat="45.973639" lon="12.187122"><ele>226.013</ele><time>2022-01-12T15:06:12Z</time></trkpt><trkpt lat="45.973598" lon="12.187066"><ele>226.208</ele><time>2022-01-12T15:06:13Z</time></trkpt><trkpt lat="45.973518" lon="12.186955"><ele>226.280</ele><time>2022-01-12T15:06:15Z</time></trkpt><trkpt lat="45.973439" lon="12.186843"><ele>226.273</ele><time>2022-01-12T15:06:17Z</time></trkpt><trkpt lat="45.973360" lon="12.186730"><ele>226.237</ele><time>2022-01-12T15:06:19Z</time></trkpt><trkpt lat="45.973275" lon="12.186607"><ele>226.473</ele><time>2022-01-12T15:06:21Z</time></trkpt><trkpt lat="45.973193" lon="12.186476"><ele>226.468</ele><time>2022-01-12T15:06:23Z</time></trkpt><trkpt lat="45.973104" lon="12.186346"><ele>226.441</ele><time>2022-01-12T15:06:25Z</time></trkpt><trkpt lat="45.973027" lon="12.186224"><ele>226.730</ele><time>2022-01-12T15:06:27Z</time></trkpt><trkpt lat="45.972989" lon="12.186166"><ele>226.958</ele><time>2022-01-12T15:06:28Z</time></trkpt><trkpt lat="45.972907" lon="12.186048"><ele>226.957</ele><time>2022-01-12T15:06:30Z</time></trkpt><trkpt lat="45.972861" lon="12.185996"><ele>226.900</ele><time>2022-01-12T15:06:31Z</time></trkpt><trkpt lat="45.972816" lon="12.185938"><ele>226.920</ele><time>2022-01-12T15:06:32Z</time></trkpt><trkpt lat="45.972742" lon="12.185804"><ele>227.008</ele><time>2022-01-12T15:06:34Z</time></trkpt><trkpt lat="45.972706" lon="12.185745"><ele>227.044</ele><time>2022-01-12T15:06:35Z</time></trkpt><trkpt lat="45.972675" lon="12.185678"><ele>227.167</ele><time>2022-01-12T15:06:36Z</time></trkpt><trkpt lat="45.972620" lon="12.185570"><ele>227.141</ele><time>2022-01-12T15:06:38Z</time></trkpt><trkpt lat="45.972588" lon="12.185514"><ele>227.197</ele><time>2022-01-12T15:06:39Z</time></trkpt><trkpt lat="45.972522" lon="12.185423"><ele>227.222</ele><time>2022-01-12T15:06:41Z</time></trkpt><trkpt lat="45.972465" lon="12.185318"><ele>227.485</ele><time>2022-01-12T15:06:43Z</time></trkpt><trkpt lat="45.972414" lon="12.185199"><ele>227.644</ele><time>2022-01-12T15:06:45Z</time></trkpt><trkpt lat="45.972392" lon="12.185137"><ele>227.652</ele><time>2022-01-12T15:06:46Z</time></trkpt><trkpt lat="45.972349" lon="12.185016"><ele>227.751</ele><time>2022-01-12T15:06:48Z</time></trkpt><trkpt lat="45.972316" lon="12.184900"><ele>227.901</ele><time>2022-01-12T15:06:50Z</time></trkpt><trkpt lat="45.972281" lon="12.184789"><ele>228.311</ele><time>2022-01-12T15:06:52Z</time></trkpt><trkpt lat="45.972252" lon="12.184682"><ele>228.608</ele><time>2022-01-12T15:06:54Z</time></trkpt><trkpt lat="45.972218" lon="12.184575"><ele>228.984</ele><time>2022-01-12T15:06:56Z</time></trkpt><trkpt lat="45.972183" lon="12.184469"><ele>228.947</ele><time>2022-01-12T15:06:58Z</time></trkpt><trkpt lat="45.972153" lon="12.184359"><ele>228.961</ele><time>2022-01-12T15:07:00Z</time></trkpt><trkpt lat="45.972126" lon="12.184251"><ele>229.147</ele><time>2022-01-12T15:07:02Z</time></trkpt><trkpt lat="45.972100" lon="12.184141"><ele>229.252</ele><time>2022-01-12T15:07:04Z</time></trkpt><trkpt lat="45.972076" lon="12.184031"><ele>229.245</ele><time>2022-01-12T15:07:06Z</time></trkpt><trkpt lat="45.972051" lon="12.183923"><ele>229.264</ele><time>2022-01-12T15:07:08Z</time></trkpt><trkpt lat="45.972025" lon="12.183812"><ele>229.252</ele><time>2022-01-12T15:07:10Z</time></trkpt><trkpt lat="45.971998" lon="12.183696"><ele>229.775</ele><time>2022-01-12T15:07:12Z</time></trkpt><trkpt lat="45.971978" lon="12.183581"><ele>230.128</ele><time>2022-01-12T15:07:14Z</time></trkpt><trkpt lat="45.971947" lon="12.183479"><ele>230.120</ele><time>2022-01-12T15:07:16Z</time></trkpt><trkpt lat="45.971915" lon="12.183414"><ele>230.408</ele><time>2022-01-12T15:07:18Z</time></trkpt><trkpt lat="45.971896" lon="12.183355"><ele>231.636</ele><time>2022-01-12T15:08:23Z</time></trkpt><trkpt lat="45.971860" lon="12.183280"><ele>231.679</ele><time>2022-01-12T15:08:26Z</time></trkpt><trkpt lat="45.971836" lon="12.183206"><ele>231.623</ele><time>2022-01-12T15:08:29Z</time></trkpt><trkpt lat="45.971808" lon="12.183116"><ele>231.689</ele><time>2022-01-12T15:08:32Z</time></trkpt><trkpt lat="45.971788" lon="12.183054"><ele>231.654</ele><time>2022-01-12T15:08:33Z</time></trkpt><trkpt lat="45.971753" lon="12.182927"><ele>229.877</ele><time>2022-01-12T15:08:35Z</time></trkpt><trkpt lat="45.971721" lon="12.182807"><ele>228.466</ele><time>2022-01-12T15:08:37Z</time></trkpt><trkpt lat="45.971690" lon="12.182688"><ele>228.494</ele><time>2022-01-12T15:08:39Z</time></trkpt><trkpt lat="45.971661" lon="12.182570"><ele>228.699</ele><time>2022-01-12T15:08:41Z</time></trkpt><trkpt lat="45.971633" lon="12.182448"><ele>228.807</ele><time>2022-01-12T15:08:43Z</time></trkpt><trkpt lat="45.971609" lon="12.182324"><ele>229.027</ele><time>2022-01-12T15:08:45Z</time></trkpt><trkpt lat="45.971600" lon="12.182258"><ele>229.208</ele><time>2022-01-12T15:08:46Z</time></trkpt><trkpt lat="45.971584" lon="12.182127"><ele>229.428</ele><time>2022-01-12T15:08:48Z</time></trkpt><trkpt lat="45.971574" lon="12.182002"><ele>229.461</ele><time>2022-01-12T15:08:50Z</time></trkpt><trkpt lat="45.971569" lon="12.181877"><ele>229.425</ele><time>2022-01-12T15:08:52Z</time></trkpt><trkpt lat="45.971554" lon="12.181749"><ele>229.471</ele><time>2022-01-12T15:08:54Z</time></trkpt><trkpt lat="45.971541" lon="12.181617"><ele>229.446</ele><time>2022-01-12T15:08:56Z</time></trkpt><trkpt lat="45.971511" lon="12.181482"><ele>229.819</ele><time>2022-01-12T15:08:58Z</time></trkpt><trkpt lat="45.971488" lon="12.181421"><ele>229.918</ele><time>2022-01-12T15:08:59Z</time></trkpt><trkpt lat="45.971436" lon="12.181304"><ele>230.216</ele><time>2022-01-12T15:09:01Z</time></trkpt><trkpt lat="45.971375" lon="12.181197"><ele>230.699</ele><time>2022-01-12T15:09:03Z</time></trkpt><trkpt lat="45.971343" lon="12.181143"><ele>230.707</ele><time>2022-01-12T15:09:04Z</time></trkpt><trkpt lat="45.971276" lon="12.181035"><ele>230.827</ele><time>2022-01-12T15:09:06Z</time></trkpt><trkpt lat="45.971203" lon="12.180936"><ele>230.708</ele><time>2022-01-12T15:09:08Z</time></trkpt><trkpt lat="45.971123" lon="12.180847"><ele>230.878</ele><time>2022-01-12T15:09:10Z</time></trkpt><trkpt lat="45.971082" lon="12.180803"><ele>230.981</ele><time>2022-01-12T15:09:11Z</time></trkpt><trkpt lat="45.970999" lon="12.180718"><ele>230.995</ele><time>2022-01-12T15:09:13Z</time></trkpt><trkpt lat="45.970921" lon="12.180627"><ele>230.891</ele><time>2022-01-12T15:09:15Z</time></trkpt><trkpt lat="45.970886" lon="12.180577"><ele>230.836</ele><time>2022-01-12T15:09:16Z</time></trkpt><trkpt lat="45.970828" lon="12.180466"><ele>230.719</ele><time>2022-01-12T15:09:18Z</time></trkpt><trkpt lat="45.970806" lon="12.180405"><ele>230.628</ele><time>2022-01-12T15:09:19Z</time></trkpt><trkpt lat="45.970782" lon="12.180273"><ele>230.566</ele><time>2022-01-12T15:09:21Z</time></trkpt><trkpt lat="45.970774" lon="12.180203"><ele>230.419</ele><time>2022-01-12T15:09:22Z</time></trkpt><trkpt lat="45.970753" lon="12.180061"><ele>230.409</ele><time>2022-01-12T15:09:24Z</time></trkpt><trkpt lat="45.970735" lon="12.179918"><ele>230.419</ele><time>2022-01-12T15:09:26Z</time></trkpt><trkpt lat="45.970706" lon="12.179778"><ele>230.708</ele><time>2022-01-12T15:09:28Z</time></trkpt><trkpt lat="45.970655" lon="12.179659"><ele>231.280</ele><time>2022-01-12T15:09:30Z</time></trkpt><trkpt lat="45.970618" lon="12.179573"><ele>232.163</ele><time>2022-01-12T15:09:32Z</time></trkpt><trkpt lat="45.970637" lon="12.179487"><ele>232.877</ele><time>2022-01-12T15:09:34Z</time></trkpt><trkpt lat="45.970671" lon="12.179416"><ele>233.583</ele><time>2022-01-12T15:09:36Z</time></trkpt><trkpt lat="45.970703" lon="12.179294"><ele>234.068</ele><time>2022-01-12T15:09:38Z</time></trkpt><trkpt lat="45.970706" lon="12.179224"><ele>234.381</ele><time>2022-01-12T15:09:39Z</time></trkpt><trkpt lat="45.970695" lon="12.179069"><ele>234.480</ele><time>2022-01-12T15:09:41Z</time></trkpt><trkpt lat="45.970687" lon="12.178881"><ele>233.298</ele><time>2022-01-12T15:09:43Z</time></trkpt><trkpt lat="45.970697" lon="12.178786"><ele>231.931</ele><time>2022-01-12T15:09:44Z</time></trkpt><trkpt lat="45.970711" lon="12.178693"><ele>231.561</ele><time>2022-01-12T15:09:45Z</time></trkpt><trkpt lat="45.970743" lon="12.178490"><ele>231.007</ele><time>2022-01-12T15:09:47Z</time></trkpt><trkpt lat="45.970763" lon="12.178315"><ele>231.208</ele><time>2022-01-12T15:09:49Z</time></trkpt><trkpt lat="45.970774" lon="12.178152"><ele>231.312</ele><time>2022-01-12T15:09:51Z</time></trkpt><trkpt lat="45.970779" lon="12.177982"><ele>231.175</ele><time>2022-01-12T15:09:53Z</time></trkpt><trkpt lat="45.970788" lon="12.177819"><ele>230.919</ele><time>2022-01-12T15:09:55Z</time></trkpt><trkpt lat="45.970810" lon="12.177669"><ele>230.885</ele><time>2022-01-12T15:09:57Z</time></trkpt><trkpt lat="45.970826" lon="12.177592"><ele>230.590</ele><time>2022-01-12T15:09:58Z</time></trkpt><trkpt lat="45.970861" lon="12.177450"><ele>230.113</ele><time>2022-01-12T15:10:00Z</time></trkpt><trkpt lat="45.970903" lon="12.177308"><ele>229.892</ele><time>2022-01-12T15:10:02Z</time></trkpt><trkpt lat="45.970946" lon="12.177174"><ele>229.750</ele><time>2022-01-12T15:10:04Z</time></trkpt><trkpt lat="45.970964" lon="12.177103"><ele>229.617</ele><time>2022-01-12T15:10:05Z</time></trkpt><trkpt lat="45.970983" lon="12.177035"><ele>229.587</ele><time>2022-01-12T15:10:06Z</time></trkpt><trkpt lat="45.971001" lon="12.176879"><ele>229.615</ele><time>2022-01-12T15:10:08Z</time></trkpt><trkpt lat="45.971011" lon="12.176724"><ele>230.008</ele><time>2022-01-12T15:10:10Z</time></trkpt><trkpt lat="45.971012" lon="12.176653"><ele>230.060</ele><time>2022-01-12T15:10:11Z</time></trkpt><trkpt lat="45.971015" lon="12.176500"><ele>230.173</ele><time>2022-01-12T15:10:13Z</time></trkpt><trkpt lat="45.971017" lon="12.176364"><ele>230.437</ele><time>2022-01-12T15:10:15Z</time></trkpt><trkpt lat="45.971022" lon="12.176252"><ele>231.333</ele><time>2022-01-12T15:10:17Z</time></trkpt><trkpt lat="45.971030" lon="12.176164"><ele>232.178</ele><time>2022-01-12T15:10:19Z</time></trkpt><trkpt lat="45.971055" lon="12.176105"><ele>232.791</ele><time>2022-01-12T15:10:21Z</time></trkpt><trkpt lat="45.971101" lon="12.176073"><ele>236.430</ele><time>2022-01-12T15:11:19Z</time></trkpt><trkpt lat="45.971159" lon="12.176076"><ele>236.428</ele><time>2022-01-12T15:11:21Z</time></trkpt><trkpt lat="45.971231" lon="12.176071"><ele>236.438</ele><time>2022-01-12T15:11:23Z</time></trkpt><trkpt lat="45.971303" lon="12.176070"><ele>236.470</ele><time>2022-01-12T15:11:25Z</time></trkpt><trkpt lat="45.971366" lon="12.176070"><ele>236.217</ele><time>2022-01-12T15:11:27Z</time></trkpt><trkpt lat="45.971415" lon="12.176065"><ele>236.208</ele><time>2022-01-12T15:11:29Z</time></trkpt><trkpt lat="45.971475" lon="12.176067"><ele>236.532</ele><time>2022-01-12T15:11:31Z</time></trkpt><trkpt lat="45.971543" lon="12.176073"><ele>236.745</ele><time>2022-01-12T15:11:33Z</time></trkpt><trkpt lat="45.971617" lon="12.176072"><ele>236.779</ele><time>2022-01-12T15:11:35Z</time></trkpt><trkpt lat="45.971694" lon="12.176078"><ele>236.635</ele><time>2022-01-12T15:11:37Z</time></trkpt><trkpt lat="45.971770" lon="12.176083"><ele>236.270</ele><time>2022-01-12T15:11:39Z</time></trkpt><trkpt lat="45.971844" lon="12.176089"><ele>236.223</ele><time>2022-01-12T15:11:41Z</time></trkpt><trkpt lat="45.971918" lon="12.176097"><ele>236.332</ele><time>2022-01-12T15:11:43Z</time></trkpt><trkpt lat="45.971992" lon="12.176100"><ele>236.460</ele><time>2022-01-12T15:11:45Z</time></trkpt><trkpt lat="45.972067" lon="12.176102"><ele>236.416</ele><time>2022-01-12T15:11:47Z</time></trkpt><trkpt lat="45.972145" lon="12.176111"><ele>236.576</ele><time>2022-01-12T15:11:49Z</time></trkpt><trkpt lat="45.972224" lon="12.176108"><ele>236.513</ele><time>2022-01-12T15:11:51Z</time></trkpt><trkpt lat="45.972298" lon="12.176091"><ele>236.608</ele><time>2022-01-12T15:11:53Z</time></trkpt><trkpt lat="45.972367" lon="12.176072"><ele>236.670</ele><time>2022-01-12T15:11:55Z</time></trkpt><trkpt lat="45.972441" lon="12.176049"><ele>236.443</ele><time>2022-01-12T15:11:57Z</time></trkpt><trkpt lat="45.972516" lon="12.176028"><ele>236.477</ele><time>2022-01-12T15:11:59Z</time></trkpt><trkpt lat="45.972591" lon="12.175996"><ele>236.683</ele><time>2022-01-12T15:12:01Z</time></trkpt><trkpt lat="45.972663" lon="12.175968"><ele>237.188</ele><time>2022-01-12T15:12:03Z</time></trkpt><trkpt lat="45.972738" lon="12.175943"><ele>237.251</ele><time>2022-01-12T15:12:05Z</time></trkpt><trkpt lat="45.972816" lon="12.175920"><ele>237.760</ele><time>2022-01-12T15:12:07Z</time></trkpt><trkpt lat="45.972893" lon="12.175896"><ele>238.338</ele><time>2022-01-12T15:12:09Z</time></trkpt><trkpt lat="45.972974" lon="12.175863"><ele>238.696</ele><time>2022-01-12T15:12:11Z</time></trkpt><trkpt lat="45.973052" lon="12.175837"><ele>238.931</ele><time>2022-01-12T15:12:13Z</time></trkpt><trkpt lat="45.973127" lon="12.175813"><ele>239.124</ele><time>2022-01-12T15:12:15Z</time></trkpt><trkpt lat="45.973202" lon="12.175784"><ele>239.708</ele><time>2022-01-12T15:12:17Z</time></trkpt><trkpt lat="45.973272" lon="12.175750"><ele>240.628</ele><time>2022-01-12T15:12:19Z</time></trkpt><trkpt lat="45.973348" lon="12.175727"><ele>241.441</ele><time>2022-01-12T15:12:21Z</time></trkpt><trkpt lat="45.973422" lon="12.175716"><ele>241.995</ele><time>2022-01-12T15:12:23Z</time></trkpt><trkpt lat="45.973488" lon="12.175690"><ele>242.091</ele><time>2022-01-12T15:12:25Z</time></trkpt><trkpt lat="45.973552" lon="12.175669"><ele>242.256</ele><time>2022-01-12T15:12:27Z</time></trkpt><trkpt lat="45.973613" lon="12.175651"><ele>242.179</ele><time>2022-01-12T15:12:29Z</time></trkpt><trkpt lat="45.973661" lon="12.175638"><ele>241.718</ele><time>2022-01-12T15:12:31Z</time></trkpt><trkpt lat="45.973684" lon="12.175560"><ele>241.166</ele><time>2022-01-12T15:12:35Z</time></trkpt><trkpt lat="45.973671" lon="12.175486"><ele>241.179</ele><time>2022-01-12T15:12:37Z</time></trkpt><trkpt lat="45.973677" lon="12.175396"><ele>240.905</ele><time>2022-01-12T15:12:39Z</time></trkpt><trkpt lat="45.973694" lon="12.175285"><ele>240.525</ele><time>2022-01-12T15:12:41Z</time></trkpt><trkpt lat="45.973702" lon="12.175164"><ele>239.108</ele><time>2022-01-12T15:12:43Z</time></trkpt><trkpt lat="45.973689" lon="12.175043"><ele>238.946</ele><time>2022-01-12T15:12:45Z</time></trkpt><trkpt lat="45.973667" lon="12.174918"><ele>238.989</ele><time>2022-01-12T15:12:47Z</time></trkpt><trkpt lat="45.973656" lon="12.174853"><ele>238.963</ele><time>2022-01-12T15:12:48Z</time></trkpt><trkpt lat="45.973634" lon="12.174716"><ele>239.369</ele><time>2022-01-12T15:12:50Z</time></trkpt><trkpt lat="45.973610" lon="12.174573"><ele>239.454</ele><time>2022-01-12T15:12:52Z</time></trkpt><trkpt lat="45.973599" lon="12.174504"><ele>239.317</ele><time>2022-01-12T15:12:53Z</time></trkpt><trkpt lat="45.973587" lon="12.174438"><ele>239.226</ele><time>2022-01-12T15:12:54Z</time></trkpt><trkpt lat="45.973563" lon="12.174313"><ele>239.024</ele><time>2022-01-12T15:12:56Z</time></trkpt><trkpt lat="45.973540" lon="12.174188"><ele>239.054</ele><time>2022-01-12T15:12:58Z</time></trkpt><trkpt lat="45.973526" lon="12.174121"><ele>239.156</ele><time>2022-01-12T15:12:59Z</time></trkpt><trkpt lat="45.973495" lon="12.173981"><ele>239.111</ele><time>2022-01-12T15:13:01Z</time></trkpt><trkpt lat="45.973480" lon="12.173910"><ele>239.208</ele><time>2022-01-12T15:13:02Z</time></trkpt><trkpt lat="45.973448" lon="12.173778"><ele>239.364</ele><time>2022-01-12T15:13:04Z</time></trkpt><trkpt lat="45.973415" lon="12.173656"><ele>239.427</ele><time>2022-01-12T15:13:06Z</time></trkpt><trkpt lat="45.973386" lon="12.173546"><ele>239.341</ele><time>2022-01-12T15:13:08Z</time></trkpt><trkpt lat="45.973358" lon="12.173437"><ele>238.837</ele><time>2022-01-12T15:13:10Z</time></trkpt><trkpt lat="45.973340" lon="12.173335"><ele>238.712</ele><time>2022-01-12T15:13:12Z</time></trkpt><trkpt lat="45.973313" lon="12.173217"><ele>238.515</ele><time>2022-01-12T15:13:14Z</time></trkpt><trkpt lat="45.973281" lon="12.173099"><ele>237.814</ele><time>2022-01-12T15:13:16Z</time></trkpt><trkpt lat="45.973262" lon="12.173038"><ele>237.542</ele><time>2022-01-12T15:13:17Z</time></trkpt><trkpt lat="45.973245" lon="12.172966"><ele>237.521</ele><time>2022-01-12T15:13:18Z</time></trkpt><trkpt lat="45.973226" lon="12.172797"><ele>236.541</ele><time>2022-01-12T15:13:20Z</time></trkpt><trkpt lat="45.973213" lon="12.172714"><ele>236.505</ele><time>2022-01-12T15:13:21Z</time></trkpt><trkpt lat="45.973191" lon="12.172582"><ele>236.508</ele><time>2022-01-12T15:13:23Z</time></trkpt><trkpt lat="45.973171" lon="12.172482"><ele>237.321</ele><time>2022-01-12T15:13:25Z</time></trkpt><trkpt lat="45.973157" lon="12.172414"><ele>238.214</ele><time>2022-01-12T15:13:27Z</time></trkpt><trkpt lat="45.973146" lon="12.172337"><ele>239.118</ele><time>2022-01-12T15:13:30Z</time></trkpt><trkpt lat="45.973138" lon="12.172273"><ele>239.544</ele><time>2022-01-12T15:13:32Z</time></trkpt><trkpt lat="45.973123" lon="12.172180"><ele>239.659</ele><time>2022-01-12T15:13:35Z</time></trkpt><trkpt lat="45.973110" lon="12.172111"><ele>240.242</ele><time>2022-01-12T15:13:37Z</time></trkpt><trkpt lat="45.973094" lon="12.172043"><ele>240.711</ele><time>2022-01-12T15:13:39Z</time></trkpt><trkpt lat="45.973082" lon="12.171979"><ele>240.979</ele><time>2022-01-12T15:13:41Z</time></trkpt><trkpt lat="45.973076" lon="12.171914"><ele>241.398</ele><time>2022-01-12T15:13:43Z</time></trkpt><trkpt lat="45.973065" lon="12.171823"><ele>241.715</ele><time>2022-01-12T15:13:46Z</time></trkpt><trkpt lat="45.973052" lon="12.171737"><ele>241.826</ele><time>2022-01-12T15:13:49Z</time></trkpt><trkpt lat="45.973040" lon="12.171650"><ele>241.808</ele><time>2022-01-12T15:13:52Z</time></trkpt><trkpt lat="45.973020" lon="12.171563"><ele>241.048</ele><time>2022-01-12T15:13:55Z</time></trkpt><trkpt lat="45.973016" lon="12.171474"><ele>240.051</ele><time>2022-01-12T15:13:58Z</time></trkpt><trkpt lat="45.973008" lon="12.171410"><ele>239.475</ele><time>2022-01-12T15:14:00Z</time></trkpt><trkpt lat="45.972996" lon="12.171340"><ele>238.151</ele><time>2022-01-12T15:14:02Z</time></trkpt><trkpt lat="45.972994" lon="12.171272"><ele>237.976</ele><time>2022-01-12T15:14:04Z</time></trkpt><trkpt lat="45.972982" lon="12.171201"><ele>237.169</ele><time>2022-01-12T15:14:06Z</time></trkpt><trkpt lat="45.972968" lon="12.171135"><ele>236.058</ele><time>2022-01-12T15:14:08Z</time></trkpt><trkpt lat="45.972953" lon="12.171054"><ele>235.486</ele><time>2022-01-12T15:14:10Z</time></trkpt><trkpt lat="45.972938" lon="12.170974"><ele>234.948</ele><time>2022-01-12T15:14:12Z</time></trkpt><trkpt lat="45.972926" lon="12.170901"><ele>234.861</ele><time>2022-01-12T15:14:14Z</time></trkpt><trkpt lat="45.972912" lon="12.170825"><ele>234.617</ele><time>2022-01-12T15:14:16Z</time></trkpt><trkpt lat="45.972893" lon="12.170748"><ele>234.608</ele><time>2022-01-12T15:14:18Z</time></trkpt><trkpt lat="45.972889" lon="12.170669"><ele>234.993</ele><time>2022-01-12T15:14:20Z</time></trkpt><trkpt lat="45.972879" lon="12.170587"><ele>235.226</ele><time>2022-01-12T15:14:22Z</time></trkpt><trkpt lat="45.972869" lon="12.170512"><ele>235.230</ele><time>2022-01-12T15:14:24Z</time></trkpt><trkpt lat="45.972864" lon="12.170427"><ele>235.286</ele><time>2022-01-12T15:14:26Z</time></trkpt><trkpt lat="45.972854" lon="12.170338"><ele>234.711</ele><time>2022-01-12T15:14:28Z</time></trkpt><trkpt lat="45.972836" lon="12.170248"><ele>234.794</ele><time>2022-01-12T15:14:30Z</time></trkpt><trkpt lat="45.972817" lon="12.170160"><ele>234.873</ele><time>2022-01-12T15:14:32Z</time></trkpt><trkpt lat="45.972805" lon="12.170072"><ele>236.671</ele><time>2022-01-12T15:14:34Z</time></trkpt><trkpt lat="45.972793" lon="12.169986"><ele>238.044</ele><time>2022-01-12T15:14:36Z</time></trkpt><trkpt lat="45.972779" lon="12.169901"><ele>238.905</ele><time>2022-01-12T15:14:38Z</time></trkpt><trkpt lat="45.972781" lon="12.169825"><ele>239.415</ele><time>2022-01-12T15:14:40Z</time></trkpt><trkpt lat="45.972781" lon="12.169756"><ele>239.208</ele><time>2022-01-12T15:14:42Z</time></trkpt><trkpt lat="45.972773" lon="12.169668"><ele>238.893</ele><time>2022-01-12T15:14:44Z</time></trkpt><trkpt lat="45.972763" lon="12.169565"><ele>236.436</ele><time>2022-01-12T15:14:46Z</time></trkpt><trkpt lat="45.972759" lon="12.169458"><ele>235.120</ele><time>2022-01-12T15:14:48Z</time></trkpt><trkpt lat="45.972757" lon="12.169358"><ele>234.866</ele><time>2022-01-12T15:14:50Z</time></trkpt><trkpt lat="45.972744" lon="12.169252"><ele>234.781</ele><time>2022-01-12T15:14:52Z</time></trkpt><trkpt lat="45.972739" lon="12.169147"><ele>234.714</ele><time>2022-01-12T15:14:54Z</time></trkpt><trkpt lat="45.972735" lon="12.169045"><ele>235.753</ele><time>2022-01-12T15:14:56Z</time></trkpt><trkpt lat="45.972722" lon="12.168951"><ele>236.061</ele><time>2022-01-12T15:14:58Z</time></trkpt><trkpt lat="45.972705" lon="12.168857"><ele>236.165</ele><time>2022-01-12T15:15:00Z</time></trkpt><trkpt lat="45.972697" lon="12.168765"><ele>236.168</ele><time>2022-01-12T15:15:02Z</time></trkpt><trkpt lat="45.972703" lon="12.168685"><ele>235.814</ele><time>2022-01-12T15:15:04Z</time></trkpt><trkpt lat="45.972695" lon="12.168590"><ele>235.608</ele><time>2022-01-12T15:15:06Z</time></trkpt><trkpt lat="45.972691" lon="12.168508"><ele>234.525</ele><time>2022-01-12T15:15:08Z</time></trkpt><trkpt lat="45.972684" lon="12.168423"><ele>234.128</ele><time>2022-01-12T15:15:10Z</time></trkpt><trkpt lat="45.972668" lon="12.168345"><ele>233.952</ele><time>2022-01-12T15:15:12Z</time></trkpt><trkpt lat="45.972642" lon="12.168243"><ele>233.888</ele><time>2022-01-12T15:15:14Z</time></trkpt><trkpt lat="45.972619" lon="12.168145"><ele>234.123</ele><time>2022-01-12T15:15:16Z</time></trkpt><trkpt lat="45.972608" lon="12.168074"><ele>234.836</ele><time>2022-01-12T15:15:18Z</time></trkpt><trkpt lat="45.972590" lon="12.167973"><ele>235.995</ele><time>2022-01-12T15:15:20Z</time></trkpt><trkpt lat="45.972584" lon="12.167879"><ele>236.653</ele><time>2022-01-12T15:15:22Z</time></trkpt><trkpt lat="45.972556" lon="12.167791"><ele>237.485</ele><time>2022-01-12T15:15:24Z</time></trkpt><trkpt lat="45.972525" lon="12.167718"><ele>239.789</ele><time>2022-01-12T15:15:26Z</time></trkpt><trkpt lat="45.972509" lon="12.167627"><ele>240.017</ele><time>2022-01-12T15:15:28Z</time></trkpt><trkpt lat="45.972491" lon="12.167545"><ele>240.008</ele><time>2022-01-12T15:15:30Z</time></trkpt><trkpt lat="45.972483" lon="12.167462"><ele>240.047</ele><time>2022-01-12T15:15:32Z</time></trkpt><trkpt lat="45.972484" lon="12.167382"><ele>239.340</ele><time>2022-01-12T15:15:34Z</time></trkpt><trkpt lat="45.972487" lon="12.167308"><ele>237.114</ele><time>2022-01-12T15:15:36Z</time></trkpt><trkpt lat="45.972195" lon="12.166514"><ele>237.110</ele><time>2022-01-12T15:15:38Z</time></trkpt><trkpt lat="45.972178" lon="12.166400"><ele>242.545</ele><time>2022-01-12T15:15:39Z</time></trkpt><trkpt lat="45.972160" lon="12.166293"><ele>242.758</ele><time>2022-01-12T15:15:40Z</time></trkpt><trkpt lat="45.972148" lon="12.166065"><ele>242.347</ele><time>2022-01-12T15:15:42Z</time></trkpt><trkpt lat="45.972144" lon="12.165960"><ele>242.035</ele><time>2022-01-12T15:15:43Z</time></trkpt><trkpt lat="45.972140" lon="12.165760"><ele>242.039</ele><time>2022-01-12T15:15:45Z</time></trkpt><trkpt lat="45.972139" lon="12.165674"><ele>242.201</ele><time>2022-01-12T15:15:46Z</time></trkpt><trkpt lat="45.972146" lon="12.165608"><ele>242.521</ele><time>2022-01-12T15:15:47Z</time></trkpt><trkpt lat="45.972161" lon="12.165500"><ele>244.008</ele><time>2022-01-12T15:15:49Z</time></trkpt><trkpt lat="45.972166" lon="12.165402"><ele>244.172</ele><time>2022-01-12T15:15:51Z</time></trkpt><trkpt lat="45.972176" lon="12.165288"><ele>244.325</ele><time>2022-01-12T15:15:53Z</time></trkpt><trkpt lat="45.972189" lon="12.165192"><ele>244.779</ele><time>2022-01-12T15:15:55Z</time></trkpt><trkpt lat="45.972195" lon="12.165090"><ele>245.095</ele><time>2022-01-12T15:15:57Z</time></trkpt><trkpt lat="45.972208" lon="12.164937"><ele>245.220</ele><time>2022-01-12T15:15:59Z</time></trkpt><trkpt lat="45.972209" lon="12.164774"><ele>245.933</ele><time>2022-01-12T15:16:01Z</time></trkpt><trkpt lat="45.972211" lon="12.164671"><ele>247.452</ele><time>2022-01-12T15:16:03Z</time></trkpt><trkpt lat="45.972222" lon="12.164558"><ele>248.430</ele><time>2022-01-12T15:16:05Z</time></trkpt><trkpt lat="45.972228" lon="12.164490"><ele>248.516</ele><time>2022-01-12T15:16:06Z</time></trkpt><trkpt lat="45.972244" lon="12.164361"><ele>248.576</ele><time>2022-01-12T15:16:08Z</time></trkpt><trkpt lat="45.972257" lon="12.164199"><ele>248.513</ele><time>2022-01-12T15:16:10Z</time></trkpt><trkpt lat="45.972262" lon="12.164048"><ele>248.508</ele><time>2022-01-12T15:16:12Z</time></trkpt><trkpt lat="45.972272" lon="12.163922"><ele>248.960</ele><time>2022-01-12T15:16:14Z</time></trkpt><trkpt lat="45.972273" lon="12.163829"><ele>249.473</ele><time>2022-01-12T15:16:16Z</time></trkpt><trkpt lat="45.972262" lon="12.163727"><ele>249.737</ele><time>2022-01-12T15:16:18Z</time></trkpt><trkpt lat="45.972229" lon="12.163589"><ele>249.653</ele><time>2022-01-12T15:16:20Z</time></trkpt><trkpt lat="45.972213" lon="12.163523"><ele>249.318</ele><time>2022-01-12T15:16:21Z</time></trkpt><trkpt lat="45.972195" lon="12.163455"><ele>248.671</ele><time>2022-01-12T15:16:22Z</time></trkpt><trkpt lat="45.972163" lon="12.163297"><ele>246.240</ele><time>2022-01-12T15:16:24Z</time></trkpt><trkpt lat="45.972154" lon="12.163217"><ele>245.568</ele><time>2022-01-12T15:16:25Z</time></trkpt><trkpt lat="45.972145" lon="12.163054"><ele>244.499</ele><time>2022-01-12T15:16:27Z</time></trkpt><trkpt lat="45.972152" lon="12.162960"><ele>244.407</ele><time>2022-01-12T15:16:28Z</time></trkpt><trkpt lat="45.972156" lon="12.162866"><ele>244.227</ele><time>2022-01-12T15:16:29Z</time></trkpt><trkpt lat="45.972137" lon="12.162682"><ele>243.108</ele><time>2022-01-12T15:16:31Z</time></trkpt><trkpt lat="45.972122" lon="12.162480"><ele>242.468</ele><time>2022-01-12T15:16:33Z</time></trkpt><trkpt lat="45.972119" lon="12.162395"><ele>242.451</ele><time>2022-01-12T15:16:34Z</time></trkpt><trkpt lat="45.972111" lon="12.162323"><ele>242.445</ele><time>2022-01-12T15:16:35Z</time></trkpt><trkpt lat="45.972088" lon="12.162184"><ele>242.321</ele><time>2022-01-12T15:16:37Z</time></trkpt><trkpt lat="45.972071" lon="12.162066"><ele>242.556</ele><time>2022-01-12T15:16:39Z</time></trkpt><trkpt lat="45.972058" lon="12.161951"><ele>242.749</ele><time>2022-01-12T15:16:41Z</time></trkpt><trkpt lat="45.972036" lon="12.161825"><ele>242.798</ele><time>2022-01-12T15:16:43Z</time></trkpt><trkpt lat="45.972018" lon="12.161707"><ele>242.776</ele><time>2022-01-12T15:16:45Z</time></trkpt><trkpt lat="45.971993" lon="12.161611"><ele>243.281</ele><time>2022-01-12T15:16:47Z</time></trkpt><trkpt lat="45.971971" lon="12.161522"><ele>243.561</ele><time>2022-01-12T15:16:49Z</time></trkpt><trkpt lat="45.971975" lon="12.161446"><ele>244.017</ele><time>2022-01-12T15:16:51Z</time></trkpt><trkpt lat="45.972009" lon="12.161383"><ele>244.108</ele><time>2022-01-12T15:16:53Z</time></trkpt><trkpt lat="45.972051" lon="12.161343"><ele>244.877</ele><time>2022-01-12T15:16:55Z</time></trkpt><trkpt lat="45.972108" lon="12.161293"><ele>246.090</ele><time>2022-01-12T15:16:58Z</time></trkpt><trkpt lat="45.972159" lon="12.161264"><ele>247.334</ele><time>2022-01-12T15:17:01Z</time></trkpt><trkpt lat="45.972178" lon="12.161185"><ele>248.770</ele><time>2022-01-12T15:17:04Z</time></trkpt><trkpt lat="45.972163" lon="12.161123"><ele>248.925</ele><time>2022-01-12T15:17:06Z</time></trkpt><trkpt lat="45.972141" lon="12.161041"><ele>249.538</ele><time>2022-01-12T15:17:09Z</time></trkpt><trkpt lat="45.972125" lon="12.160967"><ele>250.977</ele><time>2022-01-12T15:17:12Z</time></trkpt><trkpt lat="45.972118" lon="12.160892"><ele>252.335</ele><time>2022-01-12T15:17:15Z</time></trkpt><trkpt lat="45.972096" lon="12.160824"><ele>253.089</ele><time>2022-01-12T15:17:18Z</time></trkpt><trkpt lat="45.972082" lon="12.160750"><ele>253.706</ele><time>2022-01-12T15:17:21Z</time></trkpt><trkpt lat="45.972072" lon="12.160671"><ele>254.626</ele><time>2022-01-12T15:17:25Z</time></trkpt><trkpt lat="45.972056" lon="12.160610"><ele>255.008</ele><time>2022-01-12T15:17:28Z</time></trkpt><trkpt lat="45.972043" lon="12.160545"><ele>255.517</ele><time>2022-01-12T15:17:31Z</time></trkpt><trkpt lat="45.972010" lon="12.160470"><ele>256.390</ele><time>2022-01-12T15:17:34Z</time></trkpt><trkpt lat="45.971992" lon="12.160400"><ele>256.564</ele><time>2022-01-12T15:17:37Z</time></trkpt><trkpt lat="45.972003" lon="12.160329"><ele>256.810</ele><time>2022-01-12T15:17:40Z</time></trkpt><trkpt lat="45.972011" lon="12.160252"><ele>257.335</ele><time>2022-01-12T15:17:43Z</time></trkpt><trkpt lat="45.972032" lon="12.160188"><ele>257.788</ele><time>2022-01-12T15:17:46Z</time></trkpt><trkpt lat="45.972052" lon="12.160123"><ele>258.057</ele><time>2022-01-12T15:17:49Z</time></trkpt><trkpt lat="45.972089" lon="12.160059"><ele>258.475</ele><time>2022-01-12T15:17:53Z</time></trkpt><trkpt lat="45.972129" lon="12.160009"><ele>259.013</ele><time>2022-01-12T15:17:57Z</time></trkpt><trkpt lat="45.972172" lon="12.159957"><ele>261.643</ele><time>2022-01-12T15:18:01Z</time></trkpt><trkpt lat="45.972144" lon="12.159894"><ele>263.907</ele><time>2022-01-12T15:18:03Z</time></trkpt><trkpt lat="45.972168" lon="12.159836"><ele>264.008</ele><time>2022-01-12T15:18:06Z</time></trkpt><trkpt lat="45.972145" lon="12.159780"><ele>264.020</ele><time>2022-01-12T15:18:09Z</time></trkpt><trkpt lat="45.972109" lon="12.159719"><ele>260.853</ele><time>2022-01-12T15:18:12Z</time></trkpt><trkpt lat="45.972063" lon="12.159650"><ele>260.497</ele><time>2022-01-12T15:18:15Z</time></trkpt><trkpt lat="45.972020" lon="12.159615"><ele>260.423</ele><time>2022-01-12T15:18:17Z</time></trkpt><trkpt lat="45.971973" lon="12.159582"><ele>261.398</ele><time>2022-01-12T15:18:20Z</time></trkpt><trkpt lat="45.971931" lon="12.159549"><ele>261.941</ele><time>2022-01-12T15:18:23Z</time></trkpt><trkpt lat="45.971781" lon="12.159405"><ele>261.830</ele><time>2022-01-12T15:18:27Z</time></trkpt><trkpt lat="45.971739" lon="12.159326"><ele>259.278</ele><time>2022-01-12T15:18:29Z</time></trkpt><trkpt lat="45.971715" lon="12.159270"><ele>258.827</ele><time>2022-01-12T15:18:30Z</time></trkpt><trkpt lat="45.971662" lon="12.159185"><ele>257.768</ele><time>2022-01-12T15:18:32Z</time></trkpt><trkpt lat="45.971599" lon="12.159131"><ele>257.214</ele><time>2022-01-12T15:18:34Z</time></trkpt><trkpt lat="45.971561" lon="12.159086"><ele>256.708</ele><time>2022-01-12T15:18:36Z</time></trkpt><trkpt lat="45.971520" lon="12.159021"><ele>255.161</ele><time>2022-01-12T15:18:38Z</time></trkpt><trkpt lat="45.971479" lon="12.158901"><ele>253.954</ele><time>2022-01-12T15:18:40Z</time></trkpt><trkpt lat="45.971431" lon="12.158816"><ele>252.748</ele><time>2022-01-12T15:18:42Z</time></trkpt><trkpt lat="45.971379" lon="12.158754"><ele>250.434</ele><time>2022-01-12T15:18:44Z</time></trkpt><trkpt lat="45.971330" lon="12.158694"><ele>249.419</ele><time>2022-01-12T15:18:46Z</time></trkpt><trkpt lat="45.971285" lon="12.158648"><ele>247.862</ele><time>2022-01-12T15:18:48Z</time></trkpt><trkpt lat="45.971225" lon="12.158604"><ele>247.341</ele><time>2022-01-12T15:18:50Z</time></trkpt><trkpt lat="45.971163" lon="12.158587"><ele>246.959</ele><time>2022-01-12T15:18:52Z</time></trkpt><trkpt lat="45.971103" lon="12.158567"><ele>245.458</ele><time>2022-01-12T15:18:54Z</time></trkpt><trkpt lat="45.971088" lon="12.158481"><ele>243.952</ele><time>2022-01-12T15:18:57Z</time></trkpt><trkpt lat="45.971085" lon="12.158402"><ele>243.217</ele><time>2022-01-12T15:19:00Z</time></trkpt><trkpt lat="45.971084" lon="12.158334"><ele>243.008</ele><time>2022-01-12T15:19:03Z</time></trkpt><trkpt lat="45.971069" lon="12.158255"><ele>242.694</ele><time>2022-01-12T15:19:06Z</time></trkpt><trkpt lat="45.971052" lon="12.158191"><ele>242.327</ele><time>2022-01-12T15:19:08Z</time></trkpt><trkpt lat="45.971031" lon="12.158124"><ele>242.161</ele><time>2022-01-12T15:19:10Z</time></trkpt><trkpt lat="45.970999" lon="12.158055"><ele>242.117</ele><time>2022-01-12T15:19:12Z</time></trkpt><trkpt lat="45.970972" lon="12.157989"><ele>242.172</ele><time>2022-01-12T15:19:14Z</time></trkpt><trkpt lat="45.970955" lon="12.157912"><ele>242.125</ele><time>2022-01-12T15:19:16Z</time></trkpt><trkpt lat="45.970933" lon="12.157844"><ele>242.394</ele><time>2022-01-12T15:19:18Z</time></trkpt><trkpt lat="45.970910" lon="12.157772"><ele>242.582</ele><time>2022-01-12T15:19:20Z</time></trkpt><trkpt lat="45.970889" lon="12.157703"><ele>242.684</ele><time>2022-01-12T15:19:22Z</time></trkpt><trkpt lat="45.970871" lon="12.157627"><ele>242.907</ele><time>2022-01-12T15:19:24Z</time></trkpt><trkpt lat="45.970846" lon="12.157557"><ele>243.517</ele><time>2022-01-12T15:19:26Z</time></trkpt><trkpt lat="45.970820" lon="12.157468"><ele>244.208</ele><time>2022-01-12T15:19:29Z</time></trkpt><trkpt lat="45.970799" lon="12.157400"><ele>244.917</ele><time>2022-01-12T15:19:31Z</time></trkpt><trkpt lat="45.970773" lon="12.157336"><ele>245.160</ele><time>2022-01-12T15:19:33Z</time></trkpt><trkpt lat="45.970740" lon="12.157275"><ele>245.274</ele><time>2022-01-12T15:19:35Z</time></trkpt><trkpt lat="45.970714" lon="12.157220"><ele>245.220</ele><time>2022-01-12T15:19:37Z</time></trkpt><trkpt lat="45.970676" lon="12.157145"><ele>246.545</ele><time>2022-01-12T15:19:40Z</time></trkpt><trkpt lat="45.970646" lon="12.157065"><ele>246.788</ele><time>2022-01-12T15:19:43Z</time></trkpt><trkpt lat="45.970616" lon="12.156980"><ele>247.437</ele><time>2022-01-12T15:19:46Z</time></trkpt><trkpt lat="45.970575" lon="12.156922"><ele>247.455</ele><time>2022-01-12T15:19:48Z</time></trkpt><trkpt lat="45.970544" lon="12.156851"><ele>247.463</ele><time>2022-01-12T15:19:50Z</time></trkpt><trkpt lat="45.970532" lon="12.156773"><ele>247.044</ele><time>2022-01-12T15:19:52Z</time></trkpt><trkpt lat="45.970483" lon="12.156698"><ele>246.718</ele><time>2022-01-12T15:19:54Z</time></trkpt><trkpt lat="45.970443" lon="12.156629"><ele>244.008</ele><time>2022-01-12T15:19:56Z</time></trkpt><trkpt lat="45.970400" lon="12.156562"><ele>244.065</ele><time>2022-01-12T15:19:58Z</time></trkpt><trkpt lat="45.970342" lon="12.156504"><ele>244.218</ele><time>2022-01-12T15:20:00Z</time></trkpt><trkpt lat="45.970296" lon="12.156448"><ele>244.632</ele><time>2022-01-12T15:20:02Z</time></trkpt><trkpt lat="45.970242" lon="12.156381"><ele>245.748</ele><time>2022-01-12T15:20:04Z</time></trkpt><trkpt lat="45.970213" lon="12.156327"><ele>246.353</ele><time>2022-01-12T15:20:06Z</time></trkpt><trkpt lat="45.970188" lon="12.156256"><ele>246.766</ele><time>2022-01-12T15:20:08Z</time></trkpt><trkpt lat="45.970162" lon="12.156185"><ele>247.175</ele><time>2022-01-12T15:20:10Z</time></trkpt><trkpt lat="45.970158" lon="12.156112"><ele>247.123</ele><time>2022-01-12T15:20:13Z</time></trkpt><trkpt lat="45.970137" lon="12.156025"><ele>246.358</ele><time>2022-01-12T15:20:16Z</time></trkpt><trkpt lat="45.970112" lon="12.155927"><ele>244.752</ele><time>2022-01-12T15:20:19Z</time></trkpt><trkpt lat="45.970094" lon="12.155845"><ele>244.417</ele><time>2022-01-12T15:20:21Z</time></trkpt><trkpt lat="45.970082" lon="12.155769"><ele>243.908</ele><time>2022-01-12T15:20:23Z</time></trkpt><trkpt lat="45.970070" lon="12.155677"><ele>243.964</ele><time>2022-01-12T15:20:26Z</time></trkpt><trkpt lat="45.970054" lon="12.155567"><ele>244.377</ele><time>2022-01-12T15:20:29Z</time></trkpt><trkpt lat="45.970042" lon="12.155486"><ele>244.711</ele><time>2022-01-12T15:20:31Z</time></trkpt><trkpt lat="45.970027" lon="12.155409"><ele>245.247</ele><time>2022-01-12T15:20:33Z</time></trkpt><trkpt lat="45.970014" lon="12.155340"><ele>247.572</ele><time>2022-01-12T15:20:35Z</time></trkpt><trkpt lat="45.969999" lon="12.155256"><ele>249.855</ele><time>2022-01-12T15:20:38Z</time></trkpt><trkpt lat="45.969987" lon="12.155189"><ele>249.994</ele><time>2022-01-12T15:20:40Z</time></trkpt><trkpt lat="45.969977" lon="12.155119"><ele>250.372</ele><time>2022-01-12T15:20:42Z</time></trkpt><trkpt lat="45.969964" lon="12.155051"><ele>250.645</ele><time>2022-01-12T15:20:44Z</time></trkpt><trkpt lat="45.969951" lon="12.154983"><ele>251.347</ele><time>2022-01-12T15:20:46Z</time></trkpt><trkpt lat="45.969932" lon="12.154904"><ele>252.011</ele><time>2022-01-12T15:20:48Z</time></trkpt><trkpt lat="45.969911" lon="12.154828"><ele>252.608</ele><time>2022-01-12T15:20:50Z</time></trkpt><trkpt lat="45.969890" lon="12.154756"><ele>252.953</ele><time>2022-01-12T15:20:52Z</time></trkpt><trkpt lat="45.969873" lon="12.154675"><ele>253.546</ele><time>2022-01-12T15:20:54Z</time></trkpt><trkpt lat="45.969853" lon="12.154595"><ele>254.480</ele><time>2022-01-12T15:20:57Z</time></trkpt><trkpt lat="45.969823" lon="12.154534"><ele>255.836</ele><time>2022-01-12T15:20:59Z</time></trkpt><trkpt lat="45.969796" lon="12.154459"><ele>255.941</ele><time>2022-01-12T15:21:01Z</time></trkpt><trkpt lat="45.969758" lon="12.154398"><ele>256.384</ele><time>2022-01-12T15:21:03Z</time></trkpt><trkpt lat="45.969717" lon="12.154341"><ele>256.613</ele><time>2022-01-12T15:21:05Z</time></trkpt><trkpt lat="45.969679" lon="12.154288"><ele>256.791</ele><time>2022-01-12T15:21:07Z</time></trkpt><trkpt lat="45.969638" lon="12.154240"><ele>257.111</ele><time>2022-01-12T15:21:09Z</time></trkpt><trkpt lat="45.969602" lon="12.154188"><ele>258.021</ele><time>2022-01-12T15:21:11Z</time></trkpt><trkpt lat="45.969569" lon="12.154133"><ele>258.103</ele><time>2022-01-12T15:21:13Z</time></trkpt><trkpt lat="45.969542" lon="12.154070"><ele>258.408</ele><time>2022-01-12T15:21:15Z</time></trkpt><trkpt lat="45.969522" lon="12.154011"><ele>258.630</ele><time>2022-01-12T15:21:17Z</time></trkpt><trkpt lat="45.969499" lon="12.153953"><ele>259.063</ele><time>2022-01-12T15:21:19Z</time></trkpt><trkpt lat="45.969474" lon="12.153889"><ele>259.627</ele><time>2022-01-12T15:21:21Z</time></trkpt><trkpt lat="45.969452" lon="12.153828"><ele>259.713</ele><time>2022-01-12T15:21:23Z</time></trkpt><trkpt lat="45.969429" lon="12.153766"><ele>259.948</ele><time>2022-01-12T15:21:25Z</time></trkpt><trkpt lat="45.969406" lon="12.153702"><ele>260.181</ele><time>2022-01-12T15:21:27Z</time></trkpt><trkpt lat="45.969383" lon="12.153622"><ele>260.760</ele><time>2022-01-12T15:21:30Z</time></trkpt><trkpt lat="45.969371" lon="12.153558"><ele>260.988</ele><time>2022-01-12T15:21:33Z</time></trkpt><trkpt lat="45.969347" lon="12.153469"><ele>261.054</ele><time>2022-01-12T15:21:36Z</time></trkpt><trkpt lat="45.969319" lon="12.153403"><ele>261.156</ele><time>2022-01-12T15:21:38Z</time></trkpt><trkpt lat="45.969290" lon="12.153341"><ele>261.211</ele><time>2022-01-12T15:21:40Z</time></trkpt><trkpt lat="45.969266" lon="12.153276"><ele>261.308</ele><time>2022-01-12T15:21:42Z</time></trkpt><trkpt lat="45.969249" lon="12.153197"><ele>263.434</ele><time>2022-01-12T15:21:45Z</time></trkpt><trkpt lat="45.969237" lon="12.153111"><ele>265.377</ele><time>2022-01-12T15:21:48Z</time></trkpt><trkpt lat="45.969237" lon="12.153019"><ele>265.271</ele><time>2022-01-12T15:21:51Z</time></trkpt><trkpt lat="45.969212" lon="12.152885"><ele>265.337</ele><time>2022-01-12T15:21:53Z</time></trkpt><trkpt lat="45.969172" lon="12.152770"><ele>262.692</ele><time>2022-01-12T15:21:55Z</time></trkpt><trkpt lat="45.969147" lon="12.152713"><ele>261.825</ele><time>2022-01-12T15:21:56Z</time></trkpt><trkpt lat="45.969122" lon="12.152655"><ele>261.714</ele><time>2022-01-12T15:21:57Z</time></trkpt><trkpt lat="45.969063" lon="12.152527"><ele>261.562</ele><time>2022-01-12T15:21:59Z</time></trkpt><trkpt lat="45.969032" lon="12.152459"><ele>261.337</ele><time>2022-01-12T15:22:00Z</time></trkpt><trkpt lat="45.968980" lon="12.152315"><ele>260.449</ele><time>2022-01-12T15:22:02Z</time></trkpt><trkpt lat="45.968931" lon="12.152164"><ele>259.613</ele><time>2022-01-12T15:22:04Z</time></trkpt><trkpt lat="45.968908" lon="12.152081"><ele>259.608</ele><time>2022-01-12T15:22:05Z</time></trkpt><trkpt lat="45.968897" lon="12.152002"><ele>259.642</ele><time>2022-01-12T15:22:06Z</time></trkpt><trkpt lat="45.968876" lon="12.151828"><ele>259.875</ele><time>2022-01-12T15:22:08Z</time></trkpt><trkpt lat="45.968848" lon="12.151644"><ele>260.199</ele><time>2022-01-12T15:22:10Z</time></trkpt><trkpt lat="45.968836" lon="12.151558"><ele>260.175</ele><time>2022-01-12T15:22:11Z</time></trkpt><trkpt lat="45.968812" lon="12.151381"><ele>260.190</ele><time>2022-01-12T15:22:13Z</time></trkpt><trkpt lat="45.968783" lon="12.151200"><ele>260.063</ele><time>2022-01-12T15:22:15Z</time></trkpt><trkpt lat="45.968759" lon="12.151114"><ele>260.282</ele><time>2022-01-12T15:22:16Z</time></trkpt><trkpt lat="45.968714" lon="12.150945"><ele>260.280</ele><time>2022-01-12T15:22:18Z</time></trkpt><trkpt lat="45.968692" lon="12.150867"><ele>260.275</ele><time>2022-01-12T15:22:19Z</time></trkpt><trkpt lat="45.968657" lon="12.150715"><ele>259.828</ele><time>2022-01-12T15:22:21Z</time></trkpt><trkpt lat="45.968640" lon="12.150639"><ele>259.820</ele><time>2022-01-12T15:22:22Z</time></trkpt><trkpt lat="45.968624" lon="12.150568"><ele>259.808</ele><time>2022-01-12T15:22:23Z</time></trkpt><trkpt lat="45.968596" lon="12.150442"><ele>259.716</ele><time>2022-01-12T15:22:25Z</time></trkpt><trkpt lat="45.968575" lon="12.150369"><ele>259.699</ele><time>2022-01-12T15:22:27Z</time></trkpt><trkpt lat="45.968555" lon="12.150298"><ele>259.673</ele><time>2022-01-12T15:22:29Z</time></trkpt><trkpt lat="45.968550" lon="12.150204"><ele>261.649</ele><time>2022-01-12T15:23:30Z</time></trkpt><trkpt lat="45.968571" lon="12.150132"><ele>261.634</ele><time>2022-01-12T15:23:32Z</time></trkpt><trkpt lat="45.968598" lon="12.150042"><ele>261.657</ele><time>2022-01-12T15:23:34Z</time></trkpt><trkpt lat="45.968615" lon="12.149940"><ele>261.686</ele><time>2022-01-12T15:23:36Z</time></trkpt><trkpt lat="45.968633" lon="12.149844"><ele>261.564</ele><time>2022-01-12T15:23:38Z</time></trkpt><trkpt lat="45.968658" lon="12.149752"><ele>261.738</ele><time>2022-01-12T15:23:40Z</time></trkpt><trkpt lat="45.968685" lon="12.149656"><ele>261.870</ele><time>2022-01-12T15:23:42Z</time></trkpt><trkpt lat="45.968702" lon="12.149562"><ele>261.817</ele><time>2022-01-12T15:23:44Z</time></trkpt><trkpt lat="45.968711" lon="12.149467"><ele>261.508</ele><time>2022-01-12T15:23:46Z</time></trkpt><trkpt lat="45.968722" lon="12.149370"><ele>261.262</ele><time>2022-01-12T15:23:48Z</time></trkpt><trkpt lat="45.968736" lon="12.149275"><ele>261.225</ele><time>2022-01-12T15:23:50Z</time></trkpt><trkpt lat="45.968751" lon="12.149179"><ele>261.289</ele><time>2022-01-12T15:23:52Z</time></trkpt><trkpt lat="45.968767" lon="12.149085"><ele>261.495</ele><time>2022-01-12T15:23:54Z</time></trkpt><trkpt lat="45.968772" lon="12.148983"><ele>261.850</ele><time>2022-01-12T15:23:56Z</time></trkpt><trkpt lat="45.968765" lon="12.148883"><ele>262.123</ele><time>2022-01-12T15:23:58Z</time></trkpt><trkpt lat="45.968754" lon="12.148786"><ele>262.492</ele><time>2022-01-12T15:24:00Z</time></trkpt><trkpt lat="45.968741" lon="12.148691"><ele>262.840</ele><time>2022-01-12T15:24:02Z</time></trkpt><trkpt lat="45.968725" lon="12.148596"><ele>263.047</ele><time>2022-01-12T15:24:04Z</time></trkpt><trkpt lat="45.968715" lon="12.148497"><ele>263.329</ele><time>2022-01-12T15:24:06Z</time></trkpt><trkpt lat="45.968714" lon="12.148403"><ele>263.421</ele><time>2022-01-12T15:24:08Z</time></trkpt><trkpt lat="45.968716" lon="12.148313"><ele>263.508</ele><time>2022-01-12T15:24:10Z</time></trkpt><trkpt lat="45.968719" lon="12.148230"><ele>264.443</ele><time>2022-01-12T15:24:12Z</time></trkpt><trkpt lat="45.968726" lon="12.148143"><ele>264.756</ele><time>2022-01-12T15:24:14Z</time></trkpt><trkpt lat="45.968738" lon="12.148058"><ele>264.960</ele><time>2022-01-12T15:24:16Z</time></trkpt><trkpt lat="45.968757" lon="12.147976"><ele>264.926</ele><time>2022-01-12T15:24:18Z</time></trkpt><trkpt lat="45.968780" lon="12.147903"><ele>265.021</ele><time>2022-01-12T15:24:20Z</time></trkpt><trkpt lat="45.968801" lon="12.147829"><ele>264.914</ele><time>2022-01-12T15:24:22Z</time></trkpt><trkpt lat="45.968810" lon="12.147744"><ele>264.933</ele><time>2022-01-12T15:24:24Z</time></trkpt><trkpt lat="45.968817" lon="12.147655"><ele>264.661</ele><time>2022-01-12T15:24:26Z</time></trkpt><trkpt lat="45.968822" lon="12.147574"><ele>263.884</ele><time>2022-01-12T15:24:28Z</time></trkpt><trkpt lat="45.968828" lon="12.147495"><ele>263.507</ele><time>2022-01-12T15:24:30Z</time></trkpt><trkpt lat="45.968834" lon="12.147409"><ele>263.217</ele><time>2022-01-12T15:24:32Z</time></trkpt><trkpt lat="45.968843" lon="12.147321"><ele>263.008</ele><time>2022-01-12T15:24:34Z</time></trkpt><trkpt lat="45.968851" lon="12.147226"><ele>263.027</ele><time>2022-01-12T15:24:36Z</time></trkpt><trkpt lat="45.968861" lon="12.147132"><ele>263.310</ele><time>2022-01-12T15:24:38Z</time></trkpt><trkpt lat="45.968872" lon="12.147043"><ele>264.254</ele><time>2022-01-12T15:24:40Z</time></trkpt><trkpt lat="45.968897" lon="12.146946"><ele>264.540</ele><time>2022-01-12T15:24:42Z</time></trkpt><trkpt lat="45.968920" lon="12.146843"><ele>264.745</ele><time>2022-01-12T15:24:44Z</time></trkpt><trkpt lat="45.968946" lon="12.146739"><ele>264.818</ele><time>2022-01-12T15:24:46Z</time></trkpt><trkpt lat="45.968974" lon="12.146634"><ele>265.047</ele><time>2022-01-12T15:24:48Z</time></trkpt><trkpt lat="45.968999" lon="12.146529"><ele>265.575</ele><time>2022-01-12T15:24:50Z</time></trkpt><trkpt lat="45.969019" lon="12.146423"><ele>266.345</ele><time>2022-01-12T15:24:52Z</time></trkpt><trkpt lat="45.969040" lon="12.146340"><ele>267.047</ele><time>2022-01-12T15:24:54Z</time></trkpt><trkpt lat="45.969077" lon="12.146259"><ele>267.311</ele><time>2022-01-12T15:24:56Z</time></trkpt><trkpt lat="45.969114" lon="12.146206"><ele>268.208</ele><time>2022-01-12T15:24:58Z</time></trkpt><trkpt lat="45.969149" lon="12.146154"><ele>269.223</ele><time>2022-01-12T15:25:00Z</time></trkpt><trkpt lat="45.969191" lon="12.146103"><ele>269.466</ele><time>2022-01-12T15:25:02Z</time></trkpt><trkpt lat="45.969235" lon="12.146023"><ele>269.550</ele><time>2022-01-12T15:25:04Z</time></trkpt><trkpt lat="45.969281" lon="12.145951"><ele>269.666</ele><time>2022-01-12T15:25:06Z</time></trkpt><trkpt lat="45.969324" lon="12.145885"><ele>269.961</ele><time>2022-01-12T15:25:08Z</time></trkpt><trkpt lat="45.969378" lon="12.145843"><ele>270.114</ele><time>2022-01-12T15:25:10Z</time></trkpt><trkpt lat="45.969436" lon="12.145814"><ele>270.153</ele><time>2022-01-12T15:25:12Z</time></trkpt><trkpt lat="45.969493" lon="12.145779"><ele>270.791</ele><time>2022-01-12T15:25:14Z</time></trkpt><trkpt lat="45.969553" lon="12.145768"><ele>271.057</ele><time>2022-01-12T15:25:16Z</time></trkpt><trkpt lat="45.969614" lon="12.145767"><ele>271.100</ele><time>2022-01-12T15:25:18Z</time></trkpt><trkpt lat="45.969675" lon="12.145752"><ele>271.120</ele><time>2022-01-12T15:25:20Z</time></trkpt><trkpt lat="45.969739" lon="12.145725"><ele>271.008</ele><time>2022-01-12T15:25:22Z</time></trkpt><trkpt lat="45.969803" lon="12.145701"><ele>271.084</ele><time>2022-01-12T15:25:24Z</time></trkpt><trkpt lat="45.969864" lon="12.145667"><ele>271.137</ele><time>2022-01-12T15:25:26Z</time></trkpt><trkpt lat="45.969924" lon="12.145630"><ele>271.171</ele><time>2022-01-12T15:25:28Z</time></trkpt><trkpt lat="45.969983" lon="12.145596"><ele>271.277</ele><time>2022-01-12T15:25:30Z</time></trkpt><trkpt lat="45.970046" lon="12.145561"><ele>271.122</ele><time>2022-01-12T15:25:32Z</time></trkpt><trkpt lat="45.970110" lon="12.145521"><ele>271.195</ele><time>2022-01-12T15:25:34Z</time></trkpt><trkpt lat="45.970169" lon="12.145485"><ele>271.244</ele><time>2022-01-12T15:25:36Z</time></trkpt><trkpt lat="45.970229" lon="12.145460"><ele>271.932</ele><time>2022-01-12T15:25:38Z</time></trkpt><trkpt lat="45.970291" lon="12.145442"><ele>272.057</ele><time>2022-01-12T15:25:40Z</time></trkpt><trkpt lat="45.970350" lon="12.145413"><ele>272.400</ele><time>2022-01-12T15:25:42Z</time></trkpt><trkpt lat="45.970405" lon="12.145403"><ele>272.820</ele><time>2022-01-12T15:25:44Z</time></trkpt><trkpt lat="45.970455" lon="12.145398"><ele>272.808</ele><time>2022-01-12T15:25:46Z</time></trkpt><trkpt lat="45.970500" lon="12.145382"><ele>272.764</ele><time>2022-01-12T15:25:48Z</time></trkpt><trkpt lat="45.970562" lon="12.145368"><ele>272.457</ele><time>2022-01-12T15:25:50Z</time></trkpt><trkpt lat="45.970627" lon="12.145347"><ele>272.051</ele><time>2022-01-12T15:25:52Z</time></trkpt><trkpt lat="45.970694" lon="12.145334"><ele>272.097</ele><time>2022-01-12T15:25:54Z</time></trkpt><trkpt lat="45.970757" lon="12.145316"><ele>272.422</ele><time>2022-01-12T15:25:56Z</time></trkpt><trkpt lat="45.970816" lon="12.145294"><ele>273.655</ele><time>2022-01-12T15:25:58Z</time></trkpt><trkpt lat="45.970869" lon="12.145269"><ele>273.854</ele><time>2022-01-12T15:26:00Z</time></trkpt><trkpt lat="45.970917" lon="12.145239"><ele>274.012</ele><time>2022-01-12T15:26:02Z</time></trkpt><trkpt lat="45.970962" lon="12.145200"><ele>274.368</ele><time>2022-01-12T15:26:04Z</time></trkpt><trkpt lat="45.971011" lon="12.145199"><ele>279.042</ele><time>2022-01-12T15:27:17Z</time></trkpt><trkpt lat="45.971071" lon="12.145175"><ele>279.026</ele><time>2022-01-12T15:27:20Z</time></trkpt><trkpt lat="45.971129" lon="12.145136"><ele>279.008</ele><time>2022-01-12T15:27:22Z</time></trkpt><trkpt lat="45.971174" lon="12.145113"><ele>279.035</ele><time>2022-01-12T15:27:24Z</time></trkpt><trkpt lat="45.971221" lon="12.145102"><ele>279.098</ele><time>2022-01-12T15:27:26Z</time></trkpt><trkpt lat="45.971263" lon="12.145073"><ele>283.232</ele><time>2022-01-12T15:27:28Z</time></trkpt><trkpt lat="45.971320" lon="12.145037"><ele>283.388</ele><time>2022-01-12T15:27:31Z</time></trkpt><trkpt lat="45.971385" lon="12.145027"><ele>283.193</ele><time>2022-01-12T15:27:34Z</time></trkpt><trkpt lat="45.971432" lon="12.145015"><ele>283.186</ele><time>2022-01-12T15:27:36Z</time></trkpt><trkpt lat="45.971478" lon="12.144988"><ele>282.935</ele><time>2022-01-12T15:27:38Z</time></trkpt><trkpt lat="45.971525" lon="12.144975"><ele>282.993</ele><time>2022-01-12T15:27:40Z</time></trkpt><trkpt lat="45.971584" lon="12.145011"><ele>282.929</ele><time>2022-01-12T15:27:43Z</time></trkpt><trkpt lat="45.971632" lon="12.145003"><ele>282.700</ele><time>2022-01-12T15:27:45Z</time></trkpt><trkpt lat="45.971682" lon="12.144981"><ele>282.320</ele><time>2022-01-12T15:27:49Z</time></trkpt><trkpt lat="45.971728" lon="12.144937"><ele>282.308</ele><time>2022-01-12T15:27:52Z</time></trkpt><trkpt lat="45.971783" lon="12.144909"><ele>282.391</ele><time>2022-01-12T15:27:54Z</time></trkpt><trkpt lat="45.971830" lon="12.144881"><ele>282.544</ele><time>2022-01-12T15:27:56Z</time></trkpt><trkpt lat="45.971878" lon="12.144882"><ele>284.318</ele><time>2022-01-12T15:27:58Z</time></trkpt><trkpt lat="45.971923" lon="12.144876"><ele>287.334</ele><time>2022-01-12T15:28:00Z</time></trkpt><trkpt lat="45.971966" lon="12.144850"><ele>292.149</ele><time>2022-01-12T15:28:04Z</time></trkpt><trkpt lat="45.972018" lon="12.144845"><ele>295.342</ele><time>2022-01-12T15:28:08Z</time></trkpt><trkpt lat="45.972064" lon="12.144839"><ele>296.741</ele><time>2022-01-12T15:28:11Z</time></trkpt><trkpt lat="45.972107" lon="12.144804"><ele>298.199</ele><time>2022-01-12T15:28:50Z</time></trkpt><trkpt lat="45.972139" lon="12.144854"><ele>298.133</ele><time>2022-01-12T15:28:54Z</time></trkpt><trkpt lat="45.972192" lon="12.144867"><ele>298.123</ele><time>2022-01-12T15:29:05Z</time></trkpt><trkpt lat="45.972241" lon="12.144885"><ele>298.115</ele><time>2022-01-12T15:29:07Z</time></trkpt><trkpt lat="45.972296" lon="12.144928"><ele>298.108</ele><time>2022-01-12T15:29:08Z</time></trkpt><trkpt lat="45.972361" lon="12.144980"><ele>298.192</ele><time>2022-01-12T15:29:09Z</time></trkpt><trkpt lat="45.972500" lon="12.145091"><ele>294.015</ele><time>2022-01-12T15:29:11Z</time></trkpt><trkpt lat="45.972654" lon="12.145153"><ele>289.969</ele><time>2022-01-12T15:29:13Z</time></trkpt><trkpt lat="45.972734" lon="12.145171"><ele>288.925</ele><time>2022-01-12T15:29:14Z</time></trkpt><trkpt lat="45.972875" lon="12.145228"><ele>288.470</ele><time>2022-01-12T15:29:16Z</time></trkpt><trkpt lat="45.973012" lon="12.145188"><ele>287.113</ele><time>2022-01-12T15:29:18Z</time></trkpt><trkpt lat="45.973087" lon="12.145162"><ele>286.382</ele><time>2022-01-12T15:29:19Z</time></trkpt><trkpt lat="45.973161" lon="12.145131"><ele>285.690</ele><time>2022-01-12T15:29:20Z</time></trkpt><trkpt lat="45.973299" lon="12.145055"><ele>284.275</ele><time>2022-01-12T15:29:22Z</time></trkpt><trkpt lat="45.973357" lon="12.145028"><ele>283.628</ele><time>2022-01-12T15:29:23Z</time></trkpt><trkpt lat="45.973440" lon="12.144973"><ele>283.320</ele><time>2022-01-12T15:29:25Z</time></trkpt><trkpt lat="45.973461" lon="12.144914"><ele>283.308</ele><time>2022-01-12T15:29:27Z</time></trkpt><trkpt lat="45.973416" lon="12.144834"><ele>282.786</ele><time>2022-01-12T15:29:29Z</time></trkpt><trkpt lat="45.973325" lon="12.144789"><ele>281.549</ele><time>2022-01-12T15:29:31Z</time></trkpt><trkpt lat="45.973267" lon="12.144777"><ele>281.023</ele><time>2022-01-12T15:29:32Z</time></trkpt><trkpt lat="45.973145" lon="12.144755"><ele>279.919</ele><time>2022-01-12T15:29:34Z</time></trkpt><trkpt lat="45.973094" lon="12.144765"><ele>279.314</ele><time>2022-01-12T15:29:35Z</time></trkpt><trkpt lat="45.973036" lon="12.144793"><ele>278.767</ele><time>2022-01-12T15:29:36Z</time></trkpt><trkpt lat="45.972905" lon="12.144737"><ele>276.436</ele><time>2022-01-12T15:29:38Z</time></trkpt><trkpt lat="45.972765" lon="12.144664"><ele>275.074</ele><time>2022-01-12T15:29:40Z</time></trkpt><trkpt lat="45.972624" lon="12.144582"><ele>275.058</ele><time>2022-01-12T15:29:42Z</time></trkpt><trkpt lat="45.972505" lon="12.144457"><ele>274.752</ele><time>2022-01-12T15:29:44Z</time></trkpt><trkpt lat="45.972446" lon="12.144398"><ele>274.717</ele><time>2022-01-12T15:29:45Z</time></trkpt><trkpt lat="45.972394" lon="12.144354"><ele>274.708</ele><time>2022-01-12T15:29:46Z</time></trkpt><trkpt lat="45.972296" lon="12.144266"><ele>274.384</ele><time>2022-01-12T15:29:48Z</time></trkpt><trkpt lat="45.972273" lon="12.144150"><ele>274.397</ele><time>2022-01-12T15:29:49Z</time></trkpt><trkpt lat="45.972213" lon="12.143995"><ele>274.391</ele><time>2022-01-12T15:29:51Z</time></trkpt><trkpt lat="45.972150" lon="12.143884"><ele>274.167</ele><time>2022-01-12T15:29:53Z</time></trkpt><trkpt lat="45.972093" lon="12.143801"><ele>273.622</ele><time>2022-01-12T15:29:55Z</time></trkpt><trkpt lat="45.971976" lon="12.143763"><ele>273.025</ele><time>2022-01-12T15:29:57Z</time></trkpt><trkpt lat="45.971884" lon="12.143694"><ele>272.474</ele><time>2022-01-12T15:29:59Z</time></trkpt><trkpt lat="45.971837" lon="12.143653"><ele>271.742</ele><time>2022-01-12T15:30:00Z</time></trkpt><trkpt lat="45.971736" lon="12.143570"><ele>270.585</ele><time>2022-01-12T15:30:02Z</time></trkpt><trkpt lat="45.971697" lon="12.143439"><ele>269.289</ele><time>2022-01-12T15:30:04Z</time></trkpt><trkpt lat="45.971687" lon="12.143368"><ele>269.217</ele><time>2022-01-12T15:30:05Z</time></trkpt><trkpt lat="45.971617" lon="12.143316"><ele>267.408</ele><time>2022-01-12T15:30:07Z</time></trkpt><trkpt lat="45.971505" lon="12.143310"><ele>267.047</ele><time>2022-01-12T15:30:09Z</time></trkpt><trkpt lat="45.971452" lon="12.143305"><ele>267.050</ele><time>2022-01-12T15:30:10Z</time></trkpt><trkpt lat="45.971339" lon="12.143308"><ele>267.094</ele><time>2022-01-12T15:30:12Z</time></trkpt><trkpt lat="45.971283" lon="12.143308"><ele>267.150</ele><time>2022-01-12T15:30:13Z</time></trkpt><trkpt lat="45.971156" lon="12.143343"><ele>266.995</ele><time>2022-01-12T15:30:15Z</time></trkpt><trkpt lat="45.971099" lon="12.143349"><ele>266.958</ele><time>2022-01-12T15:30:16Z</time></trkpt><trkpt lat="45.970991" lon="12.143333"><ele>266.187</ele><time>2022-01-12T15:30:18Z</time></trkpt><trkpt lat="45.970870" lon="12.143337"><ele>264.715</ele><time>2022-01-12T15:30:20Z</time></trkpt><trkpt lat="45.970813" lon="12.143336"><ele>264.343</ele><time>2022-01-12T15:30:21Z</time></trkpt><trkpt lat="45.970753" lon="12.143332"><ele>264.164</ele><time>2022-01-12T15:30:22Z</time></trkpt><trkpt lat="45.970696" lon="12.143334"><ele>263.410</ele><time>2022-01-12T15:30:23Z</time></trkpt><trkpt lat="45.970585" lon="12.143310"><ele>261.608</ele><time>2022-01-12T15:30:25Z</time></trkpt><trkpt lat="45.970484" lon="12.143248"><ele>260.583</ele><time>2022-01-12T15:30:27Z</time></trkpt><trkpt lat="45.970433" lon="12.143220"><ele>260.546</ele><time>2022-01-12T15:30:28Z</time></trkpt><trkpt lat="45.970326" lon="12.143190"><ele>260.560</ele><time>2022-01-12T15:30:30Z</time></trkpt><trkpt lat="45.970223" lon="12.143185"><ele>261.776</ele><time>2022-01-12T15:30:32Z</time></trkpt><trkpt lat="45.970171" lon="12.143182"><ele>262.191</ele><time>2022-01-12T15:30:33Z</time></trkpt><trkpt lat="45.970068" lon="12.143160"><ele>262.344</ele><time>2022-01-12T15:30:35Z</time></trkpt><trkpt lat="45.970024" lon="12.143129"><ele>262.373</ele><time>2022-01-12T15:30:36Z</time></trkpt><trkpt lat="45.969995" lon="12.143034"><ele>262.241</ele><time>2022-01-12T15:30:38Z</time></trkpt><trkpt lat="45.969981" lon="12.142929"><ele>261.911</ele><time>2022-01-12T15:30:40Z</time></trkpt><trkpt lat="45.969975" lon="12.142805"><ele>261.921</ele><time>2022-01-12T15:30:42Z</time></trkpt><trkpt lat="45.969978" lon="12.142681"><ele>261.903</ele><time>2022-01-12T15:30:44Z</time></trkpt><trkpt lat="45.969987" lon="12.142564"><ele>261.908</ele><time>2022-01-12T15:30:46Z</time></trkpt><trkpt lat="45.969997" lon="12.142444"><ele>261.640</ele><time>2022-01-12T15:30:48Z</time></trkpt><trkpt lat="45.970008" lon="12.142325"><ele>260.963</ele><time>2022-01-12T15:30:50Z</time></trkpt><trkpt lat="45.970013" lon="12.142208"><ele>260.627</ele><time>2022-01-12T15:30:52Z</time></trkpt><trkpt lat="45.970004" lon="12.142084"><ele>260.663</ele><time>2022-01-12T15:30:54Z</time></trkpt><trkpt lat="45.970000" lon="12.141942"><ele>260.438</ele><time>2022-01-12T15:30:56Z</time></trkpt><trkpt lat="45.970008" lon="12.141799"><ele>259.641</ele><time>2022-01-12T15:30:58Z</time></trkpt><trkpt lat="45.970018" lon="12.141669"><ele>259.630</ele><time>2022-01-12T15:31:00Z</time></trkpt><trkpt lat="45.970029" lon="12.141544"><ele>259.838</ele><time>2022-01-12T15:31:02Z</time></trkpt><trkpt lat="45.970024" lon="12.141379"><ele>260.174</ele><time>2022-01-12T15:31:04Z</time></trkpt><trkpt lat="45.970025" lon="12.141303"><ele>260.756</ele><time>2022-01-12T15:31:05Z</time></trkpt><trkpt lat="45.970026" lon="12.141167"><ele>261.121</ele><time>2022-01-12T15:31:07Z</time></trkpt><trkpt lat="45.970022" lon="12.141032"><ele>261.208</ele><time>2022-01-12T15:31:09Z</time></trkpt><trkpt lat="45.970023" lon="12.140909"><ele>261.516</ele><time>2022-01-12T15:31:11Z</time></trkpt><trkpt lat="45.970026" lon="12.140843"><ele>262.029</ele><time>2022-01-12T15:31:12Z</time></trkpt><trkpt lat="45.970028" lon="12.140736"><ele>262.223</ele><time>2022-01-12T15:31:14Z</time></trkpt><trkpt lat="45.970009" lon="12.140644"><ele>262.389</ele><time>2022-01-12T15:31:16Z</time></trkpt><trkpt lat="45.969960" lon="12.140607"><ele>262.854</ele><time>2022-01-12T15:31:18Z</time></trkpt><trkpt lat="45.969882" lon="12.140594"><ele>262.827</ele><time>2022-01-12T15:31:20Z</time></trkpt><trkpt lat="45.969792" lon="12.140552"><ele>262.826</ele><time>2022-01-12T15:31:22Z</time></trkpt><trkpt lat="45.969736" lon="12.140432"><ele>262.324</ele><time>2022-01-12T15:31:24Z</time></trkpt><trkpt lat="45.969695" lon="12.140381"><ele>261.838</ele><time>2022-01-12T15:31:25Z</time></trkpt><trkpt lat="45.969647" lon="12.140339"><ele>261.670</ele><time>2022-01-12T15:31:26Z</time></trkpt><trkpt lat="45.969542" lon="12.140274"><ele>261.117</ele><time>2022-01-12T15:31:28Z</time></trkpt><trkpt lat="45.969418" lon="12.140221"><ele>259.508</ele><time>2022-01-12T15:31:30Z</time></trkpt><trkpt lat="45.969302" lon="12.140156"><ele>258.952</ele><time>2022-01-12T15:31:32Z</time></trkpt><trkpt lat="45.969243" lon="12.140043"><ele>258.215</ele><time>2022-01-12T15:31:34Z</time></trkpt><trkpt lat="45.969225" lon="12.139954"><ele>257.649</ele><time>2022-01-12T15:31:36Z</time></trkpt><trkpt lat="45.969218" lon="12.139860"><ele>257.325</ele><time>2022-01-12T15:31:39Z</time></trkpt><trkpt lat="45.969163" lon="12.139812"><ele>257.040</ele><time>2022-01-12T15:31:41Z</time></trkpt><trkpt lat="45.969092" lon="12.139770"><ele>256.843</ele><time>2022-01-12T15:31:43Z</time></trkpt><trkpt lat="45.969048" lon="12.139750"><ele>256.782</ele><time>2022-01-12T15:31:44Z</time></trkpt><trkpt lat="45.969007" lon="12.139715"><ele>256.620</ele><time>2022-01-12T15:31:45Z</time></trkpt><trkpt lat="45.968974" lon="12.139672"><ele>256.194</ele><time>2022-01-12T15:31:46Z</time></trkpt><trkpt lat="45.968897" lon="12.139596"><ele>255.357</ele><time>2022-01-12T15:31:48Z</time></trkpt><trkpt lat="45.968818" lon="12.139509"><ele>255.122</ele><time>2022-01-12T15:31:50Z</time></trkpt><trkpt lat="45.968754" lon="12.139409"><ele>254.708</ele><time>2022-01-12T15:31:52Z</time></trkpt><trkpt lat="45.968699" lon="12.139309"><ele>254.228</ele><time>2022-01-12T15:31:54Z</time></trkpt><trkpt lat="45.968661" lon="12.139217"><ele>254.161</ele><time>2022-01-12T15:31:56Z</time></trkpt><trkpt lat="45.968588" lon="12.139193"><ele>254.095</ele><time>2022-01-12T15:31:58Z</time></trkpt><trkpt lat="45.968542" lon="12.139187"><ele>254.051</ele><time>2022-01-12T15:31:59Z</time></trkpt><trkpt lat="45.968448" lon="12.139169"><ele>253.556</ele><time>2022-01-12T15:32:01Z</time></trkpt><trkpt lat="45.968398" lon="12.139162"><ele>253.479</ele><time>2022-01-12T15:32:02Z</time></trkpt><trkpt lat="45.968346" lon="12.139157"><ele>253.098</ele><time>2022-01-12T15:32:03Z</time></trkpt><trkpt lat="45.968241" lon="12.139162"><ele>252.486</ele><time>2022-01-12T15:32:05Z</time></trkpt><trkpt lat="45.968139" lon="12.139150"><ele>252.227</ele><time>2022-01-12T15:32:07Z</time></trkpt><trkpt lat="45.968039" lon="12.139104"><ele>251.968</ele><time>2022-01-12T15:32:09Z</time></trkpt><trkpt lat="45.967990" lon="12.139081"><ele>251.914</ele><time>2022-01-12T15:32:10Z</time></trkpt><trkpt lat="45.967894" lon="12.139025"><ele>251.508</ele><time>2022-01-12T15:32:12Z</time></trkpt><trkpt lat="45.967802" lon="12.138954"><ele>251.231</ele><time>2022-01-12T15:32:14Z</time></trkpt><trkpt lat="45.967762" lon="12.138904"><ele>251.274</ele><time>2022-01-12T15:32:15Z</time></trkpt><trkpt lat="45.967732" lon="12.138848"><ele>251.218</ele><time>2022-01-12T15:32:16Z</time></trkpt><trkpt lat="45.967687" lon="12.138809"><ele>250.934</ele><time>2022-01-12T15:32:17Z</time></trkpt><trkpt lat="45.967635" lon="12.138771"><ele>250.679</ele><time>2022-01-12T15:32:18Z</time></trkpt><trkpt lat="45.967539" lon="12.138721"><ele>250.532</ele><time>2022-01-12T15:32:20Z</time></trkpt><trkpt lat="45.967489" lon="12.138690"><ele>250.531</ele><time>2022-01-12T15:32:21Z</time></trkpt><trkpt lat="45.967438" lon="12.138654"><ele>250.529</ele><time>2022-01-12T15:32:22Z</time></trkpt><trkpt lat="45.967343" lon="12.138570"><ele>250.545</ele><time>2022-01-12T15:32:24Z</time></trkpt><trkpt lat="45.967294" lon="12.138531"><ele>250.447</ele><time>2022-01-12T15:32:25Z</time></trkpt><trkpt lat="45.967195" lon="12.138451"><ele>249.911</ele><time>2022-01-12T15:32:27Z</time></trkpt><trkpt lat="45.967148" lon="12.138413"><ele>249.508</ele><time>2022-01-12T15:32:28Z</time></trkpt><trkpt lat="45.967048" lon="12.138331"><ele>248.883</ele><time>2022-01-12T15:32:30Z</time></trkpt><trkpt lat="45.966941" lon="12.138260"><ele>248.386</ele><time>2022-01-12T15:32:32Z</time></trkpt><trkpt lat="45.966884" lon="12.138229"><ele>247.890</ele><time>2022-01-12T15:32:33Z</time></trkpt><trkpt lat="45.966771" lon="12.138161"><ele>247.526</ele><time>2022-01-12T15:32:35Z</time></trkpt><trkpt lat="45.966719" lon="12.138115"><ele>247.511</ele><time>2022-01-12T15:32:36Z</time></trkpt><trkpt lat="45.966623" lon="12.138017"><ele>247.034</ele><time>2022-01-12T15:32:38Z</time></trkpt><trkpt lat="45.966577" lon="12.137968"><ele>246.983</ele><time>2022-01-12T15:32:39Z</time></trkpt><trkpt lat="45.966470" lon="12.137885"><ele>246.581</ele><time>2022-01-12T15:32:41Z</time></trkpt><trkpt lat="45.966358" lon="12.137819"><ele>246.176</ele><time>2022-01-12T15:32:43Z</time></trkpt><trkpt lat="45.966302" lon="12.137801"><ele>246.090</ele><time>2022-01-12T15:32:44Z</time></trkpt><trkpt lat="45.966223" lon="12.137707"><ele>245.319</ele><time>2022-01-12T15:32:46Z</time></trkpt><trkpt lat="45.966162" lon="12.137593"><ele>245.208</ele><time>2022-01-12T15:32:48Z</time></trkpt><trkpt lat="45.966134" lon="12.137534"><ele>245.176</ele><time>2022-01-12T15:32:49Z</time></trkpt><trkpt lat="45.966121" lon="12.137395"><ele>244.619</ele><time>2022-01-12T15:32:51Z</time></trkpt><trkpt lat="45.966113" lon="12.137328"><ele>244.553</ele><time>2022-01-12T15:32:52Z</time></trkpt><trkpt lat="45.966104" lon="12.137260"><ele>244.249</ele><time>2022-01-12T15:32:53Z</time></trkpt><trkpt lat="45.966080" lon="12.137134"><ele>243.934</ele><time>2022-01-12T15:32:55Z</time></trkpt><trkpt lat="45.966053" lon="12.137015"><ele>243.777</ele><time>2022-01-12T15:32:57Z</time></trkpt><trkpt lat="45.966028" lon="12.136885"><ele>243.546</ele><time>2022-01-12T15:32:59Z</time></trkpt><trkpt lat="45.965999" lon="12.136759"><ele>243.314</ele><time>2022-01-12T15:33:01Z</time></trkpt><trkpt lat="45.965973" lon="12.136641"><ele>243.019</ele><time>2022-01-12T15:33:03Z</time></trkpt><trkpt lat="45.965945" lon="12.136512"><ele>242.909</ele><time>2022-01-12T15:33:05Z</time></trkpt><trkpt lat="45.965922" lon="12.136366"><ele>243.019</ele><time>2022-01-12T15:33:07Z</time></trkpt><trkpt lat="45.965899" lon="12.136235"><ele>243.108</ele><time>2022-01-12T15:33:09Z</time></trkpt><trkpt lat="45.965876" lon="12.136115"><ele>243.180</ele><time>2022-01-12T15:33:11Z</time></trkpt><trkpt lat="45.965856" lon="12.135984"><ele>243.083</ele><time>2022-01-12T15:33:13Z</time></trkpt><trkpt lat="45.965847" lon="12.135920"><ele>243.077</ele><time>2022-01-12T15:33:14Z</time></trkpt><trkpt lat="45.965815" lon="12.135779"><ele>242.873</ele><time>2022-01-12T15:33:16Z</time></trkpt><trkpt lat="45.965802" lon="12.135714"><ele>242.898</ele><time>2022-01-12T15:33:17Z</time></trkpt><trkpt lat="45.965787" lon="12.135642"><ele>242.861</ele><time>2022-01-12T15:33:18Z</time></trkpt><trkpt lat="45.965759" lon="12.135504"><ele>242.790</ele><time>2022-01-12T15:33:20Z</time></trkpt><trkpt lat="45.965726" lon="12.135372"><ele>242.778</ele><time>2022-01-12T15:33:22Z</time></trkpt><trkpt lat="45.965702" lon="12.135269"><ele>242.755</ele><time>2022-01-12T15:33:24Z</time></trkpt><trkpt lat="45.965701" lon="12.135160"><ele>242.607</ele><time>2022-01-12T15:33:26Z</time></trkpt><trkpt lat="45.965707" lon="12.135094"><ele>242.617</ele><time>2022-01-12T15:33:27Z</time></trkpt><trkpt lat="45.965717" lon="12.135024"><ele>242.308</ele><time>2022-01-12T15:33:28Z</time></trkpt><trkpt lat="45.965739" lon="12.134956"><ele>242.314</ele><time>2022-01-12T15:33:29Z</time></trkpt><trkpt lat="45.965783" lon="12.134814"><ele>241.517</ele><time>2022-01-12T15:33:31Z</time></trkpt><trkpt lat="45.965809" lon="12.134738"><ele>241.321</ele><time>2022-01-12T15:33:32Z</time></trkpt><trkpt lat="45.965863" lon="12.134596"><ele>240.857</ele><time>2022-01-12T15:33:34Z</time></trkpt><trkpt lat="45.965913" lon="12.134455"><ele>240.232</ele><time>2022-01-12T15:33:36Z</time></trkpt><trkpt lat="45.965959" lon="12.134328"><ele>240.045</ele><time>2022-01-12T15:33:38Z</time></trkpt><trkpt lat="45.965985" lon="12.134261"><ele>240.014</ele><time>2022-01-12T15:33:39Z</time></trkpt><trkpt lat="45.966045" lon="12.134125"><ele>239.972</ele><time>2022-01-12T15:33:41Z</time></trkpt><trkpt lat="45.966074" lon="12.134051"><ele>239.838</ele><time>2022-01-12T15:33:42Z</time></trkpt><trkpt lat="45.966130" lon="12.133906"><ele>239.470</ele><time>2022-01-12T15:33:44Z</time></trkpt><trkpt lat="45.966184" lon="12.133763"><ele>239.517</ele><time>2022-01-12T15:33:46Z</time></trkpt><trkpt lat="45.966212" lon="12.133698"><ele>239.508</ele><time>2022-01-12T15:33:47Z</time></trkpt><trkpt lat="45.966260" lon="12.133566"><ele>239.912</ele><time>2022-01-12T15:33:49Z</time></trkpt><trkpt lat="45.966304" lon="12.133443"><ele>239.945</ele><time>2022-01-12T15:33:51Z</time></trkpt><trkpt lat="45.966352" lon="12.133334"><ele>240.099</ele><time>2022-01-12T15:33:53Z</time></trkpt><trkpt lat="45.966396" lon="12.133239"><ele>239.995</ele><time>2022-01-12T15:33:55Z</time></trkpt><trkpt lat="45.966435" lon="12.133147"><ele>239.910</ele><time>2022-01-12T15:33:57Z</time></trkpt><trkpt lat="45.966451" lon="12.133064"><ele>239.973</ele><time>2022-01-12T15:33:59Z</time></trkpt><trkpt lat="45.966480" lon="12.132980"><ele>239.892</ele><time>2022-01-12T15:34:01Z</time></trkpt><trkpt lat="45.966523" lon="12.132874"><ele>239.830</ele><time>2022-01-12T15:34:03Z</time></trkpt><trkpt lat="45.966569" lon="12.132754"><ele>239.691</ele><time>2022-01-12T15:34:05Z</time></trkpt><trkpt lat="45.966596" lon="12.132691"><ele>239.681</ele><time>2022-01-12T15:34:06Z</time></trkpt><trkpt lat="45.966644" lon="12.132567"><ele>239.719</ele><time>2022-01-12T15:34:08Z</time></trkpt><trkpt lat="45.966696" lon="12.132446"><ele>239.908</ele><time>2022-01-12T15:34:10Z</time></trkpt><trkpt lat="45.966759" lon="12.132325"><ele>240.048</ele><time>2022-01-12T15:34:12Z</time></trkpt><trkpt lat="45.966786" lon="12.132265"><ele>240.171</ele><time>2022-01-12T15:34:13Z</time></trkpt><trkpt lat="45.966816" lon="12.132209"><ele>240.335</ele><time>2022-01-12T15:34:14Z</time></trkpt><trkpt lat="45.966868" lon="12.132080"><ele>240.561</ele><time>2022-01-12T15:34:16Z</time></trkpt><trkpt lat="45.966921" lon="12.131950"><ele>240.576</ele><time>2022-01-12T15:34:18Z</time></trkpt><trkpt lat="45.966947" lon="12.131884"><ele>240.559</ele><time>2022-01-12T15:34:19Z</time></trkpt><trkpt lat="45.966994" lon="12.131752"><ele>241.018</ele><time>2022-01-12T15:34:21Z</time></trkpt><trkpt lat="45.967018" lon="12.131686"><ele>241.376</ele><time>2022-01-12T15:34:22Z</time></trkpt><trkpt lat="45.967068" lon="12.131566"><ele>241.467</ele><time>2022-01-12T15:34:24Z</time></trkpt><trkpt lat="45.967094" lon="12.131504"><ele>241.481</ele><time>2022-01-12T15:34:25Z</time></trkpt><trkpt lat="45.967117" lon="12.131446"><ele>241.419</ele><time>2022-01-12T15:34:26Z</time></trkpt><trkpt lat="45.967169" lon="12.131320"><ele>241.408</ele><time>2022-01-12T15:34:28Z</time></trkpt><trkpt lat="45.967225" lon="12.131181"><ele>241.565</ele><time>2022-01-12T15:34:30Z</time></trkpt><trkpt lat="45.967273" lon="12.131058"><ele>242.198</ele><time>2022-01-12T15:34:32Z</time></trkpt><trkpt lat="45.967329" lon="12.130915"><ele>242.382</ele><time>2022-01-12T15:34:34Z</time></trkpt><trkpt lat="45.967353" lon="12.130844"><ele>242.518</ele><time>2022-01-12T15:34:35Z</time></trkpt><trkpt lat="45.967382" lon="12.130777"><ele>242.753</ele><time>2022-01-12T15:34:36Z</time></trkpt><trkpt lat="45.967430" lon="12.130653"><ele>243.516</ele><time>2022-01-12T15:34:38Z</time></trkpt><trkpt lat="45.967474" lon="12.130541"><ele>243.895</ele><time>2022-01-12T15:34:40Z</time></trkpt><trkpt lat="45.967513" lon="12.130414"><ele>244.343</ele><time>2022-01-12T15:34:42Z</time></trkpt><trkpt lat="45.967535" lon="12.130348"><ele>244.673</ele><time>2022-01-12T15:34:43Z</time></trkpt><trkpt lat="45.967604" lon="12.130271"><ele>245.285</ele><time>2022-01-12T15:34:45Z</time></trkpt><trkpt lat="45.967683" lon="12.130207"><ele>245.413</ele><time>2022-01-12T15:34:47Z</time></trkpt><trkpt lat="45.967723" lon="12.130167"><ele>245.408</ele><time>2022-01-12T15:34:48Z</time></trkpt><trkpt lat="45.967802" lon="12.130108"><ele>244.816</ele><time>2022-01-12T15:34:50Z</time></trkpt><trkpt lat="45.967880" lon="12.130072"><ele>244.769</ele><time>2022-01-12T15:34:52Z</time></trkpt><trkpt lat="45.967945" lon="12.129998"><ele>244.613</ele><time>2022-01-12T15:34:54Z</time></trkpt><trkpt lat="45.968016" lon="12.129915"><ele>244.979</ele><time>2022-01-12T15:34:56Z</time></trkpt><trkpt lat="45.968088" lon="12.129831"><ele>245.134</ele><time>2022-01-12T15:34:58Z</time></trkpt><trkpt lat="45.968154" lon="12.129762"><ele>245.787</ele><time>2022-01-12T15:35:00Z</time></trkpt><trkpt lat="45.968177" lon="12.129705"><ele>245.746</ele><time>2022-01-12T15:35:01Z</time></trkpt><trkpt lat="45.968154" lon="12.129586"><ele>245.794</ele><time>2022-01-12T15:35:03Z</time></trkpt><trkpt lat="45.968137" lon="12.129497"><ele>244.398</ele><time>2022-01-12T15:35:05Z</time></trkpt><trkpt lat="45.968124" lon="12.129389"><ele>244.015</ele><time>2022-01-12T15:35:07Z</time></trkpt><trkpt lat="45.968119" lon="12.129238"><ele>242.726</ele><time>2022-01-12T15:35:09Z</time></trkpt><trkpt lat="45.968117" lon="12.129162"><ele>242.708</ele><time>2022-01-12T15:35:10Z</time></trkpt><trkpt lat="45.968118" lon="12.129017"><ele>242.788</ele><time>2022-01-12T15:35:12Z</time></trkpt><trkpt lat="45.968120" lon="12.128949"><ele>243.141</ele><time>2022-01-12T15:35:13Z</time></trkpt><trkpt lat="45.968123" lon="12.128818"><ele>244.095</ele><time>2022-01-12T15:35:15Z</time></trkpt><trkpt lat="45.968129" lon="12.128688"><ele>244.221</ele><time>2022-01-12T15:35:17Z</time></trkpt><trkpt lat="45.968132" lon="12.128623"><ele>244.456</ele><time>2022-01-12T15:35:18Z</time></trkpt><trkpt lat="45.968147" lon="12.128506"><ele>245.029</ele><time>2022-01-12T15:35:20Z</time></trkpt><trkpt lat="45.968160" lon="12.128406"><ele>245.248</ele><time>2022-01-12T15:35:22Z</time></trkpt><trkpt lat="45.968165" lon="12.128282"><ele>245.316</ele><time>2022-01-12T15:35:24Z</time></trkpt><trkpt lat="45.968179" lon="12.128172"><ele>246.522</ele><time>2022-01-12T15:35:26Z</time></trkpt><trkpt lat="45.968189" lon="12.128065"><ele>247.662</ele><time>2022-01-12T15:35:28Z</time></trkpt><trkpt lat="45.968193" lon="12.127950"><ele>248.108</ele><time>2022-01-12T15:35:30Z</time></trkpt><trkpt lat="45.968191" lon="12.127831"><ele>248.908</ele><time>2022-01-12T15:35:32Z</time></trkpt><trkpt lat="45.968191" lon="12.127714"><ele>249.241</ele><time>2022-01-12T15:35:34Z</time></trkpt><trkpt lat="45.968199" lon="12.127592"><ele>249.734</ele><time>2022-01-12T15:35:36Z</time></trkpt><trkpt lat="45.968209" lon="12.127482"><ele>251.638</ele><time>2022-01-12T15:35:38Z</time></trkpt><trkpt lat="45.968211" lon="12.127387"><ele>252.364</ele><time>2022-01-12T15:35:40Z</time></trkpt><trkpt lat="45.968209" lon="12.127306"><ele>252.349</ele><time>2022-01-12T15:35:42Z</time></trkpt><trkpt lat="45.968215" lon="12.127238"><ele>252.352</ele><time>2022-01-12T15:35:44Z</time></trkpt><trkpt lat="45.968256" lon="12.127201"><ele>252.411</ele><time>2022-01-12T15:35:45Z</time></trkpt><trkpt lat="45.968260" lon="12.127132"><ele>252.469</ele><time>2022-01-12T15:35:47Z</time></trkpt><trkpt lat="45.968216" lon="12.127104"><ele>255.149</ele><time>2022-01-12T15:35:56Z</time></trkpt><trkpt lat="45.968201" lon="12.127039"><ele>258.902</ele><time>2022-01-12T15:36:57Z</time></trkpt><trkpt lat="45.968186" lon="12.126954"><ele>258.922</ele><time>2022-01-12T15:36:59Z</time></trkpt><trkpt lat="45.968152" lon="12.126845"><ele>258.908</ele><time>2022-01-12T15:37:01Z</time></trkpt><trkpt lat="45.968130" lon="12.126785"><ele>258.933</ele><time>2022-01-12T15:37:02Z</time></trkpt><trkpt lat="45.968110" lon="12.126706"><ele>258.986</ele><time>2022-01-12T15:37:03Z</time></trkpt><trkpt lat="45.968091" lon="12.126585"><ele>257.840</ele><time>2022-01-12T15:37:05Z</time></trkpt><trkpt lat="45.968084" lon="12.126487"><ele>261.956</ele><time>2022-01-12T15:37:07Z</time></trkpt><trkpt lat="45.968015" lon="12.126431"><ele>261.961</ele><time>2022-01-12T15:37:09Z</time></trkpt><trkpt lat="45.967924" lon="12.126416"><ele>261.114</ele><time>2022-01-12T15:37:11Z</time></trkpt><trkpt lat="45.967873" lon="12.126420"><ele>260.633</ele><time>2022-01-12T15:37:12Z</time></trkpt><trkpt lat="45.967780" lon="12.126439"><ele>257.811</ele><time>2022-01-12T15:37:14Z</time></trkpt><trkpt lat="45.967726" lon="12.126429"><ele>257.625</ele><time>2022-01-12T15:37:15Z</time></trkpt><trkpt lat="45.967626" lon="12.126333"><ele>255.426</ele><time>2022-01-12T15:37:17Z</time></trkpt><trkpt lat="45.967603" lon="12.126268"><ele>254.208</ele><time>2022-01-12T15:37:18Z</time></trkpt><trkpt lat="45.967575" lon="12.126204"><ele>253.408</ele><time>2022-01-12T15:37:19Z</time></trkpt><trkpt lat="45.967549" lon="12.126131"><ele>253.121</ele><time>2022-01-12T15:37:20Z</time></trkpt><trkpt lat="45.967528" lon="12.125965"><ele>252.674</ele><time>2022-01-12T15:37:22Z</time></trkpt><trkpt lat="45.967524" lon="12.125895"><ele>252.678</ele><time>2022-01-12T15:37:23Z</time></trkpt><trkpt lat="45.967524" lon="12.125749"><ele>252.874</ele><time>2022-01-12T15:37:25Z</time></trkpt><trkpt lat="45.967518" lon="12.125676"><ele>252.699</ele><time>2022-01-12T15:37:26Z</time></trkpt><trkpt lat="45.967514" lon="12.125605"><ele>252.682</ele><time>2022-01-12T15:37:27Z</time></trkpt><trkpt lat="45.967512" lon="12.125531"><ele>251.881</ele><time>2022-01-12T15:37:28Z</time></trkpt><trkpt lat="45.967514" lon="12.125405"><ele>250.869</ele><time>2022-01-12T15:37:30Z</time></trkpt><trkpt lat="45.967496" lon="12.125284"><ele>249.041</ele><time>2022-01-12T15:37:32Z</time></trkpt><trkpt lat="45.967455" lon="12.125252"><ele>248.681</ele><time>2022-01-12T15:37:33Z</time></trkpt><trkpt lat="45.967414" lon="12.125219"><ele>248.409</ele><time>2022-01-12T15:37:34Z</time></trkpt><trkpt lat="45.967317" lon="12.125172"><ele>247.008</ele><time>2022-01-12T15:37:36Z</time></trkpt><trkpt lat="45.967210" lon="12.125129"><ele>244.893</ele><time>2022-01-12T15:37:38Z</time></trkpt><trkpt lat="45.967093" lon="12.125081"><ele>242.616</ele><time>2022-01-12T15:37:40Z</time></trkpt><trkpt lat="45.967029" lon="12.125071"><ele>241.750</ele><time>2022-01-12T15:37:41Z</time></trkpt><trkpt lat="45.966963" lon="12.125079"><ele>241.396</ele><time>2022-01-12T15:37:42Z</time></trkpt><trkpt lat="45.966843" lon="12.125156"><ele>240.241</ele><time>2022-01-12T15:37:44Z</time></trkpt><trkpt lat="45.966720" lon="12.125247"><ele>239.544</ele><time>2022-01-12T15:37:46Z</time></trkpt><trkpt lat="45.966584" lon="12.125285"><ele>238.953</ele><time>2022-01-12T15:37:48Z</time></trkpt><trkpt lat="45.966449" lon="12.125314"><ele>238.631</ele><time>2022-01-12T15:37:50Z</time></trkpt><trkpt lat="45.966382" lon="12.125320"><ele>238.514</ele><time>2022-01-12T15:37:51Z</time></trkpt><trkpt lat="45.966316" lon="12.125323"><ele>238.354</ele><time>2022-01-12T15:37:52Z</time></trkpt><trkpt lat="45.966186" lon="12.125278"><ele>237.909</ele><time>2022-01-12T15:37:54Z</time></trkpt><trkpt lat="45.966133" lon="12.125226"><ele>237.808</ele><time>2022-01-12T15:37:55Z</time></trkpt><trkpt lat="45.966083" lon="12.125151"><ele>237.620</ele><time>2022-01-12T15:37:56Z</time></trkpt><trkpt lat="45.966039" lon="12.125071"><ele>237.283</ele><time>2022-01-12T15:37:57Z</time></trkpt><trkpt lat="45.966000" lon="12.124992"><ele>236.967</ele><time>2022-01-12T15:37:58Z</time></trkpt><trkpt lat="45.965931" lon="12.124815"><ele>235.633</ele><time>2022-01-12T15:38:00Z</time></trkpt><trkpt lat="45.965895" lon="12.124734"><ele>235.368</ele><time>2022-01-12T15:38:01Z</time></trkpt><trkpt lat="45.965846" lon="12.124664"><ele>235.131</ele><time>2022-01-12T15:38:02Z</time></trkpt><trkpt lat="45.965743" lon="12.124574"><ele>234.960</ele><time>2022-01-12T15:38:04Z</time></trkpt><trkpt lat="45.965617" lon="12.124545"><ele>233.038</ele><time>2022-01-12T15:38:06Z</time></trkpt><trkpt lat="45.965554" lon="12.124539"><ele>233.065</ele><time>2022-01-12T15:38:07Z</time></trkpt><trkpt lat="45.965488" lon="12.124536"><ele>232.868</ele><time>2022-01-12T15:38:08Z</time></trkpt><trkpt lat="45.965420" lon="12.124520"><ele>232.514</ele><time>2022-01-12T15:38:09Z</time></trkpt><trkpt lat="45.965306" lon="12.124424"><ele>231.708</ele><time>2022-01-12T15:38:11Z</time></trkpt><trkpt lat="45.965249" lon="12.124381"><ele>231.645</ele><time>2022-01-12T15:38:12Z</time></trkpt><trkpt lat="45.965134" lon="12.124324"><ele>231.438</ele><time>2022-01-12T15:38:14Z</time></trkpt><trkpt lat="45.965005" lon="12.124303"><ele>230.942</ele><time>2022-01-12T15:38:16Z</time></trkpt><trkpt lat="45.964933" lon="12.124298"><ele>230.388</ele><time>2022-01-12T15:38:17Z</time></trkpt><trkpt lat="45.964784" lon="12.124294"><ele>228.323</ele><time>2022-01-12T15:38:19Z</time></trkpt><trkpt lat="45.964712" lon="12.124302"><ele>227.686</ele><time>2022-01-12T15:38:20Z</time></trkpt><trkpt lat="45.964576" lon="12.124312"><ele>227.275</ele><time>2022-01-12T15:38:22Z</time></trkpt><trkpt lat="45.964442" lon="12.124323"><ele>226.993</ele><time>2022-01-12T15:38:24Z</time></trkpt><trkpt lat="45.964312" lon="12.124328"><ele>226.646</ele><time>2022-01-12T15:38:26Z</time></trkpt><trkpt lat="45.964180" lon="12.124343"><ele>225.888</ele><time>2022-01-12T15:38:28Z</time></trkpt><trkpt lat="45.964115" lon="12.124341"><ele>225.516</ele><time>2022-01-12T15:38:29Z</time></trkpt><trkpt lat="45.964055" lon="12.124327"><ele>225.208</ele><time>2022-01-12T15:38:30Z</time></trkpt><trkpt lat="45.963948" lon="12.124262"><ele>225.293</ele><time>2022-01-12T15:38:32Z</time></trkpt><trkpt lat="45.963860" lon="12.124180"><ele>225.326</ele><time>2022-01-12T15:38:34Z</time></trkpt><trkpt lat="45.963755" lon="12.124103"><ele>225.380</ele><time>2022-01-12T15:38:36Z</time></trkpt><trkpt lat="45.963701" lon="12.124063"><ele>224.616</ele><time>2022-01-12T15:38:37Z</time></trkpt><trkpt lat="45.963639" lon="12.123913"><ele>224.071</ele><time>2022-01-12T15:38:39Z</time></trkpt><trkpt lat="45.963578" lon="12.123762"><ele>222.994</ele><time>2022-01-12T15:38:41Z</time></trkpt><trkpt lat="45.963547" lon="12.123680"><ele>222.613</ele><time>2022-01-12T15:38:42Z</time></trkpt><trkpt lat="45.963513" lon="12.123596"><ele>222.521</ele><time>2022-01-12T15:38:43Z</time></trkpt><trkpt lat="45.963480" lon="12.123519"><ele>222.468</ele><time>2022-01-12T15:38:44Z</time></trkpt><trkpt lat="45.963423" lon="12.123360"><ele>221.442</ele><time>2022-01-12T15:38:46Z</time></trkpt><trkpt lat="45.963391" lon="12.123273"><ele>220.526</ele><time>2022-01-12T15:38:47Z</time></trkpt><trkpt lat="45.963320" lon="12.123128"><ele>219.708</ele><time>2022-01-12T15:38:49Z</time></trkpt><trkpt lat="45.963280" lon="12.123069"><ele>219.415</ele><time>2022-01-12T15:38:50Z</time></trkpt><trkpt lat="45.963238" lon="12.123018"><ele>219.468</ele><time>2022-01-12T15:38:51Z</time></trkpt><trkpt lat="45.963146" lon="12.122933"><ele>219.452</ele><time>2022-01-12T15:38:53Z</time></trkpt><trkpt lat="45.963090" lon="12.122906"><ele>218.858</ele><time>2022-01-12T15:38:54Z</time></trkpt><trkpt lat="45.962995" lon="12.122880"><ele>218.483</ele><time>2022-01-12T15:38:56Z</time></trkpt><trkpt lat="45.962882" lon="12.122874"><ele>218.186</ele><time>2022-01-12T15:38:58Z</time></trkpt><trkpt lat="45.962834" lon="12.122865"><ele>218.025</ele><time>2022-01-12T15:38:59Z</time></trkpt><trkpt lat="45.962719" lon="12.122884"><ele>217.563</ele><time>2022-01-12T15:39:01Z</time></trkpt><trkpt lat="45.962659" lon="12.122904"><ele>217.554</ele><time>2022-01-12T15:39:02Z</time></trkpt><trkpt lat="45.962569" lon="12.122913"><ele>217.556</ele><time>2022-01-12T15:39:04Z</time></trkpt><trkpt lat="45.962492" lon="12.122846"><ele>217.411</ele><time>2022-01-12T15:39:06Z</time></trkpt><trkpt lat="45.962465" lon="12.122794"><ele>217.008</ele><time>2022-01-12T15:39:07Z</time></trkpt><trkpt lat="45.962387" lon="12.122736"><ele>216.714</ele><time>2022-01-12T15:39:09Z</time></trkpt><trkpt lat="45.962333" lon="12.122745"><ele>216.757</ele><time>2022-01-12T15:39:11Z</time></trkpt><trkpt lat="45.962274" lon="12.122736"><ele>217.631</ele><time>2022-01-12T15:39:13Z</time></trkpt><trkpt lat="45.962202" lon="12.122707"><ele>217.917</ele><time>2022-01-12T15:39:15Z</time></trkpt><trkpt lat="45.962108" lon="12.122657"><ele>218.132</ele><time>2022-01-12T15:39:17Z</time></trkpt><trkpt lat="45.962056" lon="12.122638"><ele>218.155</ele><time>2022-01-12T15:39:18Z</time></trkpt><trkpt lat="45.961956" lon="12.122588"><ele>218.134</ele><time>2022-01-12T15:39:20Z</time></trkpt><trkpt lat="45.961864" lon="12.122532"><ele>217.572</ele><time>2022-01-12T15:39:22Z</time></trkpt><trkpt lat="45.961817" lon="12.122501"><ele>217.027</ele><time>2022-01-12T15:39:23Z</time></trkpt><trkpt lat="45.961729" lon="12.122446"><ele>215.568</ele><time>2022-01-12T15:39:25Z</time></trkpt><trkpt lat="45.961638" lon="12.122375"><ele>215.014</ele><time>2022-01-12T15:39:27Z</time></trkpt><trkpt lat="45.961587" lon="12.122328"><ele>214.508</ele><time>2022-01-12T15:39:28Z</time></trkpt><trkpt lat="45.961482" lon="12.122249"><ele>213.441</ele><time>2022-01-12T15:39:30Z</time></trkpt><trkpt lat="45.961379" lon="12.122175"><ele>213.064</ele><time>2022-01-12T15:39:32Z</time></trkpt><trkpt lat="45.961284" lon="12.122108"><ele>212.878</ele><time>2022-01-12T15:39:34Z</time></trkpt><trkpt lat="45.961203" lon="12.122033"><ele>212.424</ele><time>2022-01-12T15:39:36Z</time></trkpt><trkpt lat="45.961127" lon="12.121973"><ele>212.429</ele><time>2022-01-12T15:39:38Z</time></trkpt><trkpt lat="45.961085" lon="12.121934"><ele>212.352</ele><time>2022-01-12T15:39:39Z</time></trkpt><trkpt lat="45.960994" lon="12.121882"><ele>211.151</ele><time>2022-01-12T15:39:41Z</time></trkpt><trkpt lat="45.960919" lon="12.121924"><ele>210.659</ele><time>2022-01-12T15:39:43Z</time></trkpt><trkpt lat="45.960898" lon="12.121984"><ele>210.433</ele><time>2022-01-12T15:39:44Z</time></trkpt><trkpt lat="45.960856" lon="12.122127"><ele>210.223</ele><time>2022-01-12T15:39:46Z</time></trkpt><trkpt lat="45.960835" lon="12.122206"><ele>209.915</ele><time>2022-01-12T15:39:47Z</time></trkpt><trkpt lat="45.960809" lon="12.122285"><ele>209.708</ele><time>2022-01-12T15:39:48Z</time></trkpt><trkpt lat="45.960756" lon="12.122445"><ele>209.622</ele><time>2022-01-12T15:39:50Z</time></trkpt><trkpt lat="45.960697" lon="12.122593"><ele>210.185</ele><time>2022-01-12T15:39:52Z</time></trkpt><trkpt lat="45.960638" lon="12.122738"><ele>210.579</ele><time>2022-01-12T15:39:54Z</time></trkpt><trkpt lat="45.960604" lon="12.122802"><ele>210.545</ele><time>2022-01-12T15:39:55Z</time></trkpt><trkpt lat="45.960516" lon="12.122887"><ele>211.220</ele><time>2022-01-12T15:39:57Z</time></trkpt><trkpt lat="45.960462" lon="12.122902"><ele>211.333</ele><time>2022-01-12T15:39:58Z</time></trkpt><trkpt lat="45.960344" lon="12.122891"><ele>211.632</ele><time>2022-01-12T15:40:00Z</time></trkpt><trkpt lat="45.960225" lon="12.122863"><ele>211.680</ele><time>2022-01-12T15:40:02Z</time></trkpt><trkpt lat="45.960102" lon="12.122835"><ele>211.869</ele><time>2022-01-12T15:40:04Z</time></trkpt><trkpt lat="45.959972" lon="12.122810"><ele>211.804</ele><time>2022-01-12T15:40:06Z</time></trkpt><trkpt lat="45.959843" lon="12.122782"><ele>211.624</ele><time>2022-01-12T15:40:08Z</time></trkpt><trkpt lat="45.959710" lon="12.122763"><ele>211.508</ele><time>2022-01-12T15:40:10Z</time></trkpt><trkpt lat="45.959644" lon="12.122753"><ele>211.415</ele><time>2022-01-12T15:40:11Z</time></trkpt><trkpt lat="45.959576" lon="12.122747"><ele>211.348</ele><time>2022-01-12T15:40:12Z</time></trkpt><trkpt lat="45.959438" lon="12.122729"><ele>211.182</ele><time>2022-01-12T15:40:14Z</time></trkpt><trkpt lat="45.959371" lon="12.122712"><ele>210.878</ele><time>2022-01-12T15:40:15Z</time></trkpt><trkpt lat="45.959303" lon="12.122693"><ele>210.713</ele><time>2022-01-12T15:40:16Z</time></trkpt><trkpt lat="45.959178" lon="12.122645"><ele>210.636</ele><time>2022-01-12T15:40:18Z</time></trkpt><trkpt lat="45.959120" lon="12.122619"><ele>210.525</ele><time>2022-01-12T15:40:19Z</time></trkpt><trkpt lat="45.959002" lon="12.122564"><ele>209.713</ele><time>2022-01-12T15:40:21Z</time></trkpt><trkpt lat="45.958879" lon="12.122505"><ele>209.282</ele><time>2022-01-12T15:40:23Z</time></trkpt><trkpt lat="45.958755" lon="12.122449"><ele>208.343</ele><time>2022-01-12T15:40:25Z</time></trkpt><trkpt lat="45.958632" lon="12.122409"><ele>207.517</ele><time>2022-01-12T15:40:27Z</time></trkpt><trkpt lat="45.958506" lon="12.122383"><ele>207.208</ele><time>2022-01-12T15:40:29Z</time></trkpt><trkpt lat="45.958444" lon="12.122374"><ele>207.297</ele><time>2022-01-12T15:40:30Z</time></trkpt><trkpt lat="45.958324" lon="12.122351"><ele>206.740</ele><time>2022-01-12T15:40:32Z</time></trkpt><trkpt lat="45.958207" lon="12.122325"><ele>206.124</ele><time>2022-01-12T15:40:34Z</time></trkpt><trkpt lat="45.958149" lon="12.122316"><ele>205.810</ele><time>2022-01-12T15:40:35Z</time></trkpt><trkpt lat="45.958094" lon="12.122305"><ele>205.785</ele><time>2022-01-12T15:40:36Z</time></trkpt><trkpt lat="45.957986" lon="12.122287"><ele>205.578</ele><time>2022-01-12T15:40:38Z</time></trkpt><trkpt lat="45.957931" lon="12.122277"><ele>205.477</ele><time>2022-01-12T15:40:39Z</time></trkpt><trkpt lat="45.957829" lon="12.122260"><ele>205.275</ele><time>2022-01-12T15:40:41Z</time></trkpt><trkpt lat="45.957778" lon="12.122255"><ele>205.333</ele><time>2022-01-12T15:40:42Z</time></trkpt><trkpt lat="45.957727" lon="12.122249"><ele>205.323</ele><time>2022-01-12T15:40:43Z</time></trkpt><trkpt lat="45.957624" lon="12.122238"><ele>205.515</ele><time>2022-01-12T15:40:45Z</time></trkpt><trkpt lat="45.957528" lon="12.122289"><ele>205.608</ele><time>2022-01-12T15:40:47Z</time></trkpt><trkpt lat="45.957498" lon="12.122430"><ele>205.512</ele><time>2022-01-12T15:40:49Z</time></trkpt><trkpt lat="45.957494" lon="12.122503"><ele>205.385</ele><time>2022-01-12T15:40:50Z</time></trkpt><trkpt lat="45.957489" lon="12.122632"><ele>205.119</ele><time>2022-01-12T15:40:52Z</time></trkpt><trkpt lat="45.957476" lon="12.122709"><ele>205.215</ele><time>2022-01-12T15:40:54Z</time></trkpt></trkseg></trk></gpx>