<?xml version="1.0" encoding="UTF-8"?><gpx creator="Wikiloc - https://www.wikiloc.com" version="1.1" xmlns="http://www.topografix.com/GPX/1/1" xmlns:xsi="http://www.w3.org/2001/XMLSchema-instance" xsi:schemaLocation="http://www.topografix.com/GPX/1/1 http://www.topografix.com/GPX/1/1/gpx.xsd"><metadata><name>Wikiloc - Pian de le Femene Bivacco Col dei Gai</name><author><name>Fulvio899</name><link href="https://www.wikiloc.com/wikiloc/user.do?id=7759858"><text>Fulvio899 on Wikiloc</text></link></author><link href="https://www.wikiloc.com/mountain-biking-trails/pian-de-le-femene-bivacco-col-dei-gai-225038087"><text>Pian de le Femene Bivacco Col dei Gai on Wikiloc</text></link><time>2025-08-04T10:32:32.041Z</time></metadata><wpt lat="46.001535" lon="12.252107"><ele>294.1</ele><time>2025-08-04T06:19:00.300Z</time><name>Santuario di San Francesco e Paola</name><cmt></cmt><desc></desc></wpt><wpt lat="46.008968" lon="12.255935"><ele>639.1</ele><time>2025-08-04T06:55:08.306Z</time><name>Madonna della neve</name><cmt></cmt><desc></desc></wpt><wpt lat="46.009198" lon="12.255838"><ele>641.6</ele><time>2025-08-04T06:56:54.306Z</time><name>Madonna della neve</name><cmt></cmt><desc></desc></wpt><wpt lat="46.015253" lon="12.254673"><ele>866.3</ele><time>2025-08-04T07:24:44.309Z</time><name>Laghi di Revine</name><cmt></cmt><desc></desc></wpt><wpt lat="46.013398" lon="12.227218"><ele>1124.3</ele><time>2025-08-04T07:53:30.313Z</time><name>Pian dele femene</name><cmt></cmt><desc></desc></wpt><wpt lat="46.006715" lon="12.222808"><ele>1095.8</ele><time>2025-08-04T08:04:21.291Z</time><name>Foto</name><cmt></cmt><desc></desc></wpt><wpt lat="46.006368" lon="12.223023"><ele>1081.7</ele><time>2025-08-04T08:06:43.291Z</time><name>Inizio tracciato teleferica da Corda Longa a Revine ( la cav...</name><cmt></cmt><desc></desc></wpt><wpt lat="46.002537" lon="12.208442"><ele>1113.1</ele><time>2025-08-04T08:26:08.488Z</time><name>Monte Boral</name><cmt></cmt><desc></desc></wpt><wpt lat="46.006645" lon="12.191233"><ele>1204.5</ele><time>2025-08-04T08:58:30.295Z</time><name>Foto</name><cmt></cmt><desc></desc></wpt><wpt lat="46.013967" lon="12.188798"><ele>1186.9</ele><time>2025-08-04T09:16:35.295Z</time><name>Bivacco Col dei Gai</name><cmt></cmt><desc></desc></wpt><wpt lat="46.014017" lon="12.188807"><ele>1185.0</ele><time>2025-08-04T09:17:26.296Z</time><name>Foto</name><cmt></cmt><desc></desc></wpt><wpt lat="46.004575" lon="12.179813"><ele>893.8</ele><time>2025-08-04T09:46:45.035Z</time><name>A sx</name><cmt></cmt><desc></desc></wpt><wpt lat="46.002912" lon="12.179485"><ele>895.9</ele><time>2025-08-04T09:49:40.036Z</time><name>Foto</name><cmt></cmt><desc></desc></wpt><wpt lat="46.001912" lon="12.178103"><ele>897.1</ele><time>2025-08-04T09:51:58.036Z</time><name>Foto</name><cmt></cmt><desc></desc></wpt><trk><name>Pian de le Femene Bivacco Col dei Gai - Wikiloc</name><cmt></cmt><desc></desc><trkseg><trkpt lat="45.983348" lon="12.208467"><ele>234.633</ele><time>2025-08-04T05:49:01.294Z</time></trkpt><trkpt lat="45.983300" lon="12.208489"><ele>234.423</ele><time>2025-08-04T05:49:23.294Z</time></trkpt><trkpt lat="45.983245" lon="12.208469"><ele>234.215</ele><time>2025-08-04T05:49:28.294Z</time></trkpt><trkpt lat="45.983222" lon="12.208412"><ele>234.109</ele><time>2025-08-04T05:49:30.294Z</time></trkpt><trkpt lat="45.983200" lon="12.208344"><ele>234.075</ele><time>2025-08-04T05:49:32.294Z</time></trkpt><trkpt lat="45.983185" lon="12.208266"><ele>234.025</ele><time>2025-08-04T05:49:34Z</time></trkpt><trkpt lat="45.983172" lon="12.208198"><ele>234.068</ele><time>2025-08-04T05:49:36.294Z</time></trkpt><trkpt lat="45.983152" lon="12.208140"><ele>234.063</ele><time>2025-08-04T05:49:38.294Z</time></trkpt><trkpt lat="45.983114" lon="12.208092"><ele>234.056</ele><time>2025-08-04T05:49:40.294Z</time></trkpt><trkpt lat="45.983054" lon="12.208064"><ele>234.071</ele><time>2025-08-04T05:49:43.294Z</time></trkpt><trkpt lat="45.983006" lon="12.208071"><ele>233.353</ele><time>2025-08-04T05:49:46.294Z</time></trkpt><trkpt lat="45.982969" lon="12.208116"><ele>232.831</ele><time>2025-08-04T05:49:49.294Z</time></trkpt><trkpt lat="45.982949" lon="12.208209"><ele>232.530</ele><time>2025-08-04T05:49:51.294Z</time></trkpt><trkpt lat="45.982977" lon="12.208327"><ele>232.922</ele><time>2025-08-04T05:49:53.294Z</time></trkpt><trkpt lat="45.983019" lon="12.208455"><ele>233.162</ele><time>2025-08-04T05:49:55.294Z</time></trkpt><trkpt lat="45.983064" lon="12.208595"><ele>233.108</ele><time>2025-08-04T05:49:57.294Z</time></trkpt><trkpt lat="45.983104" lon="12.208720"><ele>233.009</ele><time>2025-08-04T05:49:59.294Z</time></trkpt><trkpt lat="45.983137" lon="12.208853"><ele>233.024</ele><time>2025-08-04T05:50:01.294Z</time></trkpt><trkpt lat="45.983179" lon="12.208993"><ele>232.614</ele><time>2025-08-04T05:50:03.294Z</time></trkpt><trkpt lat="45.983216" lon="12.209128"><ele>232.057</ele><time>2025-08-04T05:50:05.295Z</time></trkpt><trkpt lat="45.983264" lon="12.209268"><ele>231.632</ele><time>2025-08-04T05:50:07.295Z</time></trkpt><trkpt lat="45.983306" lon="12.209388"><ele>231.295</ele><time>2025-08-04T05:50:09.295Z</time></trkpt><trkpt lat="45.983344" lon="12.209506"><ele>231.170</ele><time>2025-08-04T05:50:11.295Z</time></trkpt><trkpt lat="45.983381" lon="12.209631"><ele>231.232</ele><time>2025-08-04T05:50:13.295Z</time></trkpt><trkpt lat="45.983428" lon="12.209776"><ele>231.180</ele><time>2025-08-04T05:50:15.295Z</time></trkpt><trkpt lat="45.983470" lon="12.209909"><ele>230.859</ele><time>2025-08-04T05:50:17.295Z</time></trkpt><trkpt lat="45.983513" lon="12.210034"><ele>230.672</ele><time>2025-08-04T05:50:19.295Z</time></trkpt><trkpt lat="45.983555" lon="12.210176"><ele>230.813</ele><time>2025-08-04T05:50:21.295Z</time></trkpt><trkpt lat="45.983593" lon="12.210351"><ele>230.714</ele><time>2025-08-04T05:50:23.295Z</time></trkpt><trkpt lat="45.983641" lon="12.210513"><ele>230.309</ele><time>2025-08-04T05:50:25.295Z</time></trkpt><trkpt lat="45.983733" lon="12.210615"><ele>230.469</ele><time>2025-08-04T05:50:27.295Z</time></trkpt><trkpt lat="45.983830" lon="12.210662"><ele>230.849</ele><time>2025-08-04T05:50:29.295Z</time></trkpt><trkpt lat="45.983910" lon="12.210744"><ele>231.262</ele><time>2025-08-04T05:50:31.295Z</time></trkpt><trkpt lat="45.983977" lon="12.210842"><ele>232.097</ele><time>2025-08-04T05:50:33.295Z</time></trkpt><trkpt lat="45.984030" lon="12.210954"><ele>232.780</ele><time>2025-08-04T05:50:35.295Z</time></trkpt><trkpt lat="45.984088" lon="12.211072"><ele>233.495</ele><time>2025-08-04T05:50:37.295Z</time></trkpt><trkpt lat="45.984158" lon="12.211190"><ele>233.767</ele><time>2025-08-04T05:50:39.295Z</time></trkpt><trkpt lat="45.984218" lon="12.211305"><ele>233.595</ele><time>2025-08-04T05:50:41.295Z</time></trkpt><trkpt lat="45.984278" lon="12.211432"><ele>233.444</ele><time>2025-08-04T05:50:43.295Z</time></trkpt><trkpt lat="45.984336" lon="12.211539"><ele>233.628</ele><time>2025-08-04T05:50:45.295Z</time></trkpt><trkpt lat="45.984393" lon="12.211661"><ele>233.889</ele><time>2025-08-04T05:50:47.295Z</time></trkpt><trkpt lat="45.984446" lon="12.211779"><ele>234.017</ele><time>2025-08-04T05:50:49.295Z</time></trkpt><trkpt lat="45.984513" lon="12.211911"><ele>234.209</ele><time>2025-08-04T05:50:51.295Z</time></trkpt><trkpt lat="45.984575" lon="12.212033"><ele>234.384</ele><time>2025-08-04T05:50:53.295Z</time></trkpt><trkpt lat="45.984637" lon="12.212153"><ele>234.574</ele><time>2025-08-04T05:50:55.295Z</time></trkpt><trkpt lat="45.984700" lon="12.212273"><ele>234.797</ele><time>2025-08-04T05:50:57.295Z</time></trkpt><trkpt lat="45.984767" lon="12.212401"><ele>234.522</ele><time>2025-08-04T05:50:59.295Z</time></trkpt><trkpt lat="45.984809" lon="12.212498"><ele>234.395</ele><time>2025-08-04T05:51:01.295Z</time></trkpt><trkpt lat="45.984811" lon="12.212563"><ele>234.210</ele><time>2025-08-04T05:51:03.295Z</time></trkpt><trkpt lat="45.984749" lon="12.212635"><ele>233.732</ele><time>2025-08-04T05:51:05.295Z</time></trkpt><trkpt lat="45.984691" lon="12.212708"><ele>233.110</ele><time>2025-08-04T05:51:07.295Z</time></trkpt><trkpt lat="45.984633" lon="12.212783"><ele>232.769</ele><time>2025-08-04T05:51:09.295Z</time></trkpt><trkpt lat="45.984585" lon="12.212900"><ele>232.598</ele><time>2025-08-04T05:51:11.295Z</time></trkpt><trkpt lat="45.984567" lon="12.213037"><ele>232.415</ele><time>2025-08-04T05:51:13.295Z</time></trkpt><trkpt lat="45.984600" lon="12.213164"><ele>232.626</ele><time>2025-08-04T05:51:15.295Z</time></trkpt><trkpt lat="45.984655" lon="12.213286"><ele>232.809</ele><time>2025-08-04T05:51:17.295Z</time></trkpt><trkpt lat="45.984715" lon="12.213389"><ele>233.041</ele><time>2025-08-04T05:51:19.295Z</time></trkpt><trkpt lat="45.984763" lon="12.213487"><ele>233.171</ele><time>2025-08-04T05:51:21.295Z</time></trkpt><trkpt lat="45.984821" lon="12.213597"><ele>233.474</ele><time>2025-08-04T05:51:23.295Z</time></trkpt><trkpt lat="45.984871" lon="12.213707"><ele>233.269</ele><time>2025-08-04T05:51:25.295Z</time></trkpt><trkpt lat="45.984911" lon="12.213807"><ele>233.052</ele><time>2025-08-04T05:51:27.295Z</time></trkpt><trkpt lat="45.984948" lon="12.213909"><ele>232.827</ele><time>2025-08-04T05:51:29.295Z</time></trkpt><trkpt lat="45.984983" lon="12.214009"><ele>232.989</ele><time>2025-08-04T05:51:31.295Z</time></trkpt><trkpt lat="45.985013" lon="12.214112"><ele>233.017</ele><time>2025-08-04T05:51:33.295Z</time></trkpt><trkpt lat="45.985046" lon="12.214220"><ele>233.236</ele><time>2025-08-04T05:51:35.295Z</time></trkpt><trkpt lat="45.985078" lon="12.214313"><ele>233.379</ele><time>2025-08-04T05:51:37.295Z</time></trkpt><trkpt lat="45.985105" lon="12.214416"><ele>233.405</ele><time>2025-08-04T05:51:39.295Z</time></trkpt><trkpt lat="45.985122" lon="12.214519"><ele>233.325</ele><time>2025-08-04T05:51:41.295Z</time></trkpt><trkpt lat="45.985139" lon="12.214616"><ele>233.209</ele><time>2025-08-04T05:51:43.295Z</time></trkpt><trkpt lat="45.985147" lon="12.214733"><ele>233.079</ele><time>2025-08-04T05:51:45.295Z</time></trkpt><trkpt lat="45.985154" lon="12.214846"><ele>232.919</ele><time>2025-08-04T05:51:47.295Z</time></trkpt><trkpt lat="45.985156" lon="12.214958"><ele>232.672</ele><time>2025-08-04T05:51:49.295Z</time></trkpt><trkpt lat="45.985166" lon="12.215085"><ele>232.317</ele><time>2025-08-04T05:51:51.295Z</time></trkpt><trkpt lat="45.985189" lon="12.215243"><ele>231.840</ele><time>2025-08-04T05:51:53.295Z</time></trkpt><trkpt lat="45.985194" lon="12.215365"><ele>231.645</ele><time>2025-08-04T05:51:55Z</time></trkpt><trkpt lat="45.985206" lon="12.215485"><ele>231.547</ele><time>2025-08-04T05:51:57.295Z</time></trkpt><trkpt lat="45.985234" lon="12.215603"><ele>231.585</ele><time>2025-08-04T05:51:59.295Z</time></trkpt><trkpt lat="45.985251" lon="12.215733"><ele>231.244</ele><time>2025-08-04T05:52:01.295Z</time></trkpt><trkpt lat="45.985268" lon="12.215846"><ele>231.039</ele><time>2025-08-04T05:52:03.295Z</time></trkpt><trkpt lat="45.985268" lon="12.215959"><ele>230.901</ele><time>2025-08-04T05:52:05.295Z</time></trkpt><trkpt lat="45.985275" lon="12.216081"><ele>231.021</ele><time>2025-08-04T05:52:07.295Z</time></trkpt><trkpt lat="45.985297" lon="12.216183"><ele>230.809</ele><time>2025-08-04T05:52:09.295Z</time></trkpt><trkpt lat="45.985347" lon="12.216261"><ele>230.785</ele><time>2025-08-04T05:52:11.295Z</time></trkpt><trkpt lat="45.985407" lon="12.216324"><ele>230.785</ele><time>2025-08-04T05:52:13.295Z</time></trkpt><trkpt lat="45.985472" lon="12.216392"><ele>230.758</ele><time>2025-08-04T05:52:15.295Z</time></trkpt><trkpt lat="45.985549" lon="12.216465"><ele>230.783</ele><time>2025-08-04T05:52:17.295Z</time></trkpt><trkpt lat="45.985632" lon="12.216500"><ele>231.356</ele><time>2025-08-04T05:52:19.295Z</time></trkpt><trkpt lat="45.985714" lon="12.216500"><ele>232.041</ele><time>2025-08-04T05:52:22.295Z</time></trkpt><trkpt lat="45.985791" lon="12.216477"><ele>232.643</ele><time>2025-08-04T05:52:24.295Z</time></trkpt><trkpt lat="45.985866" lon="12.216454"><ele>233.231</ele><time>2025-08-04T05:52:26.295Z</time></trkpt><trkpt lat="45.985929" lon="12.216446"><ele>233.760</ele><time>2025-08-04T05:52:28.295Z</time></trkpt><trkpt lat="45.985999" lon="12.216448"><ele>234.295</ele><time>2025-08-04T05:52:30.295Z</time></trkpt><trkpt lat="45.986067" lon="12.216490"><ele>234.749</ele><time>2025-08-04T05:52:32.295Z</time></trkpt><trkpt lat="45.986129" lon="12.216538"><ele>235.123</ele><time>2025-08-04T05:52:34.295Z</time></trkpt><trkpt lat="45.986192" lon="12.216553"><ele>235.609</ele><time>2025-08-04T05:52:36.295Z</time></trkpt><trkpt lat="45.986227" lon="12.216621"><ele>235.871</ele><time>2025-08-04T05:52:38.295Z</time></trkpt><trkpt lat="45.986237" lon="12.216726"><ele>235.971</ele><time>2025-08-04T05:52:40.295Z</time></trkpt><trkpt lat="45.986232" lon="12.216846"><ele>235.984</ele><time>2025-08-04T05:52:42.295Z</time></trkpt><trkpt lat="45.986240" lon="12.216971"><ele>235.829</ele><time>2025-08-04T05:52:44.295Z</time></trkpt><trkpt lat="45.986243" lon="12.217094"><ele>235.462</ele><time>2025-08-04T05:52:46.295Z</time></trkpt><trkpt lat="45.986270" lon="12.217227"><ele>235.177</ele><time>2025-08-04T05:52:48.295Z</time></trkpt><trkpt lat="45.986303" lon="12.217355"><ele>234.869</ele><time>2025-08-04T05:52:50.295Z</time></trkpt><trkpt lat="45.986348" lon="12.217498"><ele>234.627</ele><time>2025-08-04T05:52:52.295Z</time></trkpt><trkpt lat="45.986398" lon="12.217640"><ele>235.176</ele><time>2025-08-04T05:52:54.295Z</time></trkpt><trkpt lat="45.986450" lon="12.217757"><ele>235.422</ele><time>2025-08-04T05:52:56.295Z</time></trkpt><trkpt lat="45.986493" lon="12.217872"><ele>235.862</ele><time>2025-08-04T05:52:58.295Z</time></trkpt><trkpt lat="45.986526" lon="12.217989"><ele>236.008</ele><time>2025-08-04T05:53:00.295Z</time></trkpt><trkpt lat="45.986564" lon="12.218104"><ele>236.109</ele><time>2025-08-04T05:53:02.295Z</time></trkpt><trkpt lat="45.986599" lon="12.218209"><ele>236.294</ele><time>2025-08-04T05:53:04.295Z</time></trkpt><trkpt lat="45.986639" lon="12.218309"><ele>236.684</ele><time>2025-08-04T05:53:06.295Z</time></trkpt><trkpt lat="45.986681" lon="12.218396"><ele>237.147</ele><time>2025-08-04T05:53:08.295Z</time></trkpt><trkpt lat="45.986706" lon="12.218474"><ele>237.452</ele><time>2025-08-04T05:53:10.295Z</time></trkpt><trkpt lat="45.986731" lon="12.218539"><ele>237.645</ele><time>2025-08-04T05:53:12.295Z</time></trkpt><trkpt lat="45.986803" lon="12.218591"><ele>238.480</ele><time>2025-08-04T05:53:14.295Z</time></trkpt><trkpt lat="45.986841" lon="12.218644"><ele>238.872</ele><time>2025-08-04T05:53:16.295Z</time></trkpt><trkpt lat="45.986883" lon="12.218686"><ele>239.390</ele><time>2025-08-04T05:53:18.295Z</time></trkpt><trkpt lat="45.986946" lon="12.218713"><ele>240.019</ele><time>2025-08-04T05:53:21.295Z</time></trkpt><trkpt lat="45.986994" lon="12.218731"><ele>240.578</ele><time>2025-08-04T05:53:23.295Z</time></trkpt><trkpt lat="45.987049" lon="12.218743"><ele>241.133</ele><time>2025-08-04T05:53:25.295Z</time></trkpt><trkpt lat="45.987096" lon="12.218763"><ele>241.626</ele><time>2025-08-04T05:53:27.295Z</time></trkpt><trkpt lat="45.987141" lon="12.218781"><ele>242.109</ele><time>2025-08-04T05:53:29.295Z</time></trkpt><trkpt lat="45.987186" lon="12.218811"><ele>242.669</ele><time>2025-08-04T05:53:31.295Z</time></trkpt><trkpt lat="45.987241" lon="12.218873"><ele>243.359</ele><time>2025-08-04T05:53:34.295Z</time></trkpt><trkpt lat="45.987283" lon="12.218923"><ele>243.822</ele><time>2025-08-04T05:53:36.295Z</time></trkpt><trkpt lat="45.987331" lon="12.218958"><ele>244.317</ele><time>2025-08-04T05:53:38.295Z</time></trkpt><trkpt lat="45.987371" lon="12.218991"><ele>244.840</ele><time>2025-08-04T05:53:40.295Z</time></trkpt><trkpt lat="45.987416" lon="12.219019"><ele>245.315</ele><time>2025-08-04T05:53:42.295Z</time></trkpt><trkpt lat="45.987461" lon="12.219064"><ele>245.817</ele><time>2025-08-04T05:53:44.295Z</time></trkpt><trkpt lat="45.987509" lon="12.219124"><ele>246.365</ele><time>2025-08-04T05:53:47.295Z</time></trkpt><trkpt lat="45.987546" lon="12.219197"><ele>246.644</ele><time>2025-08-04T05:53:50.295Z</time></trkpt><trkpt lat="45.987596" lon="12.219254"><ele>247.163</ele><time>2025-08-04T05:53:53.295Z</time></trkpt><trkpt lat="45.987649" lon="12.219312"><ele>247.644</ele><time>2025-08-04T05:53:56.295Z</time></trkpt><trkpt lat="45.987694" lon="12.219340"><ele>248.218</ele><time>2025-08-04T05:53:58.295Z</time></trkpt><trkpt lat="45.987731" lon="12.219408"><ele>248.409</ele><time>2025-08-04T05:54:00.295Z</time></trkpt><trkpt lat="45.987773" lon="12.219486"><ele>248.578</ele><time>2025-08-04T05:54:02.295Z</time></trkpt><trkpt lat="45.987826" lon="12.219564"><ele>247.738</ele><time>2025-08-04T05:54:04.295Z</time></trkpt><trkpt lat="45.987883" lon="12.219639"><ele>246.911</ele><time>2025-08-04T05:54:06.295Z</time></trkpt><trkpt lat="45.987950" lon="12.219714"><ele>246.126</ele><time>2025-08-04T05:54:08.295Z</time></trkpt><trkpt lat="45.988018" lon="12.219771"><ele>245.649</ele><time>2025-08-04T05:54:10.295Z</time></trkpt><trkpt lat="45.988083" lon="12.219828"><ele>245.414</ele><time>2025-08-04T05:54:12.295Z</time></trkpt><trkpt lat="45.988158" lon="12.219886"><ele>245.666</ele><time>2025-08-04T05:54:14.295Z</time></trkpt><trkpt lat="45.988236" lon="12.219953"><ele>245.614</ele><time>2025-08-04T05:54:16.295Z</time></trkpt><trkpt lat="45.988318" lon="12.220016"><ele>245.853</ele><time>2025-08-04T05:54:18.295Z</time></trkpt><trkpt lat="45.988386" lon="12.220066"><ele>245.997</ele><time>2025-08-04T05:54:20.295Z</time></trkpt><trkpt lat="45.988458" lon="12.220119"><ele>246.023</ele><time>2025-08-04T05:54:22.295Z</time></trkpt><trkpt lat="45.988521" lon="12.220186"><ele>246.025</ele><time>2025-08-04T05:54:24.295Z</time></trkpt><trkpt lat="45.988574" lon="12.220268"><ele>245.809</ele><time>2025-08-04T05:54:26.295Z</time></trkpt><trkpt lat="45.988612" lon="12.220356"><ele>245.751</ele><time>2025-08-04T05:54:28.295Z</time></trkpt><trkpt lat="45.988652" lon="12.220458"><ele>246.031</ele><time>2025-08-04T05:54:30.295Z</time></trkpt><trkpt lat="45.988705" lon="12.220590"><ele>246.194</ele><time>2025-08-04T05:54:32.295Z</time></trkpt><trkpt lat="45.988740" lon="12.220685"><ele>245.969</ele><time>2025-08-04T05:54:34.295Z</time></trkpt><trkpt lat="45.988750" lon="12.220778"><ele>245.472</ele><time>2025-08-04T05:54:36.295Z</time></trkpt><trkpt lat="45.988778" lon="12.220875"><ele>245.027</ele><time>2025-08-04T05:54:38.295Z</time></trkpt><trkpt lat="45.988816" lon="12.220972"><ele>244.859</ele><time>2025-08-04T05:54:40.295Z</time></trkpt><trkpt lat="45.988839" lon="12.221067"><ele>244.497</ele><time>2025-08-04T05:54:42.295Z</time></trkpt><trkpt lat="45.988871" lon="12.221170"><ele>244.026</ele><time>2025-08-04T05:54:44.295Z</time></trkpt><trkpt lat="45.988903" lon="12.221272"><ele>243.882</ele><time>2025-08-04T05:54:46.295Z</time></trkpt><trkpt lat="45.988926" lon="12.221369"><ele>243.843</ele><time>2025-08-04T05:54:48.295Z</time></trkpt><trkpt lat="45.988949" lon="12.221457"><ele>244.417</ele><time>2025-08-04T05:54:50.295Z</time></trkpt><trkpt lat="45.988966" lon="12.221540"><ele>244.909</ele><time>2025-08-04T05:54:52.295Z</time></trkpt><trkpt lat="45.988971" lon="12.221622"><ele>245.040</ele><time>2025-08-04T05:54:54.295Z</time></trkpt><trkpt lat="45.988983" lon="12.221709"><ele>245.660</ele><time>2025-08-04T05:54:56.295Z</time></trkpt><trkpt lat="45.988986" lon="12.221797"><ele>246.183</ele><time>2025-08-04T05:54:58.295Z</time></trkpt><trkpt lat="45.989003" lon="12.221907"><ele>247.248</ele><time>2025-08-04T05:55:00.295Z</time></trkpt><trkpt lat="45.989011" lon="12.222040"><ele>247.691</ele><time>2025-08-04T05:55:02.295Z</time></trkpt><trkpt lat="45.989024" lon="12.222167"><ele>247.936</ele><time>2025-08-04T05:55:04.295Z</time></trkpt><trkpt lat="45.989041" lon="12.222282"><ele>248.028</ele><time>2025-08-04T05:55:06.295Z</time></trkpt><trkpt lat="45.989068" lon="12.222394"><ele>248.036</ele><time>2025-08-04T05:55:08.295Z</time></trkpt><trkpt lat="45.989088" lon="12.222526"><ele>247.925</ele><time>2025-08-04T05:55:10.295Z</time></trkpt><trkpt lat="45.989120" lon="12.222643"><ele>247.951</ele><time>2025-08-04T05:55:12.295Z</time></trkpt><trkpt lat="45.989150" lon="12.222751"><ele>247.801</ele><time>2025-08-04T05:55:14.295Z</time></trkpt><trkpt lat="45.989188" lon="12.222864"><ele>248.711</ele><time>2025-08-04T05:55:16.295Z</time></trkpt><trkpt lat="45.989215" lon="12.222972"><ele>249.409</ele><time>2025-08-04T05:55:18.296Z</time></trkpt><trkpt lat="45.989227" lon="12.223067"><ele>249.747</ele><time>2025-08-04T05:55:20.296Z</time></trkpt><trkpt lat="45.989234" lon="12.223152"><ele>249.977</ele><time>2025-08-04T05:55:22.296Z</time></trkpt><trkpt lat="45.989242" lon="12.223235"><ele>250.270</ele><time>2025-08-04T05:55:24.296Z</time></trkpt><trkpt lat="45.989254" lon="12.223335"><ele>250.545</ele><time>2025-08-04T05:55:26.296Z</time></trkpt><trkpt lat="45.989266" lon="12.223453"><ele>250.338</ele><time>2025-08-04T05:55:28.296Z</time></trkpt><trkpt lat="45.989274" lon="12.223583"><ele>249.863</ele><time>2025-08-04T05:55:30.296Z</time></trkpt><trkpt lat="45.989296" lon="12.223725"><ele>249.855</ele><time>2025-08-04T05:55:32.296Z</time></trkpt><trkpt lat="45.989314" lon="12.223865"><ele>249.823</ele><time>2025-08-04T05:55:34.296Z</time></trkpt><trkpt lat="45.989334" lon="12.223990"><ele>249.922</ele><time>2025-08-04T05:55:36.296Z</time></trkpt><trkpt lat="45.989369" lon="12.224120"><ele>250.326</ele><time>2025-08-04T05:55:38.296Z</time></trkpt><trkpt lat="45.989399" lon="12.224245"><ele>250.647</ele><time>2025-08-04T05:55:40.296Z</time></trkpt><trkpt lat="45.989427" lon="12.224360"><ele>250.911</ele><time>2025-08-04T05:55:42.296Z</time></trkpt><trkpt lat="45.989452" lon="12.224488"><ele>250.909</ele><time>2025-08-04T05:55:44.296Z</time></trkpt><trkpt lat="45.989489" lon="12.224616"><ele>250.754</ele><time>2025-08-04T05:55:46.296Z</time></trkpt><trkpt lat="45.989521" lon="12.224733"><ele>250.524</ele><time>2025-08-04T05:55:48.296Z</time></trkpt><trkpt lat="45.989551" lon="12.224850"><ele>249.987</ele><time>2025-08-04T05:55:50.296Z</time></trkpt><trkpt lat="45.989586" lon="12.224975"><ele>249.362</ele><time>2025-08-04T05:55:52.296Z</time></trkpt><trkpt lat="45.989628" lon="12.225103"><ele>248.925</ele><time>2025-08-04T05:55:54.296Z</time></trkpt><trkpt lat="45.989671" lon="12.225228"><ele>248.460</ele><time>2025-08-04T05:55:56.296Z</time></trkpt><trkpt lat="45.989719" lon="12.225368"><ele>248.092</ele><time>2025-08-04T05:55:58.296Z</time></trkpt><trkpt lat="45.989776" lon="12.225526"><ele>247.540</ele><time>2025-08-04T05:56:00.296Z</time></trkpt><trkpt lat="45.989839" lon="12.225693"><ele>247.089</ele><time>2025-08-04T05:56:02.296Z</time></trkpt><trkpt lat="45.989896" lon="12.225868"><ele>246.517</ele><time>2025-08-04T05:56:04.296Z</time></trkpt><trkpt lat="45.989941" lon="12.226013"><ele>246.487</ele><time>2025-08-04T05:56:06.296Z</time></trkpt><trkpt lat="45.989984" lon="12.226170"><ele>246.215</ele><time>2025-08-04T05:56:08.296Z</time></trkpt><trkpt lat="45.990027" lon="12.226318"><ele>245.809</ele><time>2025-08-04T05:56:10.296Z</time></trkpt><trkpt lat="45.990082" lon="12.226455"><ele>245.463</ele><time>2025-08-04T05:56:12.296Z</time></trkpt><trkpt lat="45.990134" lon="12.226592"><ele>245.033</ele><time>2025-08-04T05:56:14.296Z</time></trkpt><trkpt lat="45.990191" lon="12.226740"><ele>244.596</ele><time>2025-08-04T05:56:16.296Z</time></trkpt><trkpt lat="45.990253" lon="12.226895"><ele>244.111</ele><time>2025-08-04T05:56:18.296Z</time></trkpt><trkpt lat="45.990321" lon="12.227042"><ele>243.964</ele><time>2025-08-04T05:56:20.296Z</time></trkpt><trkpt lat="45.990384" lon="12.227179"><ele>243.869</ele><time>2025-08-04T05:56:22.296Z</time></trkpt><trkpt lat="45.990451" lon="12.227304"><ele>243.421</ele><time>2025-08-04T05:56:24.296Z</time></trkpt><trkpt lat="45.990518" lon="12.227422"><ele>242.739</ele><time>2025-08-04T05:56:26.296Z</time></trkpt><trkpt lat="45.990570" lon="12.227557"><ele>241.848</ele><time>2025-08-04T05:56:28.296Z</time></trkpt><trkpt lat="45.990612" lon="12.227714"><ele>241.439</ele><time>2025-08-04T05:56:30.296Z</time></trkpt><trkpt lat="45.990647" lon="12.227869"><ele>241.401</ele><time>2025-08-04T05:56:32.296Z</time></trkpt><trkpt lat="45.990684" lon="12.228026"><ele>241.521</ele><time>2025-08-04T05:56:34.296Z</time></trkpt><trkpt lat="45.990746" lon="12.228176"><ele>241.309</ele><time>2025-08-04T05:56:36.296Z</time></trkpt><trkpt lat="45.990823" lon="12.228339"><ele>240.995</ele><time>2025-08-04T05:56:38.296Z</time></trkpt><trkpt lat="45.990895" lon="12.228506"><ele>240.375</ele><time>2025-08-04T05:56:40.296Z</time></trkpt><trkpt lat="45.990975" lon="12.228673"><ele>240.258</ele><time>2025-08-04T05:56:42.296Z</time></trkpt><trkpt lat="45.991043" lon="12.228820"><ele>239.943</ele><time>2025-08-04T05:56:44.296Z</time></trkpt><trkpt lat="45.991116" lon="12.228942"><ele>239.946</ele><time>2025-08-04T05:56:46.296Z</time></trkpt><trkpt lat="45.991184" lon="12.229062"><ele>240.281</ele><time>2025-08-04T05:56:48.296Z</time></trkpt><trkpt lat="45.991232" lon="12.229180"><ele>240.383</ele><time>2025-08-04T05:56:50.296Z</time></trkpt><trkpt lat="45.991269" lon="12.229308"><ele>240.911</ele><time>2025-08-04T05:56:52.296Z</time></trkpt><trkpt lat="45.991299" lon="12.229436"><ele>241.350</ele><time>2025-08-04T05:56:54.296Z</time></trkpt><trkpt lat="45.991329" lon="12.229573"><ele>241.632</ele><time>2025-08-04T05:56:56.296Z</time></trkpt><trkpt lat="45.991354" lon="12.229710"><ele>241.792</ele><time>2025-08-04T05:56:58.296Z</time></trkpt><trkpt lat="45.991369" lon="12.229835"><ele>241.911</ele><time>2025-08-04T05:57:00.296Z</time></trkpt><trkpt lat="45.991392" lon="12.229965"><ele>242.009</ele><time>2025-08-04T05:57:02.296Z</time></trkpt><trkpt lat="45.991420" lon="12.230080"><ele>242.585</ele><time>2025-08-04T05:57:04.296Z</time></trkpt><trkpt lat="45.991443" lon="12.230200"><ele>243.195</ele><time>2025-08-04T05:57:06.296Z</time></trkpt><trkpt lat="45.991456" lon="12.230315"><ele>243.678</ele><time>2025-08-04T05:57:08.296Z</time></trkpt><trkpt lat="45.991468" lon="12.230430"><ele>244.163</ele><time>2025-08-04T05:57:10.296Z</time></trkpt><trkpt lat="45.991476" lon="12.230523"><ele>244.576</ele><time>2025-08-04T05:57:12.296Z</time></trkpt><trkpt lat="45.991489" lon="12.230621"><ele>245.051</ele><time>2025-08-04T05:57:14.296Z</time></trkpt><trkpt lat="45.991496" lon="12.230716"><ele>245.393</ele><time>2025-08-04T05:57:16.296Z</time></trkpt><trkpt lat="45.991508" lon="12.230811"><ele>245.841</ele><time>2025-08-04T05:57:18.296Z</time></trkpt><trkpt lat="45.991518" lon="12.230904"><ele>246.340</ele><time>2025-08-04T05:57:20.296Z</time></trkpt><trkpt lat="45.991521" lon="12.231001"><ele>246.983</ele><time>2025-08-04T05:57:22.296Z</time></trkpt><trkpt lat="45.991534" lon="12.231076"><ele>247.325</ele><time>2025-08-04T05:57:24.296Z</time></trkpt><trkpt lat="45.991571" lon="12.231164"><ele>247.817</ele><time>2025-08-04T05:57:27.296Z</time></trkpt><trkpt lat="45.991611" lon="12.231231"><ele>248.409</ele><time>2025-08-04T05:57:29.296Z</time></trkpt><trkpt lat="45.991659" lon="12.231294"><ele>249.260</ele><time>2025-08-04T05:57:31.296Z</time></trkpt><trkpt lat="45.991699" lon="12.231347"><ele>249.850</ele><time>2025-08-04T05:57:33.296Z</time></trkpt><trkpt lat="45.991741" lon="12.231420"><ele>250.083</ele><time>2025-08-04T05:57:36.296Z</time></trkpt><trkpt lat="45.991784" lon="12.231497"><ele>249.778</ele><time>2025-08-04T05:57:39.296Z</time></trkpt><trkpt lat="45.991802" lon="12.231560"><ele>249.581</ele><time>2025-08-04T05:57:41.296Z</time></trkpt><trkpt lat="45.991842" lon="12.231623"><ele>249.786</ele><time>2025-08-04T05:57:43.296Z</time></trkpt><trkpt lat="45.991880" lon="12.231680"><ele>250.158</ele><time>2025-08-04T05:57:45.296Z</time></trkpt><trkpt lat="45.991917" lon="12.231735"><ele>250.666</ele><time>2025-08-04T05:57:47.296Z</time></trkpt><trkpt lat="45.991947" lon="12.231788"><ele>251.155</ele><time>2025-08-04T05:57:49.296Z</time></trkpt><trkpt lat="45.991982" lon="12.231853"><ele>251.931</ele><time>2025-08-04T05:57:51.296Z</time></trkpt><trkpt lat="45.992015" lon="12.231905"><ele>252.761</ele><time>2025-08-04T05:57:53.296Z</time></trkpt><trkpt lat="45.992055" lon="12.231963"><ele>253.707</ele><time>2025-08-04T05:57:56.296Z</time></trkpt><trkpt lat="45.992083" lon="12.232023"><ele>254.209</ele><time>2025-08-04T05:57:58.296Z</time></trkpt><trkpt lat="45.992106" lon="12.232090"><ele>254.575</ele><time>2025-08-04T05:58:00.296Z</time></trkpt><trkpt lat="45.992108" lon="12.232168"><ele>254.315</ele><time>2025-08-04T05:58:03.296Z</time></trkpt><trkpt lat="45.992118" lon="12.232236"><ele>254.298</ele><time>2025-08-04T05:58:05.296Z</time></trkpt><trkpt lat="45.992143" lon="12.232323"><ele>253.873</ele><time>2025-08-04T05:58:07.296Z</time></trkpt><trkpt lat="45.992200" lon="12.232428"><ele>253.696</ele><time>2025-08-04T05:58:09.296Z</time></trkpt><trkpt lat="45.992250" lon="12.232486"><ele>253.751</ele><time>2025-08-04T05:58:11.296Z</time></trkpt><trkpt lat="45.992307" lon="12.232508"><ele>254.533</ele><time>2025-08-04T05:58:13.296Z</time></trkpt><trkpt lat="45.992364" lon="12.232503"><ele>255.691</ele><time>2025-08-04T05:58:15.296Z</time></trkpt><trkpt lat="45.992426" lon="12.232496"><ele>256.730</ele><time>2025-08-04T05:58:18.296Z</time></trkpt><trkpt lat="45.992478" lon="12.232496"><ele>257.784</ele><time>2025-08-04T05:58:21.296Z</time></trkpt><trkpt lat="45.992530" lon="12.232491"><ele>258.907</ele><time>2025-08-04T05:58:24.296Z</time></trkpt><trkpt lat="45.992583" lon="12.232486"><ele>260.217</ele><time>2025-08-04T05:58:27.296Z</time></trkpt><trkpt lat="45.992635" lon="12.232473"><ele>261.509</ele><time>2025-08-04T05:58:31.296Z</time></trkpt><trkpt lat="45.992667" lon="12.232420"><ele>262.340</ele><time>2025-08-04T05:58:35.296Z</time></trkpt><trkpt lat="45.992722" lon="12.232368"><ele>263.220</ele><time>2025-08-04T05:58:41.296Z</time></trkpt><trkpt lat="45.992737" lon="12.232290"><ele>263.113</ele><time>2025-08-04T05:58:44.296Z</time></trkpt><trkpt lat="45.992760" lon="12.232223"><ele>262.968</ele><time>2025-08-04T05:58:47.296Z</time></trkpt><trkpt lat="45.992783" lon="12.232161"><ele>264.571</ele><time>2025-08-04T05:58:50.296Z</time></trkpt><trkpt lat="45.992840" lon="12.232169"><ele>265.876</ele><time>2025-08-04T05:58:54.296Z</time></trkpt><trkpt lat="45.992882" lon="12.232327"><ele>267.188</ele><time>2025-08-04T05:59:07.296Z</time></trkpt><trkpt lat="45.992862" lon="12.232414"><ele>267.116</ele><time>2025-08-04T05:59:10.296Z</time></trkpt><trkpt lat="45.992874" lon="12.232496"><ele>268.135</ele><time>2025-08-04T05:59:13.296Z</time></trkpt><trkpt lat="45.992884" lon="12.232573"><ele>268.761</ele><time>2025-08-04T05:59:17.296Z</time></trkpt><trkpt lat="45.992936" lon="12.232728"><ele>270.421</ele><time>2025-08-04T05:59:26.296Z</time></trkpt><trkpt lat="45.992958" lon="12.232788"><ele>270.813</ele><time>2025-08-04T05:59:29.296Z</time></trkpt><trkpt lat="45.992960" lon="12.232856"><ele>270.409</ele><time>2025-08-04T05:59:33.296Z</time></trkpt><trkpt lat="45.992983" lon="12.232918"><ele>270.448</ele><time>2025-08-04T05:59:36.296Z</time></trkpt><trkpt lat="45.993011" lon="12.232986"><ele>270.588</ele><time>2025-08-04T05:59:39.296Z</time></trkpt><trkpt lat="45.993044" lon="12.233066"><ele>270.681</ele><time>2025-08-04T05:59:42.296Z</time></trkpt><trkpt lat="45.993067" lon="12.233128"><ele>270.416</ele><time>2025-08-04T05:59:44.296Z</time></trkpt><trkpt lat="45.993100" lon="12.233196"><ele>270.149</ele><time>2025-08-04T05:59:47.296Z</time></trkpt><trkpt lat="45.993138" lon="12.233271"><ele>269.934</ele><time>2025-08-04T05:59:50.296Z</time></trkpt><trkpt lat="45.993176" lon="12.233341"><ele>269.636</ele><time>2025-08-04T05:59:53.296Z</time></trkpt><trkpt lat="45.993213" lon="12.233381"><ele>269.714</ele><time>2025-08-04T05:59:55.296Z</time></trkpt><trkpt lat="45.993265" lon="12.233439"><ele>269.833</ele><time>2025-08-04T05:59:58.296Z</time></trkpt><trkpt lat="45.993310" lon="12.233502"><ele>269.847</ele><time>2025-08-04T06:00:01.296Z</time></trkpt><trkpt lat="45.993367" lon="12.233557"><ele>270.329</ele><time>2025-08-04T06:00:04.296Z</time></trkpt><trkpt lat="45.993410" lon="12.233590"><ele>270.921</ele><time>2025-08-04T06:00:06.296Z</time></trkpt><trkpt lat="45.993463" lon="12.233622"><ele>271.709</ele><time>2025-08-04T06:00:09.296Z</time></trkpt><trkpt lat="45.993520" lon="12.233652"><ele>272.536</ele><time>2025-08-04T06:00:13.296Z</time></trkpt><trkpt lat="45.993570" lon="12.233682"><ele>273.226</ele><time>2025-08-04T06:00:16.296Z</time></trkpt><trkpt lat="45.993663" lon="12.233754"><ele>273.799</ele><time>2025-08-04T06:00:30.296Z</time></trkpt><trkpt lat="45.993706" lon="12.233781"><ele>273.914</ele><time>2025-08-04T06:00:33.297Z</time></trkpt><trkpt lat="45.993751" lon="12.233816"><ele>274.187</ele><time>2025-08-04T06:00:36.297Z</time></trkpt><trkpt lat="45.993811" lon="12.233846"><ele>274.512</ele><time>2025-08-04T06:00:39.297Z</time></trkpt><trkpt lat="45.993869" lon="12.233876"><ele>274.974</ele><time>2025-08-04T06:00:42.297Z</time></trkpt><trkpt lat="45.993924" lon="12.233906"><ele>275.442</ele><time>2025-08-04T06:00:45.297Z</time></trkpt><trkpt lat="45.993969" lon="12.233929"><ele>275.881</ele><time>2025-08-04T06:00:48.297Z</time></trkpt><trkpt lat="45.994022" lon="12.233937"><ele>276.653</ele><time>2025-08-04T06:00:52.297Z</time></trkpt><trkpt lat="45.994072" lon="12.233959"><ele>277.104</ele><time>2025-08-04T06:00:55.297Z</time></trkpt><trkpt lat="45.994122" lon="12.233989"><ele>277.514</ele><time>2025-08-04T06:00:58.297Z</time></trkpt><trkpt lat="45.994164" lon="12.234022"><ele>277.609</ele><time>2025-08-04T06:01:01Z</time></trkpt><trkpt lat="45.994206" lon="12.234059"><ele>277.557</ele><time>2025-08-04T06:01:04.297Z</time></trkpt><trkpt lat="45.994249" lon="12.234104"><ele>277.557</ele><time>2025-08-04T06:01:07.297Z</time></trkpt><trkpt lat="45.994292" lon="12.234154"><ele>277.420</ele><time>2025-08-04T06:01:10.297Z</time></trkpt><trkpt lat="45.994342" lon="12.234212"><ele>277.785</ele><time>2025-08-04T06:01:13.297Z</time></trkpt><trkpt lat="45.994399" lon="12.234267"><ele>278.158</ele><time>2025-08-04T06:01:16.297Z</time></trkpt><trkpt lat="45.994437" lon="12.234309"><ele>278.383</ele><time>2025-08-04T06:01:18.297Z</time></trkpt><trkpt lat="45.994475" lon="12.234351"><ele>278.985</ele><time>2025-08-04T06:01:21.297Z</time></trkpt><trkpt lat="45.994510" lon="12.234409"><ele>279.443</ele><time>2025-08-04T06:01:24.297Z</time></trkpt><trkpt lat="45.994548" lon="12.234484"><ele>279.962</ele><time>2025-08-04T06:01:27.297Z</time></trkpt><trkpt lat="45.994576" lon="12.234544"><ele>280.279</ele><time>2025-08-04T06:01:30.297Z</time></trkpt><trkpt lat="45.994601" lon="12.234611"><ele>280.305</ele><time>2025-08-04T06:01:34.297Z</time></trkpt><trkpt lat="45.994629" lon="12.234674"><ele>280.525</ele><time>2025-08-04T06:01:37.297Z</time></trkpt><trkpt lat="45.994651" lon="12.234734"><ele>280.609</ele><time>2025-08-04T06:01:40.297Z</time></trkpt><trkpt lat="45.994676" lon="12.234794"><ele>280.869</ele><time>2025-08-04T06:01:42.297Z</time></trkpt><trkpt lat="45.994706" lon="12.234851"><ele>281.139</ele><time>2025-08-04T06:01:44.297Z</time></trkpt><trkpt lat="45.994744" lon="12.234923"><ele>281.862</ele><time>2025-08-04T06:01:47.297Z</time></trkpt><trkpt lat="45.994781" lon="12.234983"><ele>282.747</ele><time>2025-08-04T06:01:50.297Z</time></trkpt><trkpt lat="45.994808" lon="12.235040"><ele>283.570</ele><time>2025-08-04T06:01:54.297Z</time></trkpt><trkpt lat="45.994841" lon="12.235108"><ele>284.645</ele><time>2025-08-04T06:01:58.297Z</time></trkpt><trkpt lat="45.994866" lon="12.235170"><ele>285.317</ele><time>2025-08-04T06:02:02.297Z</time></trkpt><trkpt lat="45.994886" lon="12.235238"><ele>285.775</ele><time>2025-08-04T06:02:10.297Z</time></trkpt><trkpt lat="45.994939" lon="12.235333"><ele>286.754</ele><time>2025-08-04T06:02:24.297Z</time></trkpt><trkpt lat="45.994997" lon="12.235405"><ele>287.672</ele><time>2025-08-04T06:02:33.297Z</time></trkpt><trkpt lat="45.995055" lon="12.235578"><ele>286.213</ele><time>2025-08-04T06:03:18.297Z</time></trkpt><trkpt lat="45.995130" lon="12.235726"><ele>285.714</ele><time>2025-08-04T06:03:26.297Z</time></trkpt><trkpt lat="45.995173" lon="12.235793"><ele>285.709</ele><time>2025-08-04T06:03:31.297Z</time></trkpt><trkpt lat="45.995203" lon="12.235863"><ele>285.369</ele><time>2025-08-04T06:03:34.297Z</time></trkpt><trkpt lat="45.995221" lon="12.235930"><ele>284.749</ele><time>2025-08-04T06:03:38.297Z</time></trkpt><trkpt lat="45.995233" lon="12.236002"><ele>283.882</ele><time>2025-08-04T06:03:45.297Z</time></trkpt><trkpt lat="45.995245" lon="12.236080"><ele>282.747</ele><time>2025-08-04T06:03:48.297Z</time></trkpt><trkpt lat="45.995252" lon="12.236162"><ele>281.860</ele><time>2025-08-04T06:03:51.297Z</time></trkpt><trkpt lat="45.995270" lon="12.236249"><ele>281.325</ele><time>2025-08-04T06:03:54.297Z</time></trkpt><trkpt lat="45.995293" lon="12.236321"><ele>281.337</ele><time>2025-08-04T06:03:56.297Z</time></trkpt><trkpt lat="45.995313" lon="12.236381"><ele>281.415</ele><time>2025-08-04T06:03:58.297Z</time></trkpt><trkpt lat="45.995331" lon="12.236443"><ele>281.384</ele><time>2025-08-04T06:04:00.297Z</time></trkpt><trkpt lat="45.995333" lon="12.236525"><ele>280.553</ele><time>2025-08-04T06:04:03.297Z</time></trkpt><trkpt lat="45.995353" lon="12.236605"><ele>280.404</ele><time>2025-08-04T06:04:06.297Z</time></trkpt><trkpt lat="45.995371" lon="12.236677"><ele>280.314</ele><time>2025-08-04T06:04:09.297Z</time></trkpt><trkpt lat="45.995388" lon="12.236762"><ele>280.609</ele><time>2025-08-04T06:04:12.297Z</time></trkpt><trkpt lat="45.995405" lon="12.236840"><ele>280.927</ele><time>2025-08-04T06:04:14.297Z</time></trkpt><trkpt lat="45.995417" lon="12.236910"><ele>281.177</ele><time>2025-08-04T06:04:16.297Z</time></trkpt><trkpt lat="45.995434" lon="12.236978"><ele>281.630</ele><time>2025-08-04T06:04:18.297Z</time></trkpt><trkpt lat="45.995446" lon="12.237041"><ele>281.825</ele><time>2025-08-04T06:04:20.297Z</time></trkpt><trkpt lat="45.995471" lon="12.237133"><ele>282.558</ele><time>2025-08-04T06:04:23.297Z</time></trkpt><trkpt lat="45.995509" lon="12.237201"><ele>283.983</ele><time>2025-08-04T06:04:26.297Z</time></trkpt><trkpt lat="45.995544" lon="12.237263"><ele>285.095</ele><time>2025-08-04T06:04:29.297Z</time></trkpt><trkpt lat="45.995576" lon="12.237315"><ele>285.923</ele><time>2025-08-04T06:04:33.297Z</time></trkpt><trkpt lat="45.995593" lon="12.237390"><ele>285.832</ele><time>2025-08-04T06:04:40.297Z</time></trkpt><trkpt lat="45.995678" lon="12.237703"><ele>286.947</ele><time>2025-08-04T06:04:56.297Z</time></trkpt><trkpt lat="45.995713" lon="12.237758"><ele>288.029</ele><time>2025-08-04T06:04:59.297Z</time></trkpt><trkpt lat="45.995746" lon="12.237820"><ele>288.921</ele><time>2025-08-04T06:05:03.297Z</time></trkpt><trkpt lat="45.995763" lon="12.237893"><ele>289.109</ele><time>2025-08-04T06:05:07.297Z</time></trkpt><trkpt lat="45.995780" lon="12.237956"><ele>289.446</ele><time>2025-08-04T06:05:10.297Z</time></trkpt><trkpt lat="45.995792" lon="12.238048"><ele>289.326</ele><time>2025-08-04T06:05:13.297Z</time></trkpt><trkpt lat="45.995789" lon="12.238131"><ele>288.559</ele><time>2025-08-04T06:05:16.297Z</time></trkpt><trkpt lat="45.995794" lon="12.238208"><ele>288.144</ele><time>2025-08-04T06:05:22.297Z</time></trkpt><trkpt lat="45.995789" lon="12.238273"><ele>287.457</ele><time>2025-08-04T06:05:25.297Z</time></trkpt><trkpt lat="45.995787" lon="12.238366"><ele>286.562</ele><time>2025-08-04T06:05:28.297Z</time></trkpt><trkpt lat="45.995782" lon="12.238454"><ele>285.354</ele><time>2025-08-04T06:05:31.297Z</time></trkpt><trkpt lat="45.995777" lon="12.238552"><ele>284.062</ele><time>2025-08-04T06:05:34.297Z</time></trkpt><trkpt lat="45.995769" lon="12.238632"><ele>282.771</ele><time>2025-08-04T06:05:37Z</time></trkpt><trkpt lat="45.995769" lon="12.238715"><ele>281.831</ele><time>2025-08-04T06:05:40.297Z</time></trkpt><trkpt lat="45.995766" lon="12.238782"><ele>280.961</ele><time>2025-08-04T06:05:42.297Z</time></trkpt><trkpt lat="45.995756" lon="12.238862"><ele>279.407</ele><time>2025-08-04T06:05:44.297Z</time></trkpt><trkpt lat="45.995754" lon="12.238937"><ele>278.409</ele><time>2025-08-04T06:05:46.297Z</time></trkpt><trkpt lat="45.995749" lon="12.239019"><ele>277.225</ele><time>2025-08-04T06:05:48.298Z</time></trkpt><trkpt lat="45.995736" lon="12.239096"><ele>275.635</ele><time>2025-08-04T06:05:50.298Z</time></trkpt><trkpt lat="45.995729" lon="12.239171"><ele>274.398</ele><time>2025-08-04T06:05:52.298Z</time></trkpt><trkpt lat="45.995726" lon="12.239288"><ele>272.173</ele><time>2025-08-04T06:05:54.298Z</time></trkpt><trkpt lat="45.995736" lon="12.239368"><ele>271.346</ele><time>2025-08-04T06:05:56.298Z</time></trkpt><trkpt lat="45.995736" lon="12.239448"><ele>270.071</ele><time>2025-08-04T06:05:58.298Z</time></trkpt><trkpt lat="45.995739" lon="12.239533"><ele>268.763</ele><time>2025-08-04T06:06:01.298Z</time></trkpt><trkpt lat="45.995762" lon="12.239596"><ele>269.081</ele><time>2025-08-04T06:06:04.298Z</time></trkpt><trkpt lat="45.995782" lon="12.239729"><ele>268.060</ele><time>2025-08-04T06:06:31.298Z</time></trkpt><trkpt lat="45.995810" lon="12.239807"><ele>268.565</ele><time>2025-08-04T06:06:37.298Z</time></trkpt><trkpt lat="45.995852" lon="12.239915"><ele>269.268</ele><time>2025-08-04T06:06:42.298Z</time></trkpt><trkpt lat="45.995872" lon="12.240000"><ele>268.914</ele><time>2025-08-04T06:06:45.298Z</time></trkpt><trkpt lat="45.995899" lon="12.240058"><ele>269.209</ele><time>2025-08-04T06:06:47.298Z</time></trkpt><trkpt lat="45.995924" lon="12.240126"><ele>269.248</ele><time>2025-08-04T06:06:49.298Z</time></trkpt><trkpt lat="45.995952" lon="12.240203"><ele>269.098</ele><time>2025-08-04T06:06:51.298Z</time></trkpt><trkpt lat="45.995979" lon="12.240275"><ele>268.961</ele><time>2025-08-04T06:06:53.298Z</time></trkpt><trkpt lat="45.996004" lon="12.240333"><ele>268.746</ele><time>2025-08-04T06:06:55.298Z</time></trkpt><trkpt lat="45.996041" lon="12.240425"><ele>268.419</ele><time>2025-08-04T06:06:58.298Z</time></trkpt><trkpt lat="45.996071" lon="12.240503"><ele>268.144</ele><time>2025-08-04T06:07:00.298Z</time></trkpt><trkpt lat="45.996104" lon="12.240565"><ele>268.476</ele><time>2025-08-04T06:07:02.298Z</time></trkpt><trkpt lat="45.996126" lon="12.240625"><ele>268.344</ele><time>2025-08-04T06:07:04.298Z</time></trkpt><trkpt lat="45.996156" lon="12.240708"><ele>268.123</ele><time>2025-08-04T06:07:07.298Z</time></trkpt><trkpt lat="45.996181" lon="12.240771"><ele>268.199</ele><time>2025-08-04T06:07:09.298Z</time></trkpt><trkpt lat="45.996206" lon="12.240831"><ele>268.207</ele><time>2025-08-04T06:07:11.298Z</time></trkpt><trkpt lat="45.996229" lon="12.240911"><ele>267.827</ele><time>2025-08-04T06:07:14.298Z</time></trkpt><trkpt lat="45.996254" lon="12.240984"><ele>267.709</ele><time>2025-08-04T06:07:17.298Z</time></trkpt><trkpt lat="45.996287" lon="12.241029"><ele>268.561</ele><time>2025-08-04T06:07:24.298Z</time></trkpt><trkpt lat="45.996325" lon="12.241116"><ele>268.741</ele><time>2025-08-04T06:07:40.298Z</time></trkpt><trkpt lat="45.996370" lon="12.241193"><ele>269.874</ele><time>2025-08-04T06:07:43.298Z</time></trkpt><trkpt lat="45.996435" lon="12.241288"><ele>272.019</ele><time>2025-08-04T06:07:47.298Z</time></trkpt><trkpt lat="45.996465" lon="12.241365"><ele>272.592</ele><time>2025-08-04T06:07:50.298Z</time></trkpt><trkpt lat="45.996477" lon="12.241432"><ele>272.077</ele><time>2025-08-04T06:07:52.298Z</time></trkpt><trkpt lat="45.996494" lon="12.241525"><ele>271.249</ele><time>2025-08-04T06:07:54.298Z</time></trkpt><trkpt lat="45.996492" lon="12.241610"><ele>269.677</ele><time>2025-08-04T06:07:56.298Z</time></trkpt><trkpt lat="45.996492" lon="12.241683"><ele>268.326</ele><time>2025-08-04T06:07:58.298Z</time></trkpt><trkpt lat="45.996510" lon="12.241750"><ele>268.348</ele><time>2025-08-04T06:08:00.298Z</time></trkpt><trkpt lat="45.996532" lon="12.241812"><ele>268.661</ele><time>2025-08-04T06:08:02.298Z</time></trkpt><trkpt lat="45.996562" lon="12.241890"><ele>269.117</ele><time>2025-08-04T06:08:05.298Z</time></trkpt><trkpt lat="45.996579" lon="12.241952"><ele>269.209</ele><time>2025-08-04T06:08:07.298Z</time></trkpt><trkpt lat="45.996576" lon="12.242032"><ele>267.816</ele><time>2025-08-04T06:08:10.298Z</time></trkpt><trkpt lat="45.996591" lon="12.242097"><ele>267.686</ele><time>2025-08-04T06:08:12.298Z</time></trkpt><trkpt lat="45.996609" lon="12.242157"><ele>267.549</ele><time>2025-08-04T06:08:14.298Z</time></trkpt><trkpt lat="45.996626" lon="12.242230"><ele>267.124</ele><time>2025-08-04T06:08:17.298Z</time></trkpt><trkpt lat="45.996658" lon="12.242293"><ele>267.157</ele><time>2025-08-04T06:08:20.298Z</time></trkpt><trkpt lat="45.996703" lon="12.242365"><ele>267.572</ele><time>2025-08-04T06:08:23.298Z</time></trkpt><trkpt lat="45.996738" lon="12.242423"><ele>267.794</ele><time>2025-08-04T06:08:25.298Z</time></trkpt><trkpt lat="45.996778" lon="12.242488"><ele>268.152</ele><time>2025-08-04T06:08:27.298Z</time></trkpt><trkpt lat="45.996805" lon="12.242561"><ele>267.751</ele><time>2025-08-04T06:08:29.298Z</time></trkpt><trkpt lat="45.996825" lon="12.242638"><ele>266.999</ele><time>2025-08-04T06:08:31.298Z</time></trkpt><trkpt lat="45.996848" lon="12.242706"><ele>266.407</ele><time>2025-08-04T06:08:33.298Z</time></trkpt><trkpt lat="45.996878" lon="12.242781"><ele>266.127</ele><time>2025-08-04T06:08:36.298Z</time></trkpt><trkpt lat="45.996915" lon="12.242869"><ele>265.509</ele><time>2025-08-04T06:08:39.298Z</time></trkpt><trkpt lat="45.996938" lon="12.242937"><ele>264.711</ele><time>2025-08-04T06:08:41.298Z</time></trkpt><trkpt lat="45.996965" lon="12.243027"><ele>263.751</ele><time>2025-08-04T06:08:43.298Z</time></trkpt><trkpt lat="45.996992" lon="12.243102"><ele>263.454</ele><time>2025-08-04T06:08:45.298Z</time></trkpt><trkpt lat="45.997002" lon="12.243180"><ele>262.489</ele><time>2025-08-04T06:08:47.298Z</time></trkpt><trkpt lat="45.997025" lon="12.243258"><ele>261.992</ele><time>2025-08-04T06:08:49.298Z</time></trkpt><trkpt lat="45.997050" lon="12.243353"><ele>261.317</ele><time>2025-08-04T06:08:51.298Z</time></trkpt><trkpt lat="45.997092" lon="12.243458"><ele>261.629</ele><time>2025-08-04T06:08:53.298Z</time></trkpt><trkpt lat="45.997124" lon="12.243550"><ele>261.637</ele><time>2025-08-04T06:08:55.298Z</time></trkpt><trkpt lat="45.997142" lon="12.243628"><ele>261.216</ele><time>2025-08-04T06:08:57.298Z</time></trkpt><trkpt lat="45.997165" lon="12.243693"><ele>261.116</ele><time>2025-08-04T06:08:59.298Z</time></trkpt><trkpt lat="45.997188" lon="12.243788"><ele>260.476</ele><time>2025-08-04T06:09:02.298Z</time></trkpt><trkpt lat="45.997205" lon="12.243885"><ele>259.413</ele><time>2025-08-04T06:09:04.298Z</time></trkpt><trkpt lat="45.997227" lon="12.244018"><ele>257.909</ele><time>2025-08-04T06:09:06.298Z</time></trkpt><trkpt lat="45.997224" lon="12.244116"><ele>256.093</ele><time>2025-08-04T06:09:08.298Z</time></trkpt><trkpt lat="45.997241" lon="12.244216"><ele>255.063</ele><time>2025-08-04T06:09:10.298Z</time></trkpt><trkpt lat="45.997254" lon="12.244294"><ele>254.496</ele><time>2025-08-04T06:09:12.298Z</time></trkpt><trkpt lat="45.997266" lon="12.244367"><ele>253.771</ele><time>2025-08-04T06:09:14.298Z</time></trkpt><trkpt lat="45.997299" lon="12.244457"><ele>253.624</ele><time>2025-08-04T06:09:16.298Z</time></trkpt><trkpt lat="45.997377" lon="12.244560"><ele>255.379</ele><time>2025-08-04T06:09:18.298Z</time></trkpt><trkpt lat="45.997549" lon="12.244748"><ele>259.321</ele><time>2025-08-04T06:09:20.298Z</time></trkpt><trkpt lat="45.997587" lon="12.244795"><ele>259.729</ele><time>2025-08-04T06:09:22.298Z</time></trkpt><trkpt lat="45.997637" lon="12.244855"><ele>260.378</ele><time>2025-08-04T06:09:25.298Z</time></trkpt><trkpt lat="45.997674" lon="12.244893"><ele>260.865</ele><time>2025-08-04T06:09:27.298Z</time></trkpt><trkpt lat="45.997696" lon="12.244958"><ele>260.268</ele><time>2025-08-04T06:09:30.298Z</time></trkpt><trkpt lat="45.997694" lon="12.245041"><ele>258.514</ele><time>2025-08-04T06:09:33.298Z</time></trkpt><trkpt lat="45.997702" lon="12.245108"><ele>257.509</ele><time>2025-08-04T06:09:35.298Z</time></trkpt><trkpt lat="45.997714" lon="12.245178"><ele>256.668</ele><time>2025-08-04T06:09:37.298Z</time></trkpt><trkpt lat="45.997742" lon="12.245258"><ele>256.188</ele><time>2025-08-04T06:09:40.298Z</time></trkpt><trkpt lat="45.997762" lon="12.245318"><ele>255.811</ele><time>2025-08-04T06:09:42.298Z</time></trkpt><trkpt lat="45.997800" lon="12.245400"><ele>256.296</ele><time>2025-08-04T06:09:45.298Z</time></trkpt><trkpt lat="45.997825" lon="12.245478"><ele>256.229</ele><time>2025-08-04T06:09:47.298Z</time></trkpt><trkpt lat="45.997847" lon="12.245561"><ele>255.944</ele><time>2025-08-04T06:09:49.298Z</time></trkpt><trkpt lat="45.997870" lon="12.245634"><ele>256.036</ele><time>2025-08-04T06:09:51.298Z</time></trkpt><trkpt lat="45.997890" lon="12.245692"><ele>256.214</ele><time>2025-08-04T06:09:53.298Z</time></trkpt><trkpt lat="45.997917" lon="12.245760"><ele>256.413</ele><time>2025-08-04T06:09:56.298Z</time></trkpt><trkpt lat="45.997937" lon="12.245827"><ele>256.443</ele><time>2025-08-04T06:10:00.298Z</time></trkpt><trkpt lat="45.997952" lon="12.245889"><ele>256.164</ele><time>2025-08-04T06:10:03.298Z</time></trkpt><trkpt lat="45.997967" lon="12.245976"><ele>255.410</ele><time>2025-08-04T06:10:06.298Z</time></trkpt><trkpt lat="45.997989" lon="12.246039"><ele>255.409</ele><time>2025-08-04T06:10:08.298Z</time></trkpt><trkpt lat="45.998017" lon="12.246129"><ele>255.276</ele><time>2025-08-04T06:10:11.298Z</time></trkpt><trkpt lat="45.998032" lon="12.246199"><ele>254.566</ele><time>2025-08-04T06:10:13.298Z</time></trkpt><trkpt lat="45.998052" lon="12.246286"><ele>253.779</ele><time>2025-08-04T06:10:16.298Z</time></trkpt><trkpt lat="45.998067" lon="12.246349"><ele>253.154</ele><time>2025-08-04T06:10:18.298Z</time></trkpt><trkpt lat="45.998077" lon="12.246414"><ele>252.497</ele><time>2025-08-04T06:10:20.298Z</time></trkpt><trkpt lat="45.998095" lon="12.246492"><ele>251.952</ele><time>2025-08-04T06:10:23.298Z</time></trkpt><trkpt lat="45.998118" lon="12.246567"><ele>251.714</ele><time>2025-08-04T06:10:27.298Z</time></trkpt><trkpt lat="45.998155" lon="12.246802"><ele>249.332</ele><time>2025-08-04T06:10:57.298Z</time></trkpt><trkpt lat="45.998187" lon="12.246917"><ele>248.711</ele><time>2025-08-04T06:11:16.299Z</time></trkpt><trkpt lat="45.998204" lon="12.246982"><ele>248.227</ele><time>2025-08-04T06:11:19.299Z</time></trkpt><trkpt lat="45.998234" lon="12.247110"><ele>247.168</ele><time>2025-08-04T06:11:24.299Z</time></trkpt><trkpt lat="45.998259" lon="12.247183"><ele>246.814</ele><time>2025-08-04T06:11:27.299Z</time></trkpt><trkpt lat="45.998287" lon="12.247248"><ele>246.709</ele><time>2025-08-04T06:11:29.299Z</time></trkpt><trkpt lat="45.998345" lon="12.247308"><ele>247.994</ele><time>2025-08-04T06:11:31.299Z</time></trkpt><trkpt lat="45.998398" lon="12.247373"><ele>248.664</ele><time>2025-08-04T06:11:33.299Z</time></trkpt><trkpt lat="45.998441" lon="12.247415"><ele>249.447</ele><time>2025-08-04T06:11:35.299Z</time></trkpt><trkpt lat="45.998486" lon="12.247458"><ele>250.352</ele><time>2025-08-04T06:11:38.299Z</time></trkpt><trkpt lat="45.998536" lon="12.247516"><ele>251.095</ele><time>2025-08-04T06:11:41.299Z</time></trkpt><trkpt lat="45.998583" lon="12.247598"><ele>250.960</ele><time>2025-08-04T06:11:44.299Z</time></trkpt><trkpt lat="45.998630" lon="12.247685"><ele>250.682</ele><time>2025-08-04T06:11:46.299Z</time></trkpt><trkpt lat="45.998668" lon="12.247792"><ele>249.650</ele><time>2025-08-04T06:11:48Z</time></trkpt><trkpt lat="45.998685" lon="12.247854"><ele>249.149</ele><time>2025-08-04T06:11:49.299Z</time></trkpt><trkpt lat="45.998722" lon="12.248017"><ele>247.618</ele><time>2025-08-04T06:11:51.299Z</time></trkpt><trkpt lat="45.998747" lon="12.248182"><ele>247.098</ele><time>2025-08-04T06:11:53.299Z</time></trkpt><trkpt lat="45.998777" lon="12.248360"><ele>246.817</ele><time>2025-08-04T06:11:55.299Z</time></trkpt><trkpt lat="45.998807" lon="12.248542"><ele>247.309</ele><time>2025-08-04T06:11:57.299Z</time></trkpt><trkpt lat="45.998827" lon="12.248709"><ele>247.543</ele><time>2025-08-04T06:11:59.299Z</time></trkpt><trkpt lat="45.998832" lon="12.248881"><ele>247.453</ele><time>2025-08-04T06:12:01.299Z</time></trkpt><trkpt lat="45.998797" lon="12.249019"><ele>247.696</ele><time>2025-08-04T06:12:03.299Z</time></trkpt><trkpt lat="45.998742" lon="12.249121"><ele>247.721</ele><time>2025-08-04T06:12:05.299Z</time></trkpt><trkpt lat="45.998682" lon="12.249198"><ele>247.694</ele><time>2025-08-04T06:12:07.299Z</time></trkpt><trkpt lat="45.998650" lon="12.249271"><ele>247.679</ele><time>2025-08-04T06:12:09.299Z</time></trkpt><trkpt lat="45.998633" lon="12.249336"><ele>247.781</ele><time>2025-08-04T06:12:12.299Z</time></trkpt><trkpt lat="45.998650" lon="12.249421"><ele>248.149</ele><time>2025-08-04T06:12:14.299Z</time></trkpt><trkpt lat="45.998670" lon="12.249491"><ele>248.428</ele><time>2025-08-04T06:12:16.299Z</time></trkpt><trkpt lat="45.998692" lon="12.249563"><ele>248.736</ele><time>2025-08-04T06:12:18.299Z</time></trkpt><trkpt lat="45.998705" lon="12.249631"><ele>249.017</ele><time>2025-08-04T06:12:21.299Z</time></trkpt><trkpt lat="45.998718" lon="12.249696"><ele>249.318</ele><time>2025-08-04T06:12:23.299Z</time></trkpt><trkpt lat="45.998733" lon="12.249759"><ele>249.609</ele><time>2025-08-04T06:12:25.299Z</time></trkpt><trkpt lat="45.998748" lon="12.249839"><ele>249.965</ele><time>2025-08-04T06:12:28.299Z</time></trkpt><trkpt lat="45.998765" lon="12.249919"><ele>250.345</ele><time>2025-08-04T06:12:31.299Z</time></trkpt><trkpt lat="45.998787" lon="12.250002"><ele>250.988</ele><time>2025-08-04T06:12:34.299Z</time></trkpt><trkpt lat="45.998820" lon="12.250069"><ele>251.353</ele><time>2025-08-04T06:12:37.299Z</time></trkpt><trkpt lat="45.998877" lon="12.250117"><ele>251.996</ele><time>2025-08-04T06:12:40.299Z</time></trkpt><trkpt lat="45.998919" lon="12.250144"><ele>252.221</ele><time>2025-08-04T06:12:42.299Z</time></trkpt><trkpt lat="45.998982" lon="12.250159"><ele>252.753</ele><time>2025-08-04T06:12:45.299Z</time></trkpt><trkpt lat="45.999032" lon="12.250166"><ele>253.011</ele><time>2025-08-04T06:12:48.299Z</time></trkpt><trkpt lat="45.999089" lon="12.250171"><ele>253.430</ele><time>2025-08-04T06:12:51.299Z</time></trkpt><trkpt lat="45.999176" lon="12.250194"><ele>254.153</ele><time>2025-08-04T06:13:06.299Z</time></trkpt><trkpt lat="45.999231" lon="12.250199"><ele>254.804</ele><time>2025-08-04T06:13:09.299Z</time></trkpt><trkpt lat="45.999294" lon="12.250197"><ele>255.614</ele><time>2025-08-04T06:13:12.299Z</time></trkpt><trkpt lat="45.999351" lon="12.250202"><ele>256.309</ele><time>2025-08-04T06:13:15.299Z</time></trkpt><trkpt lat="45.999398" lon="12.250200"><ele>256.917</ele><time>2025-08-04T06:13:18.299Z</time></trkpt><trkpt lat="45.999443" lon="12.250183"><ele>257.387</ele><time>2025-08-04T06:13:20.299Z</time></trkpt><trkpt lat="45.999488" lon="12.250156"><ele>257.750</ele><time>2025-08-04T06:13:23.299Z</time></trkpt><trkpt lat="45.999526" lon="12.250121"><ele>258.115</ele><time>2025-08-04T06:13:26.299Z</time></trkpt><trkpt lat="45.999563" lon="12.250071"><ele>258.468</ele><time>2025-08-04T06:13:29.299Z</time></trkpt><trkpt lat="45.999593" lon="12.250019"><ele>258.763</ele><time>2025-08-04T06:13:32.299Z</time></trkpt><trkpt lat="45.999611" lon="12.249952"><ele>259.185</ele><time>2025-08-04T06:13:35.299Z</time></trkpt><trkpt lat="45.999621" lon="12.249874"><ele>259.683</ele><time>2025-08-04T06:13:38.299Z</time></trkpt><trkpt lat="45.999629" lon="12.249804"><ele>260.072</ele><time>2025-08-04T06:13:41.299Z</time></trkpt><trkpt lat="45.999626" lon="12.249739"><ele>260.268</ele><time>2025-08-04T06:13:44.299Z</time></trkpt><trkpt lat="45.999623" lon="12.249666"><ele>260.642</ele><time>2025-08-04T06:13:47.299Z</time></trkpt><trkpt lat="45.999620" lon="12.249581"><ele>261.226</ele><time>2025-08-04T06:13:50.299Z</time></trkpt><trkpt lat="45.999610" lon="12.249501"><ele>261.509</ele><time>2025-08-04T06:13:53.299Z</time></trkpt><trkpt lat="45.999603" lon="12.249423"><ele>261.968</ele><time>2025-08-04T06:13:56.299Z</time></trkpt><trkpt lat="45.999593" lon="12.249351"><ele>262.088</ele><time>2025-08-04T06:13:59.299Z</time></trkpt><trkpt lat="45.999580" lon="12.249279"><ele>262.121</ele><time>2025-08-04T06:14:02.299Z</time></trkpt><trkpt lat="45.999557" lon="12.249212"><ele>261.716</ele><time>2025-08-04T06:14:05.299Z</time></trkpt><trkpt lat="45.999522" lon="12.249152"><ele>261.079</ele><time>2025-08-04T06:14:08.299Z</time></trkpt><trkpt lat="45.999509" lon="12.249067"><ele>261.834</ele><time>2025-08-04T06:14:11.299Z</time></trkpt><trkpt lat="45.999499" lon="12.249002"><ele>262.386</ele><time>2025-08-04T06:14:13.299Z</time></trkpt><trkpt lat="45.999494" lon="12.248935"><ele>263.164</ele><time>2025-08-04T06:14:15.299Z</time></trkpt><trkpt lat="45.999524" lon="12.248862"><ele>265.213</ele><time>2025-08-04T06:14:18.299Z</time></trkpt><trkpt lat="45.999574" lon="12.248867"><ele>267.023</ele><time>2025-08-04T06:14:21.299Z</time></trkpt><trkpt lat="45.999612" lon="12.248929"><ele>267.583</ele><time>2025-08-04T06:14:24.299Z</time></trkpt><trkpt lat="45.999629" lon="12.248991"><ele>267.211</ele><time>2025-08-04T06:14:27.299Z</time></trkpt><trkpt lat="45.999654" lon="12.249061"><ele>267.109</ele><time>2025-08-04T06:14:30.299Z</time></trkpt><trkpt lat="45.999672" lon="12.249123"><ele>266.874</ele><time>2025-08-04T06:14:33Z</time></trkpt><trkpt lat="45.999687" lon="12.249191"><ele>266.664</ele><time>2025-08-04T06:14:37.299Z</time></trkpt><trkpt lat="45.999709" lon="12.249261"><ele>266.887</ele><time>2025-08-04T06:14:40.299Z</time></trkpt><trkpt lat="45.999736" lon="12.249336"><ele>267.532</ele><time>2025-08-04T06:14:43.299Z</time></trkpt><trkpt lat="45.999768" lon="12.249394"><ele>268.655</ele><time>2025-08-04T06:14:46.299Z</time></trkpt><trkpt lat="45.999793" lon="12.249457"><ele>269.270</ele><time>2025-08-04T06:14:49.299Z</time></trkpt><trkpt lat="45.999808" lon="12.249534"><ele>268.972</ele><time>2025-08-04T06:14:52.299Z</time></trkpt><trkpt lat="45.999816" lon="12.249602"><ele>268.510</ele><time>2025-08-04T06:14:55.299Z</time></trkpt><trkpt lat="45.999858" lon="12.249669"><ele>269.539</ele><time>2025-08-04T06:14:58.299Z</time></trkpt><trkpt lat="45.999888" lon="12.249722"><ele>270.275</ele><time>2025-08-04T06:15:00.299Z</time></trkpt><trkpt lat="45.999918" lon="12.249797"><ele>270.928</ele><time>2025-08-04T06:15:03.299Z</time></trkpt><trkpt lat="45.999940" lon="12.249864"><ele>271.420</ele><time>2025-08-04T06:15:06.299Z</time></trkpt><trkpt lat="45.999975" lon="12.249929"><ele>272.409</ele><time>2025-08-04T06:15:09.299Z</time></trkpt><trkpt lat="46.000000" lon="12.249994"><ele>273.059</ele><time>2025-08-04T06:15:12.299Z</time></trkpt><trkpt lat="46.000030" lon="12.250047"><ele>276.139</ele><time>2025-08-04T06:15:14.299Z</time></trkpt><trkpt lat="46.000067" lon="12.250104"><ele>276.242</ele><time>2025-08-04T06:15:16.299Z</time></trkpt><trkpt lat="46.000099" lon="12.250172"><ele>276.037</ele><time>2025-08-04T06:15:19.299Z</time></trkpt><trkpt lat="46.000136" lon="12.250237"><ele>276.090</ele><time>2025-08-04T06:15:22.299Z</time></trkpt><trkpt lat="46.000166" lon="12.250290"><ele>276.185</ele><time>2025-08-04T06:15:25.299Z</time></trkpt><trkpt lat="46.000209" lon="12.250350"><ele>276.647</ele><time>2025-08-04T06:15:28.299Z</time></trkpt><trkpt lat="46.000249" lon="12.250410"><ele>276.915</ele><time>2025-08-04T06:15:31.299Z</time></trkpt><trkpt lat="46.000281" lon="12.250473"><ele>277.094</ele><time>2025-08-04T06:15:34.299Z</time></trkpt><trkpt lat="46.000304" lon="12.250538"><ele>277.158</ele><time>2025-08-04T06:15:37.299Z</time></trkpt><trkpt lat="46.000334" lon="12.250598"><ele>277.752</ele><time>2025-08-04T06:15:40.299Z</time></trkpt><trkpt lat="46.000369" lon="12.250660"><ele>278.417</ele><time>2025-08-04T06:15:43.299Z</time></trkpt><trkpt lat="46.000411" lon="12.250723"><ele>279.309</ele><time>2025-08-04T06:15:46.299Z</time></trkpt><trkpt lat="46.000443" lon="12.250783"><ele>279.857</ele><time>2025-08-04T06:15:49.299Z</time></trkpt><trkpt lat="46.000471" lon="12.250840"><ele>280.217</ele><time>2025-08-04T06:15:52.299Z</time></trkpt><trkpt lat="46.000499" lon="12.250908"><ele>280.430</ele><time>2025-08-04T06:15:55.299Z</time></trkpt><trkpt lat="46.000531" lon="12.250975"><ele>280.785</ele><time>2025-08-04T06:15:58.299Z</time></trkpt><trkpt lat="46.000573" lon="12.251040"><ele>281.458</ele><time>2025-08-04T06:16:01.299Z</time></trkpt><trkpt lat="46.000601" lon="12.251102"><ele>281.713</ele><time>2025-08-04T06:16:04.299Z</time></trkpt><trkpt lat="46.000629" lon="12.251170"><ele>282.255</ele><time>2025-08-04T06:16:07.299Z</time></trkpt><trkpt lat="46.000666" lon="12.251237"><ele>282.913</ele><time>2025-08-04T06:16:11.299Z</time></trkpt><trkpt lat="46.000691" lon="12.251304"><ele>283.122</ele><time>2025-08-04T06:16:14.299Z</time></trkpt><trkpt lat="46.000716" lon="12.251371"><ele>283.496</ele><time>2025-08-04T06:16:17.299Z</time></trkpt><trkpt lat="46.000759" lon="12.251426"><ele>284.331</ele><time>2025-08-04T06:16:20.299Z</time></trkpt><trkpt lat="46.000791" lon="12.251483"><ele>284.724</ele><time>2025-08-04T06:16:23.299Z</time></trkpt><trkpt lat="46.000823" lon="12.251538"><ele>285.109</ele><time>2025-08-04T06:16:26.299Z</time></trkpt><trkpt lat="46.000856" lon="12.251595"><ele>285.481</ele><time>2025-08-04T06:16:29.299Z</time></trkpt><trkpt lat="46.000894" lon="12.251648"><ele>285.861</ele><time>2025-08-04T06:16:32.299Z</time></trkpt><trkpt lat="46.000941" lon="12.251693"><ele>286.344</ele><time>2025-08-04T06:16:35.299Z</time></trkpt><trkpt lat="46.000996" lon="12.251735"><ele>286.889</ele><time>2025-08-04T06:16:38.299Z</time></trkpt><trkpt lat="46.001046" lon="12.251772"><ele>287.382</ele><time>2025-08-04T06:16:41.299Z</time></trkpt><trkpt lat="46.001101" lon="12.251805"><ele>287.877</ele><time>2025-08-04T06:16:44.300Z</time></trkpt><trkpt lat="46.001154" lon="12.251813"><ele>288.689</ele><time>2025-08-04T06:16:47.300Z</time></trkpt><trkpt lat="46.001199" lon="12.251810"><ele>289.567</ele><time>2025-08-04T06:16:49.300Z</time></trkpt><trkpt lat="46.001252" lon="12.251810"><ele>290.446</ele><time>2025-08-04T06:16:52.300Z</time></trkpt><trkpt lat="46.001309" lon="12.251818"><ele>291.278</ele><time>2025-08-04T06:16:55.300Z</time></trkpt><trkpt lat="46.001366" lon="12.251813"><ele>292.433</ele><time>2025-08-04T06:16:58.300Z</time></trkpt><trkpt lat="46.001418" lon="12.251823"><ele>293.126</ele><time>2025-08-04T06:17:01.300Z</time></trkpt><trkpt lat="46.001466" lon="12.251855"><ele>293.309</ele><time>2025-08-04T06:17:04.300Z</time></trkpt><trkpt lat="46.001501" lon="12.251905"><ele>293.069</ele><time>2025-08-04T06:17:07.300Z</time></trkpt><trkpt lat="46.001513" lon="12.251972"><ele>292.759</ele><time>2025-08-04T06:17:10.300Z</time></trkpt><trkpt lat="46.001525" lon="12.252040"><ele>293.482</ele><time>2025-08-04T06:17:13.300Z</time></trkpt><trkpt lat="46.001545" lon="12.252103"><ele>294.447</ele><time>2025-08-04T06:17:16.300Z</time></trkpt><trkpt lat="46.001567" lon="12.252186"><ele>295.680</ele><time>2025-08-04T06:19:30Z</time></trkpt><trkpt lat="46.001572" lon="12.252281"><ele>296.225</ele><time>2025-08-04T06:19:33.300Z</time></trkpt><trkpt lat="46.001572" lon="12.252354"><ele>296.687</ele><time>2025-08-04T06:19:36.300Z</time></trkpt><trkpt lat="46.001567" lon="12.252436"><ele>296.835</ele><time>2025-08-04T06:19:40.300Z</time></trkpt><trkpt lat="46.001560" lon="12.252506"><ele>296.974</ele><time>2025-08-04T06:19:43.300Z</time></trkpt><trkpt lat="46.001568" lon="12.252583"><ele>296.934</ele><time>2025-08-04T06:19:46.300Z</time></trkpt><trkpt lat="46.001581" lon="12.252651"><ele>297.255</ele><time>2025-08-04T06:19:49.300Z</time></trkpt><trkpt lat="46.001604" lon="12.252728"><ele>297.810</ele><time>2025-08-04T06:19:53.300Z</time></trkpt><trkpt lat="46.001634" lon="12.252796"><ele>298.509</ele><time>2025-08-04T06:19:56.300Z</time></trkpt><trkpt lat="46.001664" lon="12.252864"><ele>298.425</ele><time>2025-08-04T06:20:00.300Z</time></trkpt><trkpt lat="46.001691" lon="12.252932"><ele>298.185</ele><time>2025-08-04T06:20:03.300Z</time></trkpt><trkpt lat="46.001731" lon="12.252984"><ele>298.568</ele><time>2025-08-04T06:20:06.300Z</time></trkpt><trkpt lat="46.001779" lon="12.253027"><ele>299.553</ele><time>2025-08-04T06:20:09.300Z</time></trkpt><trkpt lat="46.001834" lon="12.253080"><ele>300.596</ele><time>2025-08-04T06:20:13.300Z</time></trkpt><trkpt lat="46.001884" lon="12.253098"><ele>301.931</ele><time>2025-08-04T06:20:15.300Z</time></trkpt><trkpt lat="46.001936" lon="12.253113"><ele>303.463</ele><time>2025-08-04T06:20:18.300Z</time></trkpt><trkpt lat="46.001986" lon="12.253115"><ele>304.891</ele><time>2025-08-04T06:20:21.300Z</time></trkpt><trkpt lat="46.002036" lon="12.253122"><ele>305.910</ele><time>2025-08-04T06:20:24.300Z</time></trkpt><trkpt lat="46.002086" lon="12.253144"><ele>306.714</ele><time>2025-08-04T06:20:27.300Z</time></trkpt><trkpt lat="46.002133" lon="12.253146"><ele>307.854</ele><time>2025-08-04T06:20:30.300Z</time></trkpt><trkpt lat="46.002186" lon="12.253161"><ele>308.809</ele><time>2025-08-04T06:20:33.300Z</time></trkpt><trkpt lat="46.002234" lon="12.253168"><ele>309.809</ele><time>2025-08-04T06:20:36.300Z</time></trkpt><trkpt lat="46.002289" lon="12.253195"><ele>310.443</ele><time>2025-08-04T06:20:39.300Z</time></trkpt><trkpt lat="46.002336" lon="12.253200"><ele>311.333</ele><time>2025-08-04T06:20:42.300Z</time></trkpt><trkpt lat="46.002394" lon="12.253213"><ele>312.396</ele><time>2025-08-04T06:20:46.300Z</time></trkpt><trkpt lat="46.002439" lon="12.253246"><ele>312.631</ele><time>2025-08-04T06:20:49.300Z</time></trkpt><trkpt lat="46.002492" lon="12.253281"><ele>313.024</ele><time>2025-08-04T06:20:53.300Z</time></trkpt><trkpt lat="46.002534" lon="12.253326"><ele>312.929</ele><time>2025-08-04T06:20:56.300Z</time></trkpt><trkpt lat="46.002584" lon="12.253359"><ele>313.391</ele><time>2025-08-04T06:20:59.300Z</time></trkpt><trkpt lat="46.002637" lon="12.253394"><ele>313.839</ele><time>2025-08-04T06:21:02.300Z</time></trkpt><trkpt lat="46.002687" lon="12.253429"><ele>314.158</ele><time>2025-08-04T06:21:05.300Z</time></trkpt><trkpt lat="46.002740" lon="12.253451"><ele>314.759</ele><time>2025-08-04T06:21:08.300Z</time></trkpt><trkpt lat="46.002795" lon="12.253468"><ele>315.203</ele><time>2025-08-04T06:21:11.300Z</time></trkpt><trkpt lat="46.002852" lon="12.253491"><ele>314.923</ele><time>2025-08-04T06:21:14.300Z</time></trkpt><trkpt lat="46.002902" lon="12.253496"><ele>315.009</ele><time>2025-08-04T06:21:17.300Z</time></trkpt><trkpt lat="46.002952" lon="12.253501"><ele>315.177</ele><time>2025-08-04T06:21:20.300Z</time></trkpt><trkpt lat="46.003002" lon="12.253479"><ele>315.747</ele><time>2025-08-04T06:21:23.300Z</time></trkpt><trkpt lat="46.003040" lon="12.253414"><ele>316.830</ele><time>2025-08-04T06:21:26.300Z</time></trkpt><trkpt lat="46.003033" lon="12.253334"><ele>318.065</ele><time>2025-08-04T06:21:29.300Z</time></trkpt><trkpt lat="46.002983" lon="12.253281"><ele>319.218</ele><time>2025-08-04T06:21:33.300Z</time></trkpt><trkpt lat="46.002933" lon="12.253251"><ele>319.883</ele><time>2025-08-04T06:21:36.300Z</time></trkpt><trkpt lat="46.002881" lon="12.253224"><ele>320.365</ele><time>2025-08-04T06:21:40.300Z</time></trkpt><trkpt lat="46.002834" lon="12.253221"><ele>320.263</ele><time>2025-08-04T06:21:43.300Z</time></trkpt><trkpt lat="46.002782" lon="12.253219"><ele>320.122</ele><time>2025-08-04T06:21:46.300Z</time></trkpt><trkpt lat="46.002732" lon="12.253202"><ele>319.546</ele><time>2025-08-04T06:21:49.300Z</time></trkpt><trkpt lat="46.002689" lon="12.253175"><ele>319.188</ele><time>2025-08-04T06:21:53.300Z</time></trkpt><trkpt lat="46.002659" lon="12.253097"><ele>320.116</ele><time>2025-08-04T06:21:56.300Z</time></trkpt><trkpt lat="46.002651" lon="12.253030"><ele>321.309</ele><time>2025-08-04T06:21:59.300Z</time></trkpt><trkpt lat="46.002686" lon="12.252977"><ele>323.166</ele><time>2025-08-04T06:22:02.300Z</time></trkpt><trkpt lat="46.002734" lon="12.252957"><ele>324.456</ele><time>2025-08-04T06:22:05.300Z</time></trkpt><trkpt lat="46.002787" lon="12.252952"><ele>325.369</ele><time>2025-08-04T06:22:08.300Z</time></trkpt><trkpt lat="46.002840" lon="12.252932"><ele>326.164</ele><time>2025-08-04T06:22:11.300Z</time></trkpt><trkpt lat="46.002895" lon="12.252919"><ele>326.897</ele><time>2025-08-04T06:22:15.300Z</time></trkpt><trkpt lat="46.002947" lon="12.252919"><ele>327.212</ele><time>2025-08-04T06:22:18.300Z</time></trkpt><trkpt lat="46.002995" lon="12.252917"><ele>327.634</ele><time>2025-08-04T06:22:22.300Z</time></trkpt><trkpt lat="46.003040" lon="12.252889"><ele>328.582</ele><time>2025-08-04T06:22:25Z</time></trkpt><trkpt lat="46.003093" lon="12.252857"><ele>329.121</ele><time>2025-08-04T06:22:28.300Z</time></trkpt><trkpt lat="46.003133" lon="12.252807"><ele>329.991</ele><time>2025-08-04T06:22:31.300Z</time></trkpt><trkpt lat="46.003176" lon="12.252760"><ele>330.581</ele><time>2025-08-04T06:22:34.300Z</time></trkpt><trkpt lat="46.003211" lon="12.252707"><ele>331.219</ele><time>2025-08-04T06:22:37.300Z</time></trkpt><trkpt lat="46.003249" lon="12.252640"><ele>332.009</ele><time>2025-08-04T06:22:40.300Z</time></trkpt><trkpt lat="46.003282" lon="12.252558"><ele>333.091</ele><time>2025-08-04T06:22:43.300Z</time></trkpt><trkpt lat="46.003342" lon="12.252541"><ele>332.571</ele><time>2025-08-04T06:22:47.300Z</time></trkpt><trkpt lat="46.003382" lon="12.252506"><ele>333.354</ele><time>2025-08-04T06:22:50.300Z</time></trkpt><trkpt lat="46.003417" lon="12.252453"><ele>334.839</ele><time>2025-08-04T06:22:53.300Z</time></trkpt><trkpt lat="46.003437" lon="12.252388"><ele>336.522</ele><time>2025-08-04T06:22:56.300Z</time></trkpt><trkpt lat="46.003479" lon="12.252336"><ele>337.577</ele><time>2025-08-04T06:22:59.300Z</time></trkpt><trkpt lat="46.003522" lon="12.252293"><ele>338.089</ele><time>2025-08-04T06:23:03.300Z</time></trkpt><trkpt lat="46.003577" lon="12.252246"><ele>338.267</ele><time>2025-08-04T06:23:07.301Z</time></trkpt><trkpt lat="46.003620" lon="12.252216"><ele>338.326</ele><time>2025-08-04T06:23:09.301Z</time></trkpt><trkpt lat="46.003678" lon="12.252216"><ele>339.512</ele><time>2025-08-04T06:23:12.301Z</time></trkpt><trkpt lat="46.003720" lon="12.252271"><ele>340.032</ele><time>2025-08-04T06:23:15.301Z</time></trkpt><trkpt lat="46.003748" lon="12.252344"><ele>340.305</ele><time>2025-08-04T06:23:18.301Z</time></trkpt><trkpt lat="46.003753" lon="12.252422"><ele>340.009</ele><time>2025-08-04T06:23:21.301Z</time></trkpt><trkpt lat="46.003741" lon="12.252494"><ele>339.213</ele><time>2025-08-04T06:23:24.301Z</time></trkpt><trkpt lat="46.003696" lon="12.252524"><ele>337.833</ele><time>2025-08-04T06:23:26.301Z</time></trkpt><trkpt lat="46.003709" lon="12.252657"><ele>338.256</ele><time>2025-08-04T06:23:33.301Z</time></trkpt><trkpt lat="46.003784" lon="12.252832"><ele>340.391</ele><time>2025-08-04T06:23:44.301Z</time></trkpt><trkpt lat="46.003814" lon="12.252890"><ele>340.934</ele><time>2025-08-04T06:23:47.301Z</time></trkpt><trkpt lat="46.003857" lon="12.252942"><ele>341.929</ele><time>2025-08-04T06:23:49.301Z</time></trkpt><trkpt lat="46.003925" lon="12.253034"><ele>343.181</ele><time>2025-08-04T06:23:53.301Z</time></trkpt><trkpt lat="46.003952" lon="12.253087"><ele>343.059</ele><time>2025-08-04T06:23:56.301Z</time></trkpt><trkpt lat="46.004019" lon="12.253162"><ele>343.768</ele><time>2025-08-04T06:24:01.301Z</time></trkpt><trkpt lat="46.004057" lon="12.253220"><ele>344.134</ele><time>2025-08-04T06:24:04.301Z</time></trkpt><trkpt lat="46.004090" lon="12.253267"><ele>344.755</ele><time>2025-08-04T06:24:06Z</time></trkpt><trkpt lat="46.004120" lon="12.253327"><ele>345.210</ele><time>2025-08-04T06:24:08.301Z</time></trkpt><trkpt lat="46.004137" lon="12.253404"><ele>345.009</ele><time>2025-08-04T06:24:11.301Z</time></trkpt><trkpt lat="46.004174" lon="12.253464"><ele>345.985</ele><time>2025-08-04T06:24:15.301Z</time></trkpt><trkpt lat="46.004211" lon="12.253529"><ele>346.995</ele><time>2025-08-04T06:24:18.301Z</time></trkpt><trkpt lat="46.004236" lon="12.253604"><ele>347.398</ele><time>2025-08-04T06:24:21.301Z</time></trkpt><trkpt lat="46.004266" lon="12.253677"><ele>348.163</ele><time>2025-08-04T06:24:24.301Z</time></trkpt><trkpt lat="46.004279" lon="12.253745"><ele>348.176</ele><time>2025-08-04T06:24:26.301Z</time></trkpt><trkpt lat="46.004296" lon="12.253833"><ele>348.121</ele><time>2025-08-04T06:24:29.301Z</time></trkpt><trkpt lat="46.004301" lon="12.253903"><ele>347.783</ele><time>2025-08-04T06:24:32.301Z</time></trkpt><trkpt lat="46.004309" lon="12.253983"><ele>347.691</ele><time>2025-08-04T06:24:36.301Z</time></trkpt><trkpt lat="46.004319" lon="12.254046"><ele>347.890</ele><time>2025-08-04T06:24:39.301Z</time></trkpt><trkpt lat="46.004367" lon="12.254089"><ele>349.799</ele><time>2025-08-04T06:24:42.301Z</time></trkpt><trkpt lat="46.004414" lon="12.254064"><ele>352.007</ele><time>2025-08-04T06:24:45.301Z</time></trkpt><trkpt lat="46.004446" lon="12.254012"><ele>353.627</ele><time>2025-08-04T06:24:48.301Z</time></trkpt><trkpt lat="46.004448" lon="12.253944"><ele>354.009</ele><time>2025-08-04T06:24:52.301Z</time></trkpt><trkpt lat="46.004410" lon="12.253842"><ele>353.021</ele><time>2025-08-04T06:24:59.301Z</time></trkpt><trkpt lat="46.004393" lon="12.253762"><ele>353.131</ele><time>2025-08-04T06:25:02.301Z</time></trkpt><trkpt lat="46.004361" lon="12.253692"><ele>352.334</ele><time>2025-08-04T06:25:05.301Z</time></trkpt><trkpt lat="46.004358" lon="12.253607"><ele>353.059</ele><time>2025-08-04T06:25:10.301Z</time></trkpt><trkpt lat="46.004356" lon="12.253535"><ele>353.562</ele><time>2025-08-04T06:25:13.301Z</time></trkpt><trkpt lat="46.004361" lon="12.253468"><ele>354.367</ele><time>2025-08-04T06:25:16.301Z</time></trkpt><trkpt lat="46.004353" lon="12.253398"><ele>354.559</ele><time>2025-08-04T06:25:19.301Z</time></trkpt><trkpt lat="46.004365" lon="12.253325"><ele>355.697</ele><time>2025-08-04T06:25:22.301Z</time></trkpt><trkpt lat="46.004377" lon="12.253245"><ele>356.756</ele><time>2025-08-04T06:25:25.301Z</time></trkpt><trkpt lat="46.004395" lon="12.253168"><ele>358.155</ele><time>2025-08-04T06:25:28.301Z</time></trkpt><trkpt lat="46.004407" lon="12.253085"><ele>359.207</ele><time>2025-08-04T06:25:31.301Z</time></trkpt><trkpt lat="46.004425" lon="12.252988"><ele>360.217</ele><time>2025-08-04T06:25:35.301Z</time></trkpt><trkpt lat="46.004428" lon="12.252913"><ele>360.409</ele><time>2025-08-04T06:25:38.301Z</time></trkpt><trkpt lat="46.004410" lon="12.252830"><ele>359.737</ele><time>2025-08-04T06:25:41.301Z</time></trkpt><trkpt lat="46.004385" lon="12.252762"><ele>359.137</ele><time>2025-08-04T06:25:44.301Z</time></trkpt><trkpt lat="46.004378" lon="12.252692"><ele>359.920</ele><time>2025-08-04T06:25:48.301Z</time></trkpt><trkpt lat="46.004368" lon="12.252619"><ele>360.715</ele><time>2025-08-04T06:25:52.301Z</time></trkpt><trkpt lat="46.004350" lon="12.252542"><ele>361.398</ele><time>2025-08-04T06:25:56.301Z</time></trkpt><trkpt lat="46.004350" lon="12.252447"><ele>362.483</ele><time>2025-08-04T06:25:59.301Z</time></trkpt><trkpt lat="46.004357" lon="12.252380"><ele>363.245</ele><time>2025-08-04T06:26:01.301Z</time></trkpt><trkpt lat="46.004380" lon="12.252293"><ele>364.833</ele><time>2025-08-04T06:26:04.301Z</time></trkpt><trkpt lat="46.004420" lon="12.252246"><ele>366.872</ele><time>2025-08-04T06:26:07.301Z</time></trkpt><trkpt lat="46.004465" lon="12.252241"><ele>368.345</ele><time>2025-08-04T06:26:10.301Z</time></trkpt><trkpt lat="46.004507" lon="12.252274"><ele>368.947</ele><time>2025-08-04T06:26:13.301Z</time></trkpt><trkpt lat="46.004530" lon="12.252337"><ele>368.911</ele><time>2025-08-04T06:26:17.301Z</time></trkpt><trkpt lat="46.004560" lon="12.252405"><ele>369.109</ele><time>2025-08-04T06:26:22.301Z</time></trkpt><trkpt lat="46.004598" lon="12.252445"><ele>369.866</ele><time>2025-08-04T06:26:25.301Z</time></trkpt><trkpt lat="46.004640" lon="12.252487"><ele>370.746</ele><time>2025-08-04T06:26:28.301Z</time></trkpt><trkpt lat="46.004677" lon="12.252527"><ele>371.639</ele><time>2025-08-04T06:26:31.301Z</time></trkpt><trkpt lat="46.004704" lon="12.252600"><ele>372.034</ele><time>2025-08-04T06:26:35.301Z</time></trkpt><trkpt lat="46.004712" lon="12.252673"><ele>372.067</ele><time>2025-08-04T06:26:38.301Z</time></trkpt><trkpt lat="46.004722" lon="12.252748"><ele>372.122</ele><time>2025-08-04T06:26:41Z</time></trkpt><trkpt lat="46.004737" lon="12.252810"><ele>372.684</ele><time>2025-08-04T06:26:43.301Z</time></trkpt><trkpt lat="46.004774" lon="12.252872"><ele>374.292</ele><time>2025-08-04T06:26:45.301Z</time></trkpt><trkpt lat="46.004806" lon="12.252927"><ele>375.541</ele><time>2025-08-04T06:26:47.301Z</time></trkpt><trkpt lat="46.004838" lon="12.253002"><ele>376.753</ele><time>2025-08-04T06:26:50.301Z</time></trkpt><trkpt lat="46.004855" lon="12.253065"><ele>377.304</ele><time>2025-08-04T06:26:53.301Z</time></trkpt><trkpt lat="46.004863" lon="12.253148"><ele>377.714</ele><time>2025-08-04T06:26:57.301Z</time></trkpt><trkpt lat="46.004873" lon="12.253215"><ele>378.309</ele><time>2025-08-04T06:27:00.301Z</time></trkpt><trkpt lat="46.004868" lon="12.253287"><ele>378.387</ele><time>2025-08-04T06:27:04.301Z</time></trkpt><trkpt lat="46.004873" lon="12.253355"><ele>378.657</ele><time>2025-08-04T06:27:08.301Z</time></trkpt><trkpt lat="46.004875" lon="12.253428"><ele>378.730</ele><time>2025-08-04T06:27:11.301Z</time></trkpt><trkpt lat="46.004893" lon="12.253505"><ele>379.725</ele><time>2025-08-04T06:27:14.301Z</time></trkpt><trkpt lat="46.004915" lon="12.253633"><ele>381.238</ele><time>2025-08-04T06:27:20.301Z</time></trkpt><trkpt lat="46.004883" lon="12.253728"><ele>379.563</ele><time>2025-08-04T06:27:25.301Z</time></trkpt><trkpt lat="46.004870" lon="12.253800"><ele>378.945</ele><time>2025-08-04T06:27:28.301Z</time></trkpt><trkpt lat="46.004857" lon="12.253873"><ele>378.233</ele><time>2025-08-04T06:27:31.301Z</time></trkpt><trkpt lat="46.004864" lon="12.253961"><ele>378.842</ele><time>2025-08-04T06:27:34.301Z</time></trkpt><trkpt lat="46.004872" lon="12.254049"><ele>379.525</ele><time>2025-08-04T06:27:37.301Z</time></trkpt><trkpt lat="46.004875" lon="12.254122"><ele>379.926</ele><time>2025-08-04T06:27:40.301Z</time></trkpt><trkpt lat="46.004872" lon="12.254200"><ele>379.808</ele><time>2025-08-04T06:27:44.301Z</time></trkpt><trkpt lat="46.004874" lon="12.254273"><ele>379.909</ele><time>2025-08-04T06:27:47.301Z</time></trkpt><trkpt lat="46.004872" lon="12.254343"><ele>379.884</ele><time>2025-08-04T06:27:50.301Z</time></trkpt><trkpt lat="46.004880" lon="12.254421"><ele>380.484</ele><time>2025-08-04T06:27:53.301Z</time></trkpt><trkpt lat="46.004897" lon="12.254493"><ele>381.477</ele><time>2025-08-04T06:27:56.301Z</time></trkpt><trkpt lat="46.004912" lon="12.254556"><ele>382.332</ele><time>2025-08-04T06:27:59.301Z</time></trkpt><trkpt lat="46.004964" lon="12.254584"><ele>385.945</ele><time>2025-08-04T06:28:03.301Z</time></trkpt><trkpt lat="46.005007" lon="12.254561"><ele>389.070</ele><time>2025-08-04T06:28:06.301Z</time></trkpt><trkpt lat="46.005014" lon="12.254478"><ele>389.692</ele><time>2025-08-04T06:28:10.301Z</time></trkpt><trkpt lat="46.005009" lon="12.254411"><ele>389.580</ele><time>2025-08-04T06:28:14.301Z</time></trkpt><trkpt lat="46.004991" lon="12.254336"><ele>388.419</ele><time>2025-08-04T06:28:18.301Z</time></trkpt><trkpt lat="46.004999" lon="12.254249"><ele>388.915</ele><time>2025-08-04T06:28:21.301Z</time></trkpt><trkpt lat="46.005029" lon="12.254171"><ele>390.665</ele><time>2025-08-04T06:28:25.301Z</time></trkpt><trkpt lat="46.005054" lon="12.254114"><ele>391.611</ele><time>2025-08-04T06:28:29.301Z</time></trkpt><trkpt lat="46.005072" lon="12.254036"><ele>392.109</ele><time>2025-08-04T06:28:33.301Z</time></trkpt><trkpt lat="46.005095" lon="12.253959"><ele>392.983</ele><time>2025-08-04T06:28:38.301Z</time></trkpt><trkpt lat="46.005095" lon="12.253881"><ele>392.563</ele><time>2025-08-04T06:28:43.301Z</time></trkpt><trkpt lat="46.005090" lon="12.253799"><ele>392.046</ele><time>2025-08-04T06:28:47.301Z</time></trkpt><trkpt lat="46.005107" lon="12.253704"><ele>392.891</ele><time>2025-08-04T06:28:51Z</time></trkpt><trkpt lat="46.005107" lon="12.253629"><ele>392.684</ele><time>2025-08-04T06:28:54.301Z</time></trkpt><trkpt lat="46.005122" lon="12.253551"><ele>393.219</ele><time>2025-08-04T06:28:59.301Z</time></trkpt><trkpt lat="46.005130" lon="12.253486"><ele>393.321</ele><time>2025-08-04T06:29:01.301Z</time></trkpt><trkpt lat="46.005150" lon="12.253396"><ele>394.029</ele><time>2025-08-04T06:29:04.301Z</time></trkpt><trkpt lat="46.005152" lon="12.253318"><ele>393.688</ele><time>2025-08-04T06:29:07.301Z</time></trkpt><trkpt lat="46.005142" lon="12.253225"><ele>392.485</ele><time>2025-08-04T06:29:10.301Z</time></trkpt><trkpt lat="46.005147" lon="12.253150"><ele>392.189</ele><time>2025-08-04T06:29:12.301Z</time></trkpt><trkpt lat="46.005154" lon="12.253082"><ele>392.117</ele><time>2025-08-04T06:29:14.302Z</time></trkpt><trkpt lat="46.005152" lon="12.253017"><ele>391.809</ele><time>2025-08-04T06:29:16.302Z</time></trkpt><trkpt lat="46.005162" lon="12.252940"><ele>392.570</ele><time>2025-08-04T06:29:19.302Z</time></trkpt><trkpt lat="46.005172" lon="12.252857"><ele>393.280</ele><time>2025-08-04T06:29:22.302Z</time></trkpt><trkpt lat="46.005177" lon="12.252780"><ele>393.653</ele><time>2025-08-04T06:29:25.302Z</time></trkpt><trkpt lat="46.005190" lon="12.252710"><ele>394.718</ele><time>2025-08-04T06:29:28.302Z</time></trkpt><trkpt lat="46.005208" lon="12.252625"><ele>396.321</ele><time>2025-08-04T06:29:31.302Z</time></trkpt><trkpt lat="46.005203" lon="12.252547"><ele>396.616</ele><time>2025-08-04T06:29:34.302Z</time></trkpt><trkpt lat="46.005191" lon="12.252475"><ele>396.318</ele><time>2025-08-04T06:29:37.302Z</time></trkpt><trkpt lat="46.005218" lon="12.252380"><ele>397.936</ele><time>2025-08-04T06:29:40.302Z</time></trkpt><trkpt lat="46.005236" lon="12.252315"><ele>398.835</ele><time>2025-08-04T06:29:42.302Z</time></trkpt><trkpt lat="46.005254" lon="12.252248"><ele>399.814</ele><time>2025-08-04T06:29:44.302Z</time></trkpt><trkpt lat="46.005269" lon="12.252180"><ele>400.454</ele><time>2025-08-04T06:29:46Z</time></trkpt><trkpt lat="46.005286" lon="12.252110"><ele>401.109</ele><time>2025-08-04T06:29:48Z</time></trkpt><trkpt lat="46.005308" lon="12.252045"><ele>402.109</ele><time>2025-08-04T06:29:50.302Z</time></trkpt><trkpt lat="46.005333" lon="12.251983"><ele>403.383</ele><time>2025-08-04T06:29:52.302Z</time></trkpt><trkpt lat="46.005368" lon="12.251930"><ele>405.013</ele><time>2025-08-04T06:29:54.302Z</time></trkpt><trkpt lat="46.005405" lon="12.251868"><ele>406.176</ele><time>2025-08-04T06:29:56.302Z</time></trkpt><trkpt lat="46.005433" lon="12.251813"><ele>406.841</ele><time>2025-08-04T06:29:58.302Z</time></trkpt><trkpt lat="46.005458" lon="12.251750"><ele>407.184</ele><time>2025-08-04T06:30:00.302Z</time></trkpt><trkpt lat="46.005476" lon="12.251663"><ele>406.799</ele><time>2025-08-04T06:30:03.302Z</time></trkpt><trkpt lat="46.005483" lon="12.251571"><ele>407.481</ele><time>2025-08-04T06:30:06.302Z</time></trkpt><trkpt lat="46.005480" lon="12.251506"><ele>407.599</ele><time>2025-08-04T06:30:08.302Z</time></trkpt><trkpt lat="46.005448" lon="12.251443"><ele>407.048</ele><time>2025-08-04T06:30:10.302Z</time></trkpt><trkpt lat="46.005403" lon="12.251393"><ele>406.759</ele><time>2025-08-04T06:30:12.302Z</time></trkpt><trkpt lat="46.005346" lon="12.251370"><ele>406.503</ele><time>2025-08-04T06:30:15.302Z</time></trkpt><trkpt lat="46.005298" lon="12.251365"><ele>405.923</ele><time>2025-08-04T06:30:18.302Z</time></trkpt><trkpt lat="46.005245" lon="12.251367"><ele>404.609</ele><time>2025-08-04T06:30:21.302Z</time></trkpt><trkpt lat="46.005217" lon="12.251312"><ele>405.287</ele><time>2025-08-04T06:30:26.302Z</time></trkpt><trkpt lat="46.005199" lon="12.251245"><ele>406.457</ele><time>2025-08-04T06:30:29.302Z</time></trkpt><trkpt lat="46.005189" lon="12.251177"><ele>407.820</ele><time>2025-08-04T06:30:32.302Z</time></trkpt><trkpt lat="46.005154" lon="12.251102"><ele>408.585</ele><time>2025-08-04T06:30:35.302Z</time></trkpt><trkpt lat="46.005131" lon="12.251030"><ele>408.698</ele><time>2025-08-04T06:30:38.302Z</time></trkpt><trkpt lat="46.005129" lon="12.250965"><ele>409.393</ele><time>2025-08-04T06:30:41.302Z</time></trkpt><trkpt lat="46.005147" lon="12.250898"><ele>410.635</ele><time>2025-08-04T06:30:44.302Z</time></trkpt><trkpt lat="46.005139" lon="12.250816"><ele>411.193</ele><time>2025-08-04T06:30:48.302Z</time></trkpt><trkpt lat="46.005136" lon="12.250736"><ele>411.222</ele><time>2025-08-04T06:30:51.302Z</time></trkpt><trkpt lat="46.005139" lon="12.250669"><ele>411.691</ele><time>2025-08-04T06:30:54.302Z</time></trkpt><trkpt lat="46.005161" lon="12.250609"><ele>412.781</ele><time>2025-08-04T06:30:57.302Z</time></trkpt><trkpt lat="46.005194" lon="12.250559"><ele>414.419</ele><time>2025-08-04T06:31:00.302Z</time></trkpt><trkpt lat="46.005221" lon="12.250497"><ele>415.309</ele><time>2025-08-04T06:31:03.302Z</time></trkpt><trkpt lat="46.005256" lon="12.250437"><ele>416.631</ele><time>2025-08-04T06:31:06.302Z</time></trkpt><trkpt lat="46.005273" lon="12.250370"><ele>417.171</ele><time>2025-08-04T06:31:09.302Z</time></trkpt><trkpt lat="46.005295" lon="12.250312"><ele>417.734</ele><time>2025-08-04T06:31:12.302Z</time></trkpt><trkpt lat="46.005282" lon="12.250247"><ele>417.269</ele><time>2025-08-04T06:31:14.302Z</time></trkpt><trkpt lat="46.005257" lon="12.250167"><ele>416.492</ele><time>2025-08-04T06:31:17.302Z</time></trkpt><trkpt lat="46.005230" lon="12.250099"><ele>415.487</ele><time>2025-08-04T06:31:20.302Z</time></trkpt><trkpt lat="46.005222" lon="12.250034"><ele>415.119</ele><time>2025-08-04T06:31:23.302Z</time></trkpt><trkpt lat="46.005225" lon="12.249956"><ele>415.847</ele><time>2025-08-04T06:31:27Z</time></trkpt><trkpt lat="46.005225" lon="12.249881"><ele>416.516</ele><time>2025-08-04T06:31:30.302Z</time></trkpt><trkpt lat="46.005242" lon="12.249793"><ele>418.283</ele><time>2025-08-04T06:31:33.302Z</time></trkpt><trkpt lat="46.005249" lon="12.249700"><ele>419.625</ele><time>2025-08-04T06:31:36.302Z</time></trkpt><trkpt lat="46.005239" lon="12.249612"><ele>419.817</ele><time>2025-08-04T06:31:39.302Z</time></trkpt><trkpt lat="46.005247" lon="12.249539"><ele>421.009</ele><time>2025-08-04T06:31:42.302Z</time></trkpt><trkpt lat="46.005282" lon="12.249489"><ele>423.780</ele><time>2025-08-04T06:31:45.302Z</time></trkpt><trkpt lat="46.005330" lon="12.249432"><ele>426.450</ele><time>2025-08-04T06:31:48.302Z</time></trkpt><trkpt lat="46.005388" lon="12.249384"><ele>428.883</ele><time>2025-08-04T06:31:51.302Z</time></trkpt><trkpt lat="46.005418" lon="12.249324"><ele>429.728</ele><time>2025-08-04T06:31:54.302Z</time></trkpt><trkpt lat="46.005446" lon="12.249264"><ele>430.421</ele><time>2025-08-04T06:31:58.302Z</time></trkpt><trkpt lat="46.005494" lon="12.249216"><ele>432.036</ele><time>2025-08-04T06:32:02.302Z</time></trkpt><trkpt lat="46.005544" lon="12.249164"><ele>433.578</ele><time>2025-08-04T06:32:05.302Z</time></trkpt><trkpt lat="46.005581" lon="12.249109"><ele>432.676</ele><time>2025-08-04T06:32:08.302Z</time></trkpt><trkpt lat="46.005626" lon="12.249076"><ele>432.335</ele><time>2025-08-04T06:32:11.302Z</time></trkpt><trkpt lat="46.005678" lon="12.249058"><ele>432.753</ele><time>2025-08-04T06:32:14.302Z</time></trkpt><trkpt lat="46.005725" lon="12.249020"><ele>432.304</ele><time>2025-08-04T06:32:18.302Z</time></trkpt><trkpt lat="46.005777" lon="12.248982"><ele>432.014</ele><time>2025-08-04T06:32:23.302Z</time></trkpt><trkpt lat="46.005824" lon="12.248952"><ele>431.909</ele><time>2025-08-04T06:32:26.302Z</time></trkpt><trkpt lat="46.005877" lon="12.248947"><ele>432.867</ele><time>2025-08-04T06:32:29.302Z</time></trkpt><trkpt lat="46.005930" lon="12.248945"><ele>433.967</ele><time>2025-08-04T06:32:33.302Z</time></trkpt><trkpt lat="46.005990" lon="12.248937"><ele>434.940</ele><time>2025-08-04T06:32:37.302Z</time></trkpt><trkpt lat="46.006040" lon="12.248910"><ele>435.195</ele><time>2025-08-04T06:32:40.302Z</time></trkpt><trkpt lat="46.006095" lon="12.248830"><ele>434.528</ele><time>2025-08-04T06:32:47.302Z</time></trkpt><trkpt lat="46.006107" lon="12.248740"><ele>433.253</ele><time>2025-08-04T06:32:50.302Z</time></trkpt><trkpt lat="46.006135" lon="12.248670"><ele>432.945</ele><time>2025-08-04T06:32:53.302Z</time></trkpt><trkpt lat="46.006157" lon="12.248610"><ele>432.743</ele><time>2025-08-04T06:32:56.302Z</time></trkpt><trkpt lat="46.006192" lon="12.248543"><ele>433.962</ele><time>2025-08-04T06:32:59.302Z</time></trkpt><trkpt lat="46.006237" lon="12.248476"><ele>435.599</ele><time>2025-08-04T06:33:02.302Z</time></trkpt><trkpt lat="46.006275" lon="12.248439"><ele>436.907</ele><time>2025-08-04T06:33:04.302Z</time></trkpt><trkpt lat="46.006323" lon="12.248394"><ele>438.627</ele><time>2025-08-04T06:33:07.302Z</time></trkpt><trkpt lat="46.006368" lon="12.248376"><ele>440.209</ele><time>2025-08-04T06:33:10.302Z</time></trkpt><trkpt lat="46.006418" lon="12.248396"><ele>441.741</ele><time>2025-08-04T06:33:14.302Z</time></trkpt><trkpt lat="46.006451" lon="12.248448"><ele>442.631</ele><time>2025-08-04T06:33:17.302Z</time></trkpt><trkpt lat="46.006484" lon="12.248495"><ele>443.484</ele><time>2025-08-04T06:33:20.302Z</time></trkpt><trkpt lat="46.006497" lon="12.248570"><ele>443.719</ele><time>2025-08-04T06:33:24.302Z</time></trkpt><trkpt lat="46.006477" lon="12.248637"><ele>443.552</ele><time>2025-08-04T06:33:28.302Z</time></trkpt><trkpt lat="46.006467" lon="12.248700"><ele>443.877</ele><time>2025-08-04T06:33:32.302Z</time></trkpt><trkpt lat="46.006444" lon="12.248798"><ele>444.399</ele><time>2025-08-04T06:33:38.302Z</time></trkpt><trkpt lat="46.006451" lon="12.248863"><ele>445.167</ele><time>2025-08-04T06:33:41.302Z</time></trkpt><trkpt lat="46.006428" lon="12.248946"><ele>445.876</ele><time>2025-08-04T06:33:45.302Z</time></trkpt><trkpt lat="46.006418" lon="12.249028"><ele>447.121</ele><time>2025-08-04T06:33:48.302Z</time></trkpt><trkpt lat="46.006421" lon="12.249110"><ele>448.641</ele><time>2025-08-04T06:33:52.302Z</time></trkpt><trkpt lat="46.006391" lon="12.249165"><ele>449.005</ele><time>2025-08-04T06:33:55.302Z</time></trkpt><trkpt lat="46.006336" lon="12.249240"><ele>449.709</ele><time>2025-08-04T06:33:59.302Z</time></trkpt><trkpt lat="46.006298" lon="12.249282"><ele>450.094</ele><time>2025-08-04T06:34:02.302Z</time></trkpt><trkpt lat="46.006255" lon="12.249312"><ele>450.244</ele><time>2025-08-04T06:34:05.302Z</time></trkpt><trkpt lat="46.006200" lon="12.249367"><ele>450.937</ele><time>2025-08-04T06:34:08.302Z</time></trkpt><trkpt lat="46.006173" lon="12.249457"><ele>452.692</ele><time>2025-08-04T06:34:11.302Z</time></trkpt><trkpt lat="46.006155" lon="12.249519"><ele>452.955</ele><time>2025-08-04T06:34:13.302Z</time></trkpt><trkpt lat="46.006183" lon="12.249581"><ele>453.860</ele><time>2025-08-04T06:34:17.302Z</time></trkpt><trkpt lat="46.006236" lon="12.249606"><ele>454.652</ele><time>2025-08-04T06:34:20.302Z</time></trkpt><trkpt lat="46.006291" lon="12.249628"><ele>455.540</ele><time>2025-08-04T06:34:24.302Z</time></trkpt><trkpt lat="46.006336" lon="12.249615"><ele>455.869</ele><time>2025-08-04T06:34:27.302Z</time></trkpt><trkpt lat="46.006383" lon="12.249628"><ele>456.662</ele><time>2025-08-04T06:34:30.302Z</time></trkpt><trkpt lat="46.006436" lon="12.249646"><ele>457.483</ele><time>2025-08-04T06:34:33.302Z</time></trkpt><trkpt lat="46.006498" lon="12.249666"><ele>458.411</ele><time>2025-08-04T06:34:38.302Z</time></trkpt><trkpt lat="46.006550" lon="12.249689"><ele>459.309</ele><time>2025-08-04T06:34:41.302Z</time></trkpt><trkpt lat="46.006605" lon="12.249679"><ele>459.778</ele><time>2025-08-04T06:34:45.302Z</time></trkpt><trkpt lat="46.006655" lon="12.249647"><ele>459.888</ele><time>2025-08-04T06:34:48.302Z</time></trkpt><trkpt lat="46.006693" lon="12.249607"><ele>460.061</ele><time>2025-08-04T06:34:50.302Z</time></trkpt><trkpt lat="46.006735" lon="12.249547"><ele>460.326</ele><time>2025-08-04T06:34:53.302Z</time></trkpt><trkpt lat="46.006770" lon="12.249479"><ele>460.499</ele><time>2025-08-04T06:34:57Z</time></trkpt><trkpt lat="46.006802" lon="12.249417"><ele>460.634</ele><time>2025-08-04T06:35:00.302Z</time></trkpt><trkpt lat="46.006832" lon="12.249364"><ele>461.176</ele><time>2025-08-04T06:35:03.302Z</time></trkpt><trkpt lat="46.006870" lon="12.249306"><ele>461.714</ele><time>2025-08-04T06:35:06.303Z</time></trkpt><trkpt lat="46.006907" lon="12.249251"><ele>462.413</ele><time>2025-08-04T06:35:09.303Z</time></trkpt><trkpt lat="46.006937" lon="12.249191"><ele>462.926</ele><time>2025-08-04T06:35:12.303Z</time></trkpt><trkpt lat="46.006965" lon="12.249128"><ele>463.347</ele><time>2025-08-04T06:35:15.303Z</time></trkpt><trkpt lat="46.006993" lon="12.249068"><ele>463.711</ele><time>2025-08-04T06:35:18.303Z</time></trkpt><trkpt lat="46.007026" lon="12.249003"><ele>464.309</ele><time>2025-08-04T06:35:21.303Z</time></trkpt><trkpt lat="46.007056" lon="12.248941"><ele>464.914</ele><time>2025-08-04T06:35:24.303Z</time></trkpt><trkpt lat="46.007083" lon="12.248873"><ele>465.334</ele><time>2025-08-04T06:35:27Z</time></trkpt><trkpt lat="46.007110" lon="12.248816"><ele>465.927</ele><time>2025-08-04T06:35:30.303Z</time></trkpt><trkpt lat="46.007128" lon="12.248754"><ele>466.132</ele><time>2025-08-04T06:35:33Z</time></trkpt><trkpt lat="46.007163" lon="12.248704"><ele>467.255</ele><time>2025-08-04T06:35:36.303Z</time></trkpt><trkpt lat="46.007208" lon="12.248647"><ele>468.790</ele><time>2025-08-04T06:35:39.303Z</time></trkpt><trkpt lat="46.007246" lon="12.248595"><ele>469.932</ele><time>2025-08-04T06:35:42.303Z</time></trkpt><trkpt lat="46.007279" lon="12.248538"><ele>471.270</ele><time>2025-08-04T06:35:45.303Z</time></trkpt><trkpt lat="46.007302" lon="12.248463"><ele>472.289</ele><time>2025-08-04T06:35:48.303Z</time></trkpt><trkpt lat="46.007285" lon="12.248388"><ele>471.568</ele><time>2025-08-04T06:35:51.303Z</time></trkpt><trkpt lat="46.007277" lon="12.248313"><ele>471.242</ele><time>2025-08-04T06:35:54.303Z</time></trkpt><trkpt lat="46.007282" lon="12.248248"><ele>471.726</ele><time>2025-08-04T06:35:57.303Z</time></trkpt><trkpt lat="46.007284" lon="12.248160"><ele>472.109</ele><time>2025-08-04T06:36:01Z</time></trkpt><trkpt lat="46.007292" lon="12.248075"><ele>472.748</ele><time>2025-08-04T06:36:05.303Z</time></trkpt><trkpt lat="46.007299" lon="12.248000"><ele>473.018</ele><time>2025-08-04T06:36:08.303Z</time></trkpt><trkpt lat="46.007316" lon="12.247935"><ele>473.731</ele><time>2025-08-04T06:36:11.303Z</time></trkpt><trkpt lat="46.007356" lon="12.247865"><ele>475.316</ele><time>2025-08-04T06:36:14.303Z</time></trkpt><trkpt lat="46.007378" lon="12.247787"><ele>476.249</ele><time>2025-08-04T06:36:17.303Z</time></trkpt><trkpt lat="46.007395" lon="12.247719"><ele>476.424</ele><time>2025-08-04T06:36:20.303Z</time></trkpt><trkpt lat="46.007408" lon="12.247652"><ele>476.526</ele><time>2025-08-04T06:36:23.303Z</time></trkpt><trkpt lat="46.007426" lon="12.247579"><ele>476.624</ele><time>2025-08-04T06:36:26.303Z</time></trkpt><trkpt lat="46.007444" lon="12.247504"><ele>476.843</ele><time>2025-08-04T06:36:30.303Z</time></trkpt><trkpt lat="46.007472" lon="12.247451"><ele>477.862</ele><time>2025-08-04T06:36:33.303Z</time></trkpt><trkpt lat="46.007502" lon="12.247389"><ele>479.183</ele><time>2025-08-04T06:36:36.303Z</time></trkpt><trkpt lat="46.007524" lon="12.247319"><ele>479.811</ele><time>2025-08-04T06:36:39.303Z</time></trkpt><trkpt lat="46.007541" lon="12.247257"><ele>480.409</ele><time>2025-08-04T06:36:43.303Z</time></trkpt><trkpt lat="46.007554" lon="12.247185"><ele>480.588</ele><time>2025-08-04T06:36:46.303Z</time></trkpt><trkpt lat="46.007561" lon="12.247108"><ele>480.388</ele><time>2025-08-04T06:36:49.303Z</time></trkpt><trkpt lat="46.007566" lon="12.247026"><ele>480.131</ele><time>2025-08-04T06:36:53.303Z</time></trkpt><trkpt lat="46.007568" lon="12.246941"><ele>479.736</ele><time>2025-08-04T06:36:57.303Z</time></trkpt><trkpt lat="46.007613" lon="12.246901"><ele>481.569</ele><time>2025-08-04T06:37:01.303Z</time></trkpt><trkpt lat="46.007661" lon="12.246919"><ele>483.414</ele><time>2025-08-04T06:37:05.303Z</time></trkpt><trkpt lat="46.007694" lon="12.246991"><ele>484.876</ele><time>2025-08-04T06:37:09.303Z</time></trkpt><trkpt lat="46.007711" lon="12.247091"><ele>485.634</ele><time>2025-08-04T06:37:12.303Z</time></trkpt><trkpt lat="46.007709" lon="12.247166"><ele>485.783</ele><time>2025-08-04T06:37:15.303Z</time></trkpt><trkpt lat="46.007694" lon="12.247228"><ele>485.375</ele><time>2025-08-04T06:37:19.303Z</time></trkpt><trkpt lat="46.007704" lon="12.247310"><ele>486.128</ele><time>2025-08-04T06:37:23.303Z</time></trkpt><trkpt lat="46.007706" lon="12.247388"><ele>486.620</ele><time>2025-08-04T06:37:26.303Z</time></trkpt><trkpt lat="46.007714" lon="12.247470"><ele>487.309</ele><time>2025-08-04T06:37:29.303Z</time></trkpt><trkpt lat="46.007716" lon="12.247535"><ele>487.899</ele><time>2025-08-04T06:37:31.303Z</time></trkpt><trkpt lat="46.007716" lon="12.247615"><ele>488.429</ele><time>2025-08-04T06:37:34.303Z</time></trkpt><trkpt lat="46.007708" lon="12.247693"><ele>488.692</ele><time>2025-08-04T06:37:38.303Z</time></trkpt><trkpt lat="46.007720" lon="12.247770"><ele>489.767</ele><time>2025-08-04T06:37:42.303Z</time></trkpt><trkpt lat="46.007732" lon="12.247862"><ele>490.750</ele><time>2025-08-04T06:37:45.303Z</time></trkpt><trkpt lat="46.007747" lon="12.247934"><ele>491.845</ele><time>2025-08-04T06:37:48.303Z</time></trkpt><trkpt lat="46.007747" lon="12.248009"><ele>492.367</ele><time>2025-08-04T06:37:51.303Z</time></trkpt><trkpt lat="46.007735" lon="12.248074"><ele>492.035</ele><time>2025-08-04T06:37:54.303Z</time></trkpt><trkpt lat="46.007727" lon="12.248144"><ele>491.654</ele><time>2025-08-04T06:37:58.303Z</time></trkpt><trkpt lat="46.007722" lon="12.248224"><ele>491.318</ele><time>2025-08-04T06:38:03.303Z</time></trkpt><trkpt lat="46.007729" lon="12.248301"><ele>491.698</ele><time>2025-08-04T06:38:06.303Z</time></trkpt><trkpt lat="46.007737" lon="12.248374"><ele>491.917</ele><time>2025-08-04T06:38:09.303Z</time></trkpt><trkpt lat="46.007745" lon="12.248441"><ele>492.309</ele><time>2025-08-04T06:38:12.303Z</time></trkpt><trkpt lat="46.007752" lon="12.248509"><ele>492.773</ele><time>2025-08-04T06:38:15.303Z</time></trkpt><trkpt lat="46.007760" lon="12.248591"><ele>493.143</ele><time>2025-08-04T06:38:19.303Z</time></trkpt><trkpt lat="46.007778" lon="12.248661"><ele>494.086</ele><time>2025-08-04T06:38:22.303Z</time></trkpt><trkpt lat="46.007796" lon="12.248736"><ele>494.811</ele><time>2025-08-04T06:38:25.303Z</time></trkpt><trkpt lat="46.007801" lon="12.248803"><ele>495.054</ele><time>2025-08-04T06:38:28.303Z</time></trkpt><trkpt lat="46.007811" lon="12.248866"><ele>495.519</ele><time>2025-08-04T06:38:31.303Z</time></trkpt><trkpt lat="46.007808" lon="12.248931"><ele>496.051</ele><time>2025-08-04T06:38:35.303Z</time></trkpt><trkpt lat="46.007796" lon="12.249009"><ele>496.699</ele><time>2025-08-04T06:38:39.303Z</time></trkpt><trkpt lat="46.007773" lon="12.249071"><ele>496.428</ele><time>2025-08-04T06:38:42.303Z</time></trkpt><trkpt lat="46.007743" lon="12.249121"><ele>495.814</ele><time>2025-08-04T06:38:45.303Z</time></trkpt><trkpt lat="46.007723" lon="12.249179"><ele>495.654</ele><time>2025-08-04T06:38:48.303Z</time></trkpt><trkpt lat="46.007720" lon="12.249244"><ele>496.609</ele><time>2025-08-04T06:38:51.303Z</time></trkpt><trkpt lat="46.007715" lon="12.249314"><ele>497.509</ele><time>2025-08-04T06:38:55.303Z</time></trkpt><trkpt lat="46.007737" lon="12.249404"><ele>500.163</ele><time>2025-08-04T06:38:59.303Z</time></trkpt><trkpt lat="46.007749" lon="12.249474"><ele>501.493</ele><time>2025-08-04T06:39:02Z</time></trkpt><trkpt lat="46.007767" lon="12.249581"><ele>502.036</ele><time>2025-08-04T06:39:07.303Z</time></trkpt><trkpt lat="46.007809" lon="12.249651"><ele>503.261</ele><time>2025-08-04T06:39:10.303Z</time></trkpt><trkpt lat="46.007847" lon="12.249723"><ele>504.024</ele><time>2025-08-04T06:39:13Z</time></trkpt><trkpt lat="46.007882" lon="12.249776"><ele>504.399</ele><time>2025-08-04T06:39:16.303Z</time></trkpt><trkpt lat="46.007922" lon="12.249816"><ele>505.011</ele><time>2025-08-04T06:39:20.303Z</time></trkpt><trkpt lat="46.007984" lon="12.249866"><ele>506.599</ele><time>2025-08-04T06:39:26.303Z</time></trkpt><trkpt lat="46.008067" lon="12.249991"><ele>508.598</ele><time>2025-08-04T06:39:35.303Z</time></trkpt><trkpt lat="46.008112" lon="12.250053"><ele>509.964</ele><time>2025-08-04T06:39:38.303Z</time></trkpt><trkpt lat="46.008144" lon="12.250118"><ele>510.506</ele><time>2025-08-04T06:39:40.303Z</time></trkpt><trkpt lat="46.008166" lon="12.250181"><ele>510.716</ele><time>2025-08-04T06:39:42.303Z</time></trkpt><trkpt lat="46.008206" lon="12.250269"><ele>510.909</ele><time>2025-08-04T06:39:47.303Z</time></trkpt><trkpt lat="46.008228" lon="12.250329"><ele>510.928</ele><time>2025-08-04T06:39:50.303Z</time></trkpt><trkpt lat="46.008286" lon="12.250409"><ele>511.568</ele><time>2025-08-04T06:39:56.303Z</time></trkpt><trkpt lat="46.008339" lon="12.250471"><ele>512.171</ele><time>2025-08-04T06:39:59.303Z</time></trkpt><trkpt lat="46.008376" lon="12.250534"><ele>512.836</ele><time>2025-08-04T06:40:02Z</time></trkpt><trkpt lat="46.008429" lon="12.250651"><ele>512.879</ele><time>2025-08-04T06:40:09.303Z</time></trkpt><trkpt lat="46.008467" lon="12.250706"><ele>513.154</ele><time>2025-08-04T06:40:12.303Z</time></trkpt><trkpt lat="46.008507" lon="12.250768"><ele>513.256</ele><time>2025-08-04T06:40:15.303Z</time></trkpt><trkpt lat="46.008555" lon="12.250825"><ele>513.674</ele><time>2025-08-04T06:40:18.303Z</time></trkpt><trkpt lat="46.008600" lon="12.250877"><ele>513.463</ele><time>2025-08-04T06:40:21.303Z</time></trkpt><trkpt lat="46.008633" lon="12.250940"><ele>512.615</ele><time>2025-08-04T06:40:26.303Z</time></trkpt><trkpt lat="46.008675" lon="12.250972"><ele>513.165</ele><time>2025-08-04T06:40:29.303Z</time></trkpt><trkpt lat="46.008735" lon="12.250997"><ele>514.411</ele><time>2025-08-04T06:40:32.303Z</time></trkpt><trkpt lat="46.008788" lon="12.250979"><ele>516.609</ele><time>2025-08-04T06:40:35.303Z</time></trkpt><trkpt lat="46.008781" lon="12.250914"><ele>517.913</ele><time>2025-08-04T06:40:40.303Z</time></trkpt><trkpt lat="46.008739" lon="12.250862"><ele>518.043</ele><time>2025-08-04T06:40:44Z</time></trkpt><trkpt lat="46.008697" lon="12.250795"><ele>518.466</ele><time>2025-08-04T06:40:48.303Z</time></trkpt><trkpt lat="46.008674" lon="12.250732"><ele>519.281</ele><time>2025-08-04T06:40:51.303Z</time></trkpt><trkpt lat="46.008652" lon="12.250657"><ele>520.214</ele><time>2025-08-04T06:40:54.303Z</time></trkpt><trkpt lat="46.008617" lon="12.250569"><ele>520.949</ele><time>2025-08-04T06:40:59.303Z</time></trkpt><trkpt lat="46.008597" lon="12.250496"><ele>521.711</ele><time>2025-08-04T06:41:05.303Z</time></trkpt><trkpt lat="46.008585" lon="12.250428"><ele>522.799</ele><time>2025-08-04T06:41:08.303Z</time></trkpt><trkpt lat="46.008563" lon="12.250345"><ele>523.448</ele><time>2025-08-04T06:41:11.303Z</time></trkpt><trkpt lat="46.008558" lon="12.250277"><ele>524.577</ele><time>2025-08-04T06:41:14.303Z</time></trkpt><trkpt lat="46.008558" lon="12.250200"><ele>526.161</ele><time>2025-08-04T06:41:18.303Z</time></trkpt><trkpt lat="46.008575" lon="12.250125"><ele>528.527</ele><time>2025-08-04T06:41:22.304Z</time></trkpt><trkpt lat="46.008592" lon="12.250055"><ele>530.909</ele><time>2025-08-04T06:41:25.304Z</time></trkpt><trkpt lat="46.008605" lon="12.249990"><ele>532.899</ele><time>2025-08-04T06:41:29.304Z</time></trkpt><trkpt lat="46.008598" lon="12.249922"><ele>533.279</ele><time>2025-08-04T06:41:33.304Z</time></trkpt><trkpt lat="46.008578" lon="12.249854"><ele>533.052</ele><time>2025-08-04T06:41:35.304Z</time></trkpt><trkpt lat="46.008566" lon="12.249791"><ele>533.157</ele><time>2025-08-04T06:41:37.304Z</time></trkpt><trkpt lat="46.008556" lon="12.249711"><ele>533.580</ele><time>2025-08-04T06:41:40.304Z</time></trkpt><trkpt lat="46.008539" lon="12.249649"><ele>533.355</ele><time>2025-08-04T06:41:43.304Z</time></trkpt><trkpt lat="46.008511" lon="12.249577"><ele>532.737</ele><time>2025-08-04T06:41:48.304Z</time></trkpt><trkpt lat="46.008489" lon="12.249512"><ele>532.545</ele><time>2025-08-04T06:41:52.304Z</time></trkpt><trkpt lat="46.008486" lon="12.249420"><ele>533.284</ele><time>2025-08-04T06:41:57.304Z</time></trkpt><trkpt lat="46.008509" lon="12.249317"><ele>534.781</ele><time>2025-08-04T06:42:01.304Z</time></trkpt><trkpt lat="46.008524" lon="12.249252"><ele>535.761</ele><time>2025-08-04T06:42:03.304Z</time></trkpt><trkpt lat="46.008536" lon="12.249177"><ele>536.717</ele><time>2025-08-04T06:42:06.304Z</time></trkpt><trkpt lat="46.008534" lon="12.249097"><ele>537.009</ele><time>2025-08-04T06:42:09.304Z</time></trkpt><trkpt lat="46.008531" lon="12.249024"><ele>537.330</ele><time>2025-08-04T06:42:12.304Z</time></trkpt><trkpt lat="46.008529" lon="12.248942"><ele>537.640</ele><time>2025-08-04T06:42:15.304Z</time></trkpt><trkpt lat="46.008519" lon="12.248864"><ele>537.163</ele><time>2025-08-04T06:42:18.304Z</time></trkpt><trkpt lat="46.008526" lon="12.248781"><ele>536.868</ele><time>2025-08-04T06:42:22.304Z</time></trkpt><trkpt lat="46.008543" lon="12.248684"><ele>536.991</ele><time>2025-08-04T06:42:28.304Z</time></trkpt><trkpt lat="46.008573" lon="12.248616"><ele>538.096</ele><time>2025-08-04T06:42:31.304Z</time></trkpt><trkpt lat="46.008608" lon="12.248538"><ele>539.348</ele><time>2025-08-04T06:42:34.304Z</time></trkpt><trkpt lat="46.008630" lon="12.248471"><ele>539.996</ele><time>2025-08-04T06:42:37.304Z</time></trkpt><trkpt lat="46.008677" lon="12.248429"><ele>542.015</ele><time>2025-08-04T06:42:39.304Z</time></trkpt><trkpt lat="46.008685" lon="12.248301"><ele>541.458</ele><time>2025-08-04T06:42:42.304Z</time></trkpt><trkpt lat="46.008692" lon="12.248218"><ele>540.852</ele><time>2025-08-04T06:42:44.304Z</time></trkpt><trkpt lat="46.008694" lon="12.248138"><ele>540.117</ele><time>2025-08-04T06:42:46.304Z</time></trkpt><trkpt lat="46.008721" lon="12.248065"><ele>540.609</ele><time>2025-08-04T06:42:49.304Z</time></trkpt><trkpt lat="46.008736" lon="12.247997"><ele>540.787</ele><time>2025-08-04T06:42:53.304Z</time></trkpt><trkpt lat="46.008788" lon="12.247990"><ele>543.217</ele><time>2025-08-04T06:42:57.304Z</time></trkpt><trkpt lat="46.008761" lon="12.248057"><ele>542.630</ele><time>2025-08-04T06:43:02.304Z</time></trkpt><trkpt lat="46.008721" lon="12.248100"><ele>541.085</ele><time>2025-08-04T06:43:06.304Z</time></trkpt><trkpt lat="46.008686" lon="12.248143"><ele>539.718</ele><time>2025-08-04T06:43:09.304Z</time></trkpt><trkpt lat="46.008661" lon="12.248203"><ele>539.173</ele><time>2025-08-04T06:43:12.304Z</time></trkpt><trkpt lat="46.008646" lon="12.248268"><ele>539.185</ele><time>2025-08-04T06:43:15.304Z</time></trkpt><trkpt lat="46.008638" lon="12.248345"><ele>539.423</ele><time>2025-08-04T06:43:18.304Z</time></trkpt><trkpt lat="46.008638" lon="12.248412"><ele>539.962</ele><time>2025-08-04T06:43:21.304Z</time></trkpt><trkpt lat="46.008645" lon="12.248494"><ele>540.967</ele><time>2025-08-04T06:43:24.304Z</time></trkpt><trkpt lat="46.008652" lon="12.248562"><ele>541.781</ele><time>2025-08-04T06:43:27.304Z</time></trkpt><trkpt lat="46.008649" lon="12.248642"><ele>542.119</ele><time>2025-08-04T06:43:30.304Z</time></trkpt><trkpt lat="46.008666" lon="12.248715"><ele>543.509</ele><time>2025-08-04T06:43:33.304Z</time></trkpt><trkpt lat="46.008681" lon="12.248785"><ele>544.878</ele><time>2025-08-04T06:43:36.304Z</time></trkpt><trkpt lat="46.008706" lon="12.248860"><ele>546.658</ele><time>2025-08-04T06:43:39.304Z</time></trkpt><trkpt lat="46.008738" lon="12.248942"><ele>548.341</ele><time>2025-08-04T06:43:42.304Z</time></trkpt><trkpt lat="46.008763" lon="12.248999"><ele>549.576</ele><time>2025-08-04T06:43:44.304Z</time></trkpt><trkpt lat="46.008798" lon="12.249052"><ele>551.419</ele><time>2025-08-04T06:43:47.304Z</time></trkpt><trkpt lat="46.008826" lon="12.249129"><ele>553.174</ele><time>2025-08-04T06:43:51.304Z</time></trkpt><trkpt lat="46.008849" lon="12.249204"><ele>554.276</ele><time>2025-08-04T06:43:56.304Z</time></trkpt><trkpt lat="46.008859" lon="12.249276"><ele>554.064</ele><time>2025-08-04T06:43:59.304Z</time></trkpt><trkpt lat="46.008897" lon="12.249346"><ele>555.433</ele><time>2025-08-04T06:44:03.304Z</time></trkpt><trkpt lat="46.008935" lon="12.249401"><ele>556.679</ele><time>2025-08-04T06:44:06.304Z</time></trkpt><trkpt lat="46.008970" lon="12.249454"><ele>557.605</ele><time>2025-08-04T06:44:09.304Z</time></trkpt><trkpt lat="46.008993" lon="12.249527"><ele>557.625</ele><time>2025-08-04T06:44:13.304Z</time></trkpt><trkpt lat="46.009016" lon="12.249587"><ele>557.709</ele><time>2025-08-04T06:44:16.304Z</time></trkpt><trkpt lat="46.009054" lon="12.249650"><ele>558.349</ele><time>2025-08-04T06:44:20.304Z</time></trkpt><trkpt lat="46.009062" lon="12.249733"><ele>557.389</ele><time>2025-08-04T06:44:25.304Z</time></trkpt><trkpt lat="46.009102" lon="12.249775"><ele>558.432</ele><time>2025-08-04T06:44:29.304Z</time></trkpt><trkpt lat="46.009149" lon="12.249843"><ele>559.597</ele><time>2025-08-04T06:44:34.304Z</time></trkpt><trkpt lat="46.009189" lon="12.249920"><ele>560.020</ele><time>2025-08-04T06:44:38.304Z</time></trkpt><trkpt lat="46.009211" lon="12.249980"><ele>559.915</ele><time>2025-08-04T06:44:41.304Z</time></trkpt><trkpt lat="46.009253" lon="12.250033"><ele>560.357</ele><time>2025-08-04T06:44:45.304Z</time></trkpt><trkpt lat="46.009295" lon="12.250068"><ele>561.025</ele><time>2025-08-04T06:44:50.304Z</time></trkpt><trkpt lat="46.009338" lon="12.250111"><ele>561.684</ele><time>2025-08-04T06:44:53.304Z</time></trkpt><trkpt lat="46.009378" lon="12.250179"><ele>561.618</ele><time>2025-08-04T06:44:56.304Z</time></trkpt><trkpt lat="46.009423" lon="12.250227"><ele>562.398</ele><time>2025-08-04T06:44:59.304Z</time></trkpt><trkpt lat="46.009471" lon="12.250249"><ele>563.617</ele><time>2025-08-04T06:45:02.304Z</time></trkpt><trkpt lat="46.009499" lon="12.250309"><ele>563.309</ele><time>2025-08-04T06:45:07.304Z</time></trkpt><trkpt lat="46.009537" lon="12.250349"><ele>563.883</ele><time>2025-08-04T06:45:13.304Z</time></trkpt><trkpt lat="46.009887" lon="12.250577"><ele>570.243</ele><time>2025-08-04T06:45:46.304Z</time></trkpt><trkpt lat="46.009929" lon="12.250620"><ele>570.476</ele><time>2025-08-04T06:45:48.304Z</time></trkpt><trkpt lat="46.009984" lon="12.250662"><ele>571.261</ele><time>2025-08-04T06:45:51.304Z</time></trkpt><trkpt lat="46.010032" lon="12.250707"><ele>572.134</ele><time>2025-08-04T06:45:54.304Z</time></trkpt><trkpt lat="46.010069" lon="12.250754"><ele>572.529</ele><time>2025-08-04T06:45:57.304Z</time></trkpt><trkpt lat="46.010121" lon="12.250747"><ele>574.881</ele><time>2025-08-04T06:46:00.304Z</time></trkpt><trkpt lat="46.010168" lon="12.250755"><ele>576.419</ele><time>2025-08-04T06:46:03.304Z</time></trkpt><trkpt lat="46.010216" lon="12.250768"><ele>577.998</ele><time>2025-08-04T06:46:07.304Z</time></trkpt><trkpt lat="46.010261" lon="12.250813"><ele>578.188</ele><time>2025-08-04T06:46:11.304Z</time></trkpt><trkpt lat="46.010299" lon="12.250880"><ele>578.324</ele><time>2025-08-04T06:46:16.304Z</time></trkpt><trkpt lat="46.010326" lon="12.250937"><ele>578.726</ele><time>2025-08-04T06:46:18.304Z</time></trkpt><trkpt lat="46.010356" lon="12.251000"><ele>578.809</ele><time>2025-08-04T06:46:21.304Z</time></trkpt><trkpt lat="46.010403" lon="12.251032"><ele>580.360</ele><time>2025-08-04T06:46:24.304Z</time></trkpt><trkpt lat="46.010438" lon="12.251077"><ele>580.840</ele><time>2025-08-04T06:46:27.304Z</time></trkpt><trkpt lat="46.010466" lon="12.251139"><ele>580.673</ele><time>2025-08-04T06:46:30.304Z</time></trkpt><trkpt lat="46.010489" lon="12.251209"><ele>580.198</ele><time>2025-08-04T06:46:35.304Z</time></trkpt><trkpt lat="46.010499" lon="12.251282"><ele>579.031</ele><time>2025-08-04T06:46:41.304Z</time></trkpt><trkpt lat="46.010539" lon="12.251325"><ele>579.796</ele><time>2025-08-04T06:46:46.304Z</time></trkpt><trkpt lat="46.010569" lon="12.251383"><ele>579.538</ele><time>2025-08-04T06:46:50.304Z</time></trkpt><trkpt lat="46.010617" lon="12.251421"><ele>579.896</ele><time>2025-08-04T06:46:54.304Z</time></trkpt><trkpt lat="46.010670" lon="12.251449"><ele>580.585</ele><time>2025-08-04T06:46:58.304Z</time></trkpt><trkpt lat="46.010718" lon="12.251449"><ele>581.843</ele><time>2025-08-04T06:47:01.304Z</time></trkpt><trkpt lat="46.010778" lon="12.251472"><ele>583.064</ele><time>2025-08-04T06:47:05.304Z</time></trkpt><trkpt lat="46.010841" lon="12.251505"><ele>584.110</ele><time>2025-08-04T06:47:08.304Z</time></trkpt><trkpt lat="46.010883" lon="12.251538"><ele>584.309</ele><time>2025-08-04T06:47:10.304Z</time></trkpt><trkpt lat="46.010938" lon="12.251590"><ele>584.476</ele><time>2025-08-04T06:47:13.304Z</time></trkpt><trkpt lat="46.010993" lon="12.251623"><ele>584.836</ele><time>2025-08-04T06:47:16Z</time></trkpt><trkpt lat="46.011055" lon="12.251640"><ele>585.589</ele><time>2025-08-04T06:47:19.304Z</time></trkpt><trkpt lat="46.011117" lon="12.251663"><ele>586.244</ele><time>2025-08-04T06:47:22.304Z</time></trkpt><trkpt lat="46.011169" lon="12.251693"><ele>587.057</ele><time>2025-08-04T06:47:25.304Z</time></trkpt><trkpt lat="46.011214" lon="12.251723"><ele>587.942</ele><time>2025-08-04T06:47:28.305Z</time></trkpt><trkpt lat="46.011264" lon="12.251743"><ele>589.124</ele><time>2025-08-04T06:47:31.305Z</time></trkpt><trkpt lat="46.011322" lon="12.251768"><ele>590.612</ele><time>2025-08-04T06:47:34.305Z</time></trkpt><trkpt lat="46.011375" lon="12.251796"><ele>592.161</ele><time>2025-08-04T06:47:37.305Z</time></trkpt><trkpt lat="46.011323" lon="12.251864"><ele>590.656</ele><time>2025-08-04T06:47:44.305Z</time></trkpt><trkpt lat="46.011278" lon="12.251861"><ele>589.259</ele><time>2025-08-04T06:47:46.305Z</time></trkpt><trkpt lat="46.011238" lon="12.251894"><ele>587.814</ele><time>2025-08-04T06:47:51.305Z</time></trkpt><trkpt lat="46.011185" lon="12.251914"><ele>585.909</ele><time>2025-08-04T06:47:54.305Z</time></trkpt><trkpt lat="46.011130" lon="12.251967"><ele>584.097</ele><time>2025-08-04T06:47:57.305Z</time></trkpt><trkpt lat="46.011080" lon="12.251994"><ele>582.567</ele><time>2025-08-04T06:48:00.305Z</time></trkpt><trkpt lat="46.011055" lon="12.252061"><ele>582.450</ele><time>2025-08-04T06:48:03.305Z</time></trkpt><trkpt lat="46.011015" lon="12.252163"><ele>582.465</ele><time>2025-08-04T06:48:08.305Z</time></trkpt><trkpt lat="46.011008" lon="12.252233"><ele>583.278</ele><time>2025-08-04T06:48:10.305Z</time></trkpt><trkpt lat="46.010985" lon="12.252308"><ele>584.113</ele><time>2025-08-04T06:48:13.305Z</time></trkpt><trkpt lat="46.010962" lon="12.252395"><ele>585.155</ele><time>2025-08-04T06:48:16.305Z</time></trkpt><trkpt lat="46.010944" lon="12.252470"><ele>586.093</ele><time>2025-08-04T06:48:19.305Z</time></trkpt><trkpt lat="46.010932" lon="12.252555"><ele>587.032</ele><time>2025-08-04T06:48:23.305Z</time></trkpt><trkpt lat="46.010935" lon="12.252623"><ele>588.229</ele><time>2025-08-04T06:48:25.305Z</time></trkpt><trkpt lat="46.010948" lon="12.252688"><ele>589.700</ele><time>2025-08-04T06:48:27.305Z</time></trkpt><trkpt lat="46.010943" lon="12.252785"><ele>591.120</ele><time>2025-08-04T06:48:31.305Z</time></trkpt><trkpt lat="46.010946" lon="12.252877"><ele>593.609</ele><time>2025-08-04T06:48:34.305Z</time></trkpt><trkpt lat="46.010956" lon="12.252965"><ele>596.344</ele><time>2025-08-04T06:48:37.305Z</time></trkpt><trkpt lat="46.010951" lon="12.253053"><ele>598.354</ele><time>2025-08-04T06:48:41.305Z</time></trkpt><trkpt lat="46.010894" lon="12.253088"><ele>596.377</ele><time>2025-08-04T06:48:44.305Z</time></trkpt><trkpt lat="46.010877" lon="12.253155"><ele>597.672</ele><time>2025-08-04T06:48:47.305Z</time></trkpt><trkpt lat="46.010829" lon="12.253270"><ele>598.855</ele><time>2025-08-04T06:48:54.305Z</time></trkpt><trkpt lat="46.010814" lon="12.253337"><ele>600.330</ele><time>2025-08-04T06:48:57.305Z</time></trkpt><trkpt lat="46.010781" lon="12.253417"><ele>601.542</ele><time>2025-08-04T06:49:00.305Z</time></trkpt><trkpt lat="46.010761" lon="12.253485"><ele>602.810</ele><time>2025-08-04T06:49:03.305Z</time></trkpt><trkpt lat="46.010729" lon="12.253555"><ele>603.729</ele><time>2025-08-04T06:49:06.305Z</time></trkpt><trkpt lat="46.010692" lon="12.253612"><ele>603.945</ele><time>2025-08-04T06:49:09.305Z</time></trkpt><trkpt lat="46.010657" lon="12.253657"><ele>603.947</ele><time>2025-08-04T06:49:12.305Z</time></trkpt><trkpt lat="46.010634" lon="12.253727"><ele>605.111</ele><time>2025-08-04T06:49:16.305Z</time></trkpt><trkpt lat="46.010602" lon="12.253795"><ele>605.609</ele><time>2025-08-04T06:49:21.305Z</time></trkpt><trkpt lat="46.010570" lon="12.253855"><ele>605.826</ele><time>2025-08-04T06:49:25.305Z</time></trkpt><trkpt lat="46.010525" lon="12.253898"><ele>605.086</ele><time>2025-08-04T06:49:29.305Z</time></trkpt><trkpt lat="46.010475" lon="12.253955"><ele>604.979</ele><time>2025-08-04T06:49:33.305Z</time></trkpt><trkpt lat="46.010428" lon="12.253973"><ele>603.534</ele><time>2025-08-04T06:49:35.305Z</time></trkpt><trkpt lat="46.010391" lon="12.254033"><ele>604.127</ele><time>2025-08-04T06:49:39.305Z</time></trkpt><trkpt lat="46.010371" lon="12.254100"><ele>605.642</ele><time>2025-08-04T06:49:43.305Z</time></trkpt><trkpt lat="46.010341" lon="12.254162"><ele>606.624</ele><time>2025-08-04T06:49:49.305Z</time></trkpt><trkpt lat="46.010299" lon="12.254204"><ele>606.062</ele><time>2025-08-04T06:49:53.305Z</time></trkpt><trkpt lat="46.010211" lon="12.254351"><ele>608.121</ele><time>2025-08-04T06:50:05.305Z</time></trkpt><trkpt lat="46.010141" lon="12.254478"><ele>611.049</ele><time>2025-08-04T06:50:15.305Z</time></trkpt><trkpt lat="46.010081" lon="12.254530"><ele>611.602</ele><time>2025-08-04T06:50:20.305Z</time></trkpt><trkpt lat="46.010016" lon="12.254557"><ele>611.522</ele><time>2025-08-04T06:50:24.305Z</time></trkpt><trkpt lat="46.009979" lon="12.254617"><ele>612.809</ele><time>2025-08-04T06:50:28.305Z</time></trkpt><trkpt lat="46.009931" lon="12.254645"><ele>613.136</ele><time>2025-08-04T06:50:31.305Z</time></trkpt><trkpt lat="46.009893" lon="12.254702"><ele>614.366</ele><time>2025-08-04T06:50:36.305Z</time></trkpt><trkpt lat="46.009873" lon="12.254760"><ele>615.799</ele><time>2025-08-04T06:50:40.305Z</time></trkpt><trkpt lat="46.009830" lon="12.254788"><ele>616.154</ele><time>2025-08-04T06:50:43.305Z</time></trkpt><trkpt lat="46.009777" lon="12.254818"><ele>616.667</ele><time>2025-08-04T06:50:47.305Z</time></trkpt><trkpt lat="46.009725" lon="12.254841"><ele>616.942</ele><time>2025-08-04T06:50:50.305Z</time></trkpt><trkpt lat="46.009677" lon="12.254846"><ele>616.534</ele><time>2025-08-04T06:50:53.305Z</time></trkpt><trkpt lat="46.009614" lon="12.254869"><ele>616.652</ele><time>2025-08-04T06:50:57.305Z</time></trkpt><trkpt lat="46.009589" lon="12.254927"><ele>618.281</ele><time>2025-08-04T06:51:00.305Z</time></trkpt><trkpt lat="46.009549" lon="12.254985"><ele>619.693</ele><time>2025-08-04T06:51:05.305Z</time></trkpt><trkpt lat="46.009511" lon="12.255047"><ele>621.265</ele><time>2025-08-04T06:51:10.305Z</time></trkpt><trkpt lat="46.009474" lon="12.255090"><ele>622.221</ele><time>2025-08-04T06:51:15.305Z</time></trkpt><trkpt lat="46.009449" lon="12.255153"><ele>624.009</ele><time>2025-08-04T06:51:19.305Z</time></trkpt><trkpt lat="46.009412" lon="12.255196"><ele>624.871</ele><time>2025-08-04T06:51:22.305Z</time></trkpt><trkpt lat="46.009374" lon="12.255243"><ele>625.891</ele><time>2025-08-04T06:51:26.305Z</time></trkpt><trkpt lat="46.009334" lon="12.255280"><ele>626.584</ele><time>2025-08-04T06:51:30.305Z</time></trkpt><trkpt lat="46.009289" lon="12.255333"><ele>627.659</ele><time>2025-08-04T06:51:35.305Z</time></trkpt><trkpt lat="46.009237" lon="12.255353"><ele>627.692</ele><time>2025-08-04T06:51:38.305Z</time></trkpt><trkpt lat="46.009189" lon="12.255375"><ele>627.887</ele><time>2025-08-04T06:51:41.305Z</time></trkpt><trkpt lat="46.009147" lon="12.255422"><ele>629.279</ele><time>2025-08-04T06:51:44.305Z</time></trkpt><trkpt lat="46.009122" lon="12.255480"><ele>631.167</ele><time>2025-08-04T06:51:47.305Z</time></trkpt><trkpt lat="46.009090" lon="12.255552"><ele>633.346</ele><time>2025-08-04T06:51:51.305Z</time></trkpt><trkpt lat="46.009052" lon="12.255607"><ele>634.353</ele><time>2025-08-04T06:51:55.305Z</time></trkpt><trkpt lat="46.009005" lon="12.255649"><ele>634.804</ele><time>2025-08-04T06:51:59.305Z</time></trkpt><trkpt lat="46.008973" lon="12.255706"><ele>635.614</ele><time>2025-08-04T06:52:03.305Z</time></trkpt><trkpt lat="46.008931" lon="12.255738"><ele>635.809</ele><time>2025-08-04T06:52:06.305Z</time></trkpt><trkpt lat="46.008878" lon="12.255781"><ele>635.827</ele><time>2025-08-04T06:52:10.305Z</time></trkpt><trkpt lat="46.008828" lon="12.255824"><ele>635.187</ele><time>2025-08-04T06:52:14Z</time></trkpt><trkpt lat="46.008800" lon="12.255889"><ele>634.950</ele><time>2025-08-04T06:52:18.305Z</time></trkpt><trkpt lat="46.008797" lon="12.255967"><ele>635.515</ele><time>2025-08-04T06:52:22.305Z</time></trkpt><trkpt lat="46.008817" lon="12.256027"><ele>636.728</ele><time>2025-08-04T06:52:25.305Z</time></trkpt><trkpt lat="46.008849" lon="12.256094"><ele>638.443</ele><time>2025-08-04T06:52:29.305Z</time></trkpt><trkpt lat="46.008882" lon="12.256141"><ele>639.755</ele><time>2025-08-04T06:52:35.305Z</time></trkpt><trkpt lat="46.008900" lon="12.256206"><ele>640.163</ele><time>2025-08-04T06:52:39.305Z</time></trkpt><trkpt lat="46.008947" lon="12.256254"><ele>640.812</ele><time>2025-08-04T06:52:43.305Z</time></trkpt><trkpt lat="46.008994" lon="12.256281"><ele>641.696</ele><time>2025-08-04T06:52:47.305Z</time></trkpt><trkpt lat="46.008949" lon="12.256271"><ele>640.931</ele><time>2025-08-04T06:52:52.305Z</time></trkpt><trkpt lat="46.008939" lon="12.256206"><ele>640.724</ele><time>2025-08-04T06:52:55Z</time></trkpt><trkpt lat="46.008964" lon="12.256146"><ele>640.909</ele><time>2025-08-04T06:52:57.305Z</time></trkpt><trkpt lat="46.008979" lon="12.256084"><ele>640.741</ele><time>2025-08-04T06:52:59.305Z</time></trkpt><trkpt lat="46.009002" lon="12.256012"><ele>640.381</ele><time>2025-08-04T06:53:03.305Z</time></trkpt><trkpt lat="46.009035" lon="12.255967"><ele>640.384</ele><time>2025-08-04T06:53:10.305Z</time></trkpt><trkpt lat="46.008988" lon="12.255965"><ele>639.799</ele><time>2025-08-04T06:54:09.306Z</time></trkpt><trkpt lat="46.009040" lon="12.255943"><ele>640.162</ele><time>2025-08-04T06:54:30.306Z</time></trkpt><trkpt lat="46.008973" lon="12.255926"><ele>639.147</ele><time>2025-08-04T06:54:34.306Z</time></trkpt><trkpt lat="46.009031" lon="12.255928"><ele>639.989</ele><time>2025-08-04T06:55:18Z</time></trkpt><trkpt lat="46.009021" lon="12.255998"><ele>640.457</ele><time>2025-08-04T06:55:39.306Z</time></trkpt><trkpt lat="46.009069" lon="12.255961"><ele>640.756</ele><time>2025-08-04T06:55:48.306Z</time></trkpt><trkpt lat="46.009109" lon="12.255926"><ele>640.987</ele><time>2025-08-04T06:55:56.306Z</time></trkpt><trkpt lat="46.009171" lon="12.255873"><ele>641.442</ele><time>2025-08-04T06:56:05.306Z</time></trkpt><trkpt lat="46.009193" lon="12.255780"><ele>640.126</ele><time>2025-08-04T06:57:06.306Z</time></trkpt><trkpt lat="46.009221" lon="12.255888"><ele>642.409</ele><time>2025-08-04T06:57:23.306Z</time></trkpt><trkpt lat="46.009281" lon="12.255630"><ele>637.020</ele><time>2025-08-04T06:58:12.306Z</time></trkpt><trkpt lat="46.009233" lon="12.255852"><ele>642.350</ele><time>2025-08-04T06:58:40.306Z</time></trkpt><trkpt lat="46.009188" lon="12.255857"><ele>641.613</ele><time>2025-08-04T06:59:15.306Z</time></trkpt><trkpt lat="46.009050" lon="12.256012"><ele>640.958</ele><time>2025-08-04T07:02:37.306Z</time></trkpt><trkpt lat="46.009023" lon="12.256077"><ele>641.181</ele><time>2025-08-04T07:02:41.306Z</time></trkpt><trkpt lat="46.008986" lon="12.256142"><ele>641.156</ele><time>2025-08-04T07:02:45.306Z</time></trkpt><trkpt lat="46.008939" lon="12.256194"><ele>640.638</ele><time>2025-08-04T07:02:48.306Z</time></trkpt><trkpt lat="46.008924" lon="12.256257"><ele>640.586</ele><time>2025-08-04T07:02:51.306Z</time></trkpt><trkpt lat="46.008924" lon="12.256329"><ele>640.625</ele><time>2025-08-04T07:02:54.306Z</time></trkpt><trkpt lat="46.008937" lon="12.256399"><ele>640.924</ele><time>2025-08-04T07:02:57.306Z</time></trkpt><trkpt lat="46.008947" lon="12.256472"><ele>641.204</ele><time>2025-08-04T07:03:00.306Z</time></trkpt><trkpt lat="46.008969" lon="12.256535"><ele>641.714</ele><time>2025-08-04T07:03:03.306Z</time></trkpt><trkpt lat="46.008982" lon="12.256607"><ele>642.209</ele><time>2025-08-04T07:03:07.307Z</time></trkpt><trkpt lat="46.009007" lon="12.256682"><ele>642.974</ele><time>2025-08-04T07:03:11.307Z</time></trkpt><trkpt lat="46.009024" lon="12.256749"><ele>643.214</ele><time>2025-08-04T07:03:14.307Z</time></trkpt><trkpt lat="46.009049" lon="12.256807"><ele>644.047</ele><time>2025-08-04T07:03:17.307Z</time></trkpt><trkpt lat="46.009071" lon="12.256874"><ele>644.872</ele><time>2025-08-04T07:03:21.307Z</time></trkpt><trkpt lat="46.009091" lon="12.256934"><ele>645.715</ele><time>2025-08-04T07:03:24.307Z</time></trkpt><trkpt lat="46.009113" lon="12.256997"><ele>646.660</ele><time>2025-08-04T07:03:28.307Z</time></trkpt><trkpt lat="46.009145" lon="12.257070"><ele>648.062</ele><time>2025-08-04T07:03:32.307Z</time></trkpt><trkpt lat="46.009168" lon="12.257140"><ele>649.080</ele><time>2025-08-04T07:03:37.307Z</time></trkpt><trkpt lat="46.009190" lon="12.257198"><ele>649.769</ele><time>2025-08-04T07:03:40.307Z</time></trkpt><trkpt lat="46.009212" lon="12.257260"><ele>650.294</ele><time>2025-08-04T07:03:44.307Z</time></trkpt><trkpt lat="46.009240" lon="12.257322"><ele>650.857</ele><time>2025-08-04T07:03:48.307Z</time></trkpt><trkpt lat="46.009262" lon="12.257392"><ele>651.122</ele><time>2025-08-04T07:03:52.307Z</time></trkpt><trkpt lat="46.009289" lon="12.257455"><ele>651.709</ele><time>2025-08-04T07:03:56.307Z</time></trkpt><trkpt lat="46.009324" lon="12.257503"><ele>652.651</ele><time>2025-08-04T07:04:01.307Z</time></trkpt><trkpt lat="46.009361" lon="12.257566"><ele>653.411</ele><time>2025-08-04T07:04:06.307Z</time></trkpt><trkpt lat="46.009404" lon="12.257618"><ele>654.324</ele><time>2025-08-04T07:04:09.307Z</time></trkpt><trkpt lat="46.009446" lon="12.257678"><ele>655.129</ele><time>2025-08-04T07:04:13.307Z</time></trkpt><trkpt lat="46.009488" lon="12.257728"><ele>655.982</ele><time>2025-08-04T07:04:17.307Z</time></trkpt><trkpt lat="46.009523" lon="12.257775"><ele>656.617</ele><time>2025-08-04T07:04:20.307Z</time></trkpt><trkpt lat="46.009561" lon="12.257812"><ele>657.449</ele><time>2025-08-04T07:04:23.307Z</time></trkpt><trkpt lat="46.009601" lon="12.257854"><ele>658.177</ele><time>2025-08-04T07:04:27Z</time></trkpt><trkpt lat="46.009639" lon="12.257894"><ele>658.656</ele><time>2025-08-04T07:04:31.307Z</time></trkpt><trkpt lat="46.009687" lon="12.257917"><ele>659.572</ele><time>2025-08-04T07:04:35.307Z</time></trkpt><trkpt lat="46.009730" lon="12.257945"><ele>660.213</ele><time>2025-08-04T07:04:39.307Z</time></trkpt><trkpt lat="46.009777" lon="12.257987"><ele>660.714</ele><time>2025-08-04T07:04:43.307Z</time></trkpt><trkpt lat="46.009822" lon="12.258007"><ele>661.609</ele><time>2025-08-04T07:04:46.307Z</time></trkpt><trkpt lat="46.009864" lon="12.258042"><ele>662.329</ele><time>2025-08-04T07:04:50.307Z</time></trkpt><trkpt lat="46.009919" lon="12.258070"><ele>663.399</ele><time>2025-08-04T07:04:54.307Z</time></trkpt><trkpt lat="46.009969" lon="12.258092"><ele>664.272</ele><time>2025-08-04T07:04:58.307Z</time></trkpt><trkpt lat="46.010016" lon="12.258102"><ele>665.037</ele><time>2025-08-04T07:05:02.307Z</time></trkpt><trkpt lat="46.010061" lon="12.258109"><ele>665.380</ele><time>2025-08-04T07:05:06.307Z</time></trkpt><trkpt lat="46.010106" lon="12.258111"><ele>665.795</ele><time>2025-08-04T07:05:09.307Z</time></trkpt><trkpt lat="46.010151" lon="12.258114"><ele>666.067</ele><time>2025-08-04T07:05:12.307Z</time></trkpt><trkpt lat="46.010199" lon="12.258104"><ele>666.875</ele><time>2025-08-04T07:05:15.307Z</time></trkpt><trkpt lat="46.010244" lon="12.258101"><ele>667.314</ele><time>2025-08-04T07:05:18.307Z</time></trkpt><trkpt lat="46.010277" lon="12.258051"><ele>669.126</ele><time>2025-08-04T07:05:22.307Z</time></trkpt><trkpt lat="46.010302" lon="12.257989"><ele>669.947</ele><time>2025-08-04T07:05:27.307Z</time></trkpt><trkpt lat="46.010337" lon="12.257937"><ele>670.611</ele><time>2025-08-04T07:05:31.307Z</time></trkpt><trkpt lat="46.010354" lon="12.257862"><ele>671.709</ele><time>2025-08-04T07:05:36.307Z</time></trkpt><trkpt lat="46.010371" lon="12.257792"><ele>672.834</ele><time>2025-08-04T07:05:40.307Z</time></trkpt><trkpt lat="46.010389" lon="12.257724"><ele>673.524</ele><time>2025-08-04T07:05:45.307Z</time></trkpt><trkpt lat="46.010411" lon="12.257656"><ele>674.387</ele><time>2025-08-04T07:05:50.307Z</time></trkpt><trkpt lat="46.010438" lon="12.257594"><ele>675.152</ele><time>2025-08-04T07:05:53.307Z</time></trkpt><trkpt lat="46.010446" lon="12.257516"><ele>676.025</ele><time>2025-08-04T07:05:57.307Z</time></trkpt><trkpt lat="46.010459" lon="12.257438"><ele>676.760</ele><time>2025-08-04T07:06:02.307Z</time></trkpt><trkpt lat="46.010481" lon="12.257376"><ele>677.462</ele><time>2025-08-04T07:06:05.307Z</time></trkpt><trkpt lat="46.010494" lon="12.257308"><ele>678.290</ele><time>2025-08-04T07:06:09.307Z</time></trkpt><trkpt lat="46.010524" lon="12.257228"><ele>679.449</ele><time>2025-08-04T07:06:12.307Z</time></trkpt><trkpt lat="46.010539" lon="12.257150"><ele>679.965</ele><time>2025-08-04T07:06:15.307Z</time></trkpt><trkpt lat="46.010542" lon="12.257085"><ele>680.268</ele><time>2025-08-04T07:06:18.307Z</time></trkpt><trkpt lat="46.010545" lon="12.257017"><ele>680.514</ele><time>2025-08-04T07:06:21.307Z</time></trkpt><trkpt lat="46.010558" lon="12.256944"><ele>681.009</ele><time>2025-08-04T07:06:24.307Z</time></trkpt><trkpt lat="46.010571" lon="12.256872"><ele>681.548</ele><time>2025-08-04T07:06:27.307Z</time></trkpt><trkpt lat="46.010603" lon="12.256809"><ele>682.328</ele><time>2025-08-04T07:06:31.307Z</time></trkpt><trkpt lat="46.010628" lon="12.256736"><ele>683.291</ele><time>2025-08-04T07:06:35.307Z</time></trkpt><trkpt lat="46.010658" lon="12.256678"><ele>684.196</ele><time>2025-08-04T07:06:39.307Z</time></trkpt><trkpt lat="46.010670" lon="12.256613"><ele>684.649</ele><time>2025-08-04T07:06:42.307Z</time></trkpt><trkpt lat="46.010678" lon="12.256540"><ele>685.094</ele><time>2025-08-04T07:06:46.307Z</time></trkpt><trkpt lat="46.010683" lon="12.256472"><ele>685.446</ele><time>2025-08-04T07:06:49.307Z</time></trkpt><trkpt lat="46.010716" lon="12.256419"><ele>686.574</ele><time>2025-08-04T07:06:56.307Z</time></trkpt><trkpt lat="46.010751" lon="12.256357"><ele>687.323</ele><time>2025-08-04T07:07:01.307Z</time></trkpt><trkpt lat="46.010801" lon="12.256350"><ele>688.852</ele><time>2025-08-04T07:07:06.307Z</time></trkpt><trkpt lat="46.010841" lon="12.256400"><ele>690.253</ele><time>2025-08-04T07:07:10.307Z</time></trkpt><trkpt lat="46.010881" lon="12.256448"><ele>691.508</ele><time>2025-08-04T07:07:15.307Z</time></trkpt><trkpt lat="46.010914" lon="12.256505"><ele>692.409</ele><time>2025-08-04T07:07:19.307Z</time></trkpt><trkpt lat="46.010927" lon="12.256578"><ele>692.327</ele><time>2025-08-04T07:07:24.307Z</time></trkpt><trkpt lat="46.010960" lon="12.256635"><ele>693.267</ele><time>2025-08-04T07:07:28.307Z</time></trkpt><trkpt lat="46.010987" lon="12.256690"><ele>693.870</ele><time>2025-08-04T07:07:32Z</time></trkpt><trkpt lat="46.011017" lon="12.256752"><ele>694.125</ele><time>2025-08-04T07:07:35.307Z</time></trkpt><trkpt lat="46.011052" lon="12.256807"><ele>694.788</ele><time>2025-08-04T07:07:39.307Z</time></trkpt><trkpt lat="46.011074" lon="12.256869"><ele>694.763</ele><time>2025-08-04T07:07:43.307Z</time></trkpt><trkpt lat="46.011101" lon="12.256926"><ele>694.995</ele><time>2025-08-04T07:07:47.307Z</time></trkpt><trkpt lat="46.011124" lon="12.256991"><ele>695.153</ele><time>2025-08-04T07:07:50.307Z</time></trkpt><trkpt lat="46.011142" lon="12.257054"><ele>695.392</ele><time>2025-08-04T07:07:54.307Z</time></trkpt><trkpt lat="46.011174" lon="12.257104"><ele>696.295</ele><time>2025-08-04T07:07:58.307Z</time></trkpt><trkpt lat="46.011197" lon="12.257166"><ele>696.649</ele><time>2025-08-04T07:08:01.307Z</time></trkpt><trkpt lat="46.011227" lon="12.257233"><ele>697.223</ele><time>2025-08-04T07:08:05.307Z</time></trkpt><trkpt lat="46.011260" lon="12.257293"><ele>697.809</ele><time>2025-08-04T07:08:09.307Z</time></trkpt><trkpt lat="46.011295" lon="12.257363"><ele>698.661</ele><time>2025-08-04T07:08:13.307Z</time></trkpt><trkpt lat="46.011332" lon="12.257430"><ele>699.611</ele><time>2025-08-04T07:08:17.307Z</time></trkpt><trkpt lat="46.011380" lon="12.257490"><ele>701.644</ele><time>2025-08-04T07:08:21.307Z</time></trkpt><trkpt lat="46.011410" lon="12.257560"><ele>702.399</ele><time>2025-08-04T07:08:24.307Z</time></trkpt><trkpt lat="46.011427" lon="12.257623"><ele>702.542</ele><time>2025-08-04T07:08:28.307Z</time></trkpt><trkpt lat="46.011437" lon="12.257688"><ele>702.297</ele><time>2025-08-04T07:08:34.307Z</time></trkpt><trkpt lat="46.011435" lon="12.257758"><ele>701.419</ele><time>2025-08-04T07:08:38.307Z</time></trkpt><trkpt lat="46.011440" lon="12.257830"><ele>700.927</ele><time>2025-08-04T07:08:42.307Z</time></trkpt><trkpt lat="46.011468" lon="12.257892"><ele>701.636</ele><time>2025-08-04T07:08:46.307Z</time></trkpt><trkpt lat="46.011501" lon="12.257962"><ele>702.561</ele><time>2025-08-04T07:08:50.307Z</time></trkpt><trkpt lat="46.011526" lon="12.258024"><ele>703.221</ele><time>2025-08-04T07:08:53.307Z</time></trkpt><trkpt lat="46.011561" lon="12.258067"><ele>704.613</ele><time>2025-08-04T07:08:56.307Z</time></trkpt><trkpt lat="46.011569" lon="12.258139"><ele>704.609</ele><time>2025-08-04T07:09:00.307Z</time></trkpt><trkpt lat="46.011587" lon="12.258206"><ele>705.128</ele><time>2025-08-04T07:09:04.307Z</time></trkpt><trkpt lat="46.011619" lon="12.258264"><ele>706.658</ele><time>2025-08-04T07:09:09.307Z</time></trkpt><trkpt lat="46.011666" lon="12.258301"><ele>709.171</ele><time>2025-08-04T07:09:12.307Z</time></trkpt><trkpt lat="46.011719" lon="12.258311"><ele>710.226</ele><time>2025-08-04T07:09:15.307Z</time></trkpt><trkpt lat="46.011772" lon="12.258303"><ele>711.569</ele><time>2025-08-04T07:09:19.307Z</time></trkpt><trkpt lat="46.011782" lon="12.258231"><ele>712.214</ele><time>2025-08-04T07:09:23.307Z</time></trkpt><trkpt lat="46.011784" lon="12.258164"><ele>712.756</ele><time>2025-08-04T07:09:26.307Z</time></trkpt><trkpt lat="46.011792" lon="12.258087"><ele>713.424</ele><time>2025-08-04T07:09:30.307Z</time></trkpt><trkpt lat="46.011777" lon="12.258019"><ele>713.573</ele><time>2025-08-04T07:09:34.307Z</time></trkpt><trkpt lat="46.011765" lon="12.257951"><ele>713.945</ele><time>2025-08-04T07:09:37.307Z</time></trkpt><trkpt lat="46.011745" lon="12.257873"><ele>713.947</ele><time>2025-08-04T07:09:41.307Z</time></trkpt><trkpt lat="46.011737" lon="12.257805"><ele>714.311</ele><time>2025-08-04T07:09:45.307Z</time></trkpt><trkpt lat="46.011734" lon="12.257723"><ele>715.009</ele><time>2025-08-04T07:09:49.307Z</time></trkpt><trkpt lat="46.011729" lon="12.257653"><ele>715.626</ele><time>2025-08-04T07:09:53.307Z</time></trkpt><trkpt lat="46.011736" lon="12.257571"><ele>716.776</ele><time>2025-08-04T07:09:58.307Z</time></trkpt><trkpt lat="46.011743" lon="12.257496"><ele>717.869</ele><time>2025-08-04T07:10:02.307Z</time></trkpt><trkpt lat="46.011723" lon="12.257423"><ele>718.124</ele><time>2025-08-04T07:10:06.307Z</time></trkpt><trkpt lat="46.011713" lon="12.257355"><ele>718.797</ele><time>2025-08-04T07:10:09.307Z</time></trkpt><trkpt lat="46.011691" lon="12.257278"><ele>719.092</ele><time>2025-08-04T07:10:12.307Z</time></trkpt><trkpt lat="46.011671" lon="12.257196"><ele>719.484</ele><time>2025-08-04T07:10:16.307Z</time></trkpt><trkpt lat="46.011683" lon="12.257124"><ele>720.632</ele><time>2025-08-04T07:10:20.307Z</time></trkpt><trkpt lat="46.011670" lon="12.257044"><ele>721.091</ele><time>2025-08-04T07:10:24Z</time></trkpt><trkpt lat="46.011652" lon="12.256957"><ele>721.186</ele><time>2025-08-04T07:10:28.307Z</time></trkpt><trkpt lat="46.011629" lon="12.256874"><ele>721.160</ele><time>2025-08-04T07:10:31.307Z</time></trkpt><trkpt lat="46.011631" lon="12.256804"><ele>722.226</ele><time>2025-08-04T07:10:34.307Z</time></trkpt><trkpt lat="46.011629" lon="12.256732"><ele>723.209</ele><time>2025-08-04T07:10:37.307Z</time></trkpt><trkpt lat="46.011634" lon="12.256652"><ele>724.550</ele><time>2025-08-04T07:10:40.307Z</time></trkpt><trkpt lat="46.011647" lon="12.256574"><ele>725.770</ele><time>2025-08-04T07:10:44.307Z</time></trkpt><trkpt lat="46.011662" lon="12.256507"><ele>726.933</ele><time>2025-08-04T07:10:48.307Z</time></trkpt><trkpt lat="46.011677" lon="12.256430"><ele>728.158</ele><time>2025-08-04T07:10:52.307Z</time></trkpt><trkpt lat="46.011699" lon="12.256357"><ele>728.721</ele><time>2025-08-04T07:10:56.307Z</time></trkpt><trkpt lat="46.011734" lon="12.256294"><ele>729.276</ele><time>2025-08-04T07:10:59.308Z</time></trkpt><trkpt lat="46.011769" lon="12.256247"><ele>730.068</ele><time>2025-08-04T07:11:02.308Z</time></trkpt><trkpt lat="46.011804" lon="12.256199"><ele>730.776</ele><time>2025-08-04T07:11:05.308Z</time></trkpt><trkpt lat="46.011844" lon="12.256146"><ele>731.785</ele><time>2025-08-04T07:11:09.308Z</time></trkpt><trkpt lat="46.011882" lon="12.256109"><ele>732.777</ele><time>2025-08-04T07:11:12.308Z</time></trkpt><trkpt lat="46.011932" lon="12.256057"><ele>733.861</ele><time>2025-08-04T07:11:16.308Z</time></trkpt><trkpt lat="46.011979" lon="12.256019"><ele>735.027</ele><time>2025-08-04T07:11:20.308Z</time></trkpt><trkpt lat="46.012019" lon="12.255982"><ele>736.009</ele><time>2025-08-04T07:11:24.308Z</time></trkpt><trkpt lat="46.012069" lon="12.255959"><ele>737.529</ele><time>2025-08-04T07:11:28.308Z</time></trkpt><trkpt lat="46.012112" lon="12.255917"><ele>738.449</ele><time>2025-08-04T07:11:32.308Z</time></trkpt><trkpt lat="46.012155" lon="12.255855"><ele>739.072</ele><time>2025-08-04T07:11:36.308Z</time></trkpt><trkpt lat="46.012180" lon="12.255787"><ele>738.777</ele><time>2025-08-04T07:11:40.308Z</time></trkpt><trkpt lat="46.012212" lon="12.255719"><ele>738.940</ele><time>2025-08-04T07:11:45.308Z</time></trkpt><trkpt lat="46.012245" lon="12.255672"><ele>739.335</ele><time>2025-08-04T07:11:48.308Z</time></trkpt><trkpt lat="46.012288" lon="12.255625"><ele>739.917</ele><time>2025-08-04T07:11:52.308Z</time></trkpt><trkpt lat="46.012331" lon="12.255605"><ele>740.865</ele><time>2025-08-04T07:11:56.308Z</time></trkpt><trkpt lat="46.012358" lon="12.255660"><ele>742.474</ele><time>2025-08-04T07:12:00.308Z</time></trkpt><trkpt lat="46.012328" lon="12.255743"><ele>742.759</ele><time>2025-08-04T07:12:04.308Z</time></trkpt><trkpt lat="46.012283" lon="12.255796"><ele>742.203</ele><time>2025-08-04T07:12:08.308Z</time></trkpt><trkpt lat="46.012253" lon="12.255844"><ele>742.123</ele><time>2025-08-04T07:12:11Z</time></trkpt><trkpt lat="46.012231" lon="12.255919"><ele>742.809</ele><time>2025-08-04T07:12:15.308Z</time></trkpt><trkpt lat="46.012206" lon="12.255987"><ele>743.247</ele><time>2025-08-04T07:12:20.308Z</time></trkpt><trkpt lat="46.012174" lon="12.256034"><ele>742.827</ele><time>2025-08-04T07:12:23.308Z</time></trkpt><trkpt lat="46.012159" lon="12.256096"><ele>743.250</ele><time>2025-08-04T07:12:27.308Z</time></trkpt><trkpt lat="46.012156" lon="12.256161"><ele>743.525</ele><time>2025-08-04T07:12:31.308Z</time></trkpt><trkpt lat="46.012159" lon="12.256226"><ele>743.758</ele><time>2025-08-04T07:12:34.308Z</time></trkpt><trkpt lat="46.012164" lon="12.256314"><ele>744.073</ele><time>2025-08-04T07:12:38.308Z</time></trkpt><trkpt lat="46.012194" lon="12.256369"><ele>745.135</ele><time>2025-08-04T07:12:41.308Z</time></trkpt><trkpt lat="46.012229" lon="12.256427"><ele>745.973</ele><time>2025-08-04T07:12:45.308Z</time></trkpt><trkpt lat="46.012274" lon="12.256475"><ele>746.812</ele><time>2025-08-04T07:12:49.308Z</time></trkpt><trkpt lat="46.012321" lon="12.256505"><ele>747.716</ele><time>2025-08-04T07:12:52.308Z</time></trkpt><trkpt lat="46.012368" lon="12.256532"><ele>748.676</ele><time>2025-08-04T07:12:55.308Z</time></trkpt><trkpt lat="46.012410" lon="12.256565"><ele>749.313</ele><time>2025-08-04T07:12:58.308Z</time></trkpt><trkpt lat="46.012457" lon="12.256598"><ele>750.009</ele><time>2025-08-04T07:13:02.308Z</time></trkpt><trkpt lat="46.012509" lon="12.256623"><ele>750.983</ele><time>2025-08-04T07:13:06.308Z</time></trkpt><trkpt lat="46.012561" lon="12.256656"><ele>751.963</ele><time>2025-08-04T07:13:10.308Z</time></trkpt><trkpt lat="46.012611" lon="12.256693"><ele>752.986</ele><time>2025-08-04T07:13:14.308Z</time></trkpt><trkpt lat="46.012638" lon="12.256750"><ele>752.911</ele><time>2025-08-04T07:13:18.308Z</time></trkpt><trkpt lat="46.012683" lon="12.256812"><ele>753.544</ele><time>2025-08-04T07:13:22.308Z</time></trkpt><trkpt lat="46.012708" lon="12.256867"><ele>753.639</ele><time>2025-08-04T07:13:26.308Z</time></trkpt><trkpt lat="46.012746" lon="12.256919"><ele>754.391</ele><time>2025-08-04T07:13:30.308Z</time></trkpt><trkpt lat="46.012781" lon="12.256971"><ele>754.629</ele><time>2025-08-04T07:13:33.308Z</time></trkpt><trkpt lat="46.012819" lon="12.257028"><ele>754.838</ele><time>2025-08-04T07:13:37.308Z</time></trkpt><trkpt lat="46.012866" lon="12.257028"><ele>756.216</ele><time>2025-08-04T07:13:41.308Z</time></trkpt><trkpt lat="46.012908" lon="12.256980"><ele>758.276</ele><time>2025-08-04T07:13:44.308Z</time></trkpt><trkpt lat="46.012938" lon="12.256932"><ele>759.713</ele><time>2025-08-04T07:13:47.308Z</time></trkpt><trkpt lat="46.012945" lon="12.256857"><ele>760.809</ele><time>2025-08-04T07:13:51.308Z</time></trkpt><trkpt lat="46.012940" lon="12.256785"><ele>761.413</ele><time>2025-08-04T07:13:55.308Z</time></trkpt><trkpt lat="46.012942" lon="12.256713"><ele>762.233</ele><time>2025-08-04T07:13:59.308Z</time></trkpt><trkpt lat="46.012940" lon="12.256648"><ele>762.826</ele><time>2025-08-04T07:14:02.308Z</time></trkpt><trkpt lat="46.012942" lon="12.256571"><ele>763.681</ele><time>2025-08-04T07:14:07.308Z</time></trkpt><trkpt lat="46.012935" lon="12.256501"><ele>764.084</ele><time>2025-08-04T07:14:11.308Z</time></trkpt><trkpt lat="46.012930" lon="12.256413"><ele>764.659</ele><time>2025-08-04T07:14:15.308Z</time></trkpt><trkpt lat="46.012933" lon="12.256331"><ele>765.031</ele><time>2025-08-04T07:14:19.308Z</time></trkpt><trkpt lat="46.012940" lon="12.256266"><ele>765.329</ele><time>2025-08-04T07:14:23.308Z</time></trkpt><trkpt lat="46.012942" lon="12.256193"><ele>765.618</ele><time>2025-08-04T07:14:27.308Z</time></trkpt><trkpt lat="46.012944" lon="12.256113"><ele>765.875</ele><time>2025-08-04T07:14:31.308Z</time></trkpt><trkpt lat="46.012946" lon="12.256026"><ele>765.728</ele><time>2025-08-04T07:14:35.308Z</time></trkpt><trkpt lat="46.012974" lon="12.255961"><ele>766.520</ele><time>2025-08-04T07:14:40.308Z</time></trkpt><trkpt lat="46.013006" lon="12.255894"><ele>767.409</ele><time>2025-08-04T07:14:44.308Z</time></trkpt><trkpt lat="46.013024" lon="12.255816"><ele>767.979</ele><time>2025-08-04T07:14:47.308Z</time></trkpt><trkpt lat="46.013052" lon="12.255743"><ele>768.989</ele><time>2025-08-04T07:14:51.308Z</time></trkpt><trkpt lat="46.013075" lon="12.255670"><ele>769.842</ele><time>2025-08-04T07:14:54.308Z</time></trkpt><trkpt lat="46.013090" lon="12.255600"><ele>770.557</ele><time>2025-08-04T07:14:57.308Z</time></trkpt><trkpt lat="46.013098" lon="12.255533"><ele>770.780</ele><time>2025-08-04T07:15:00.308Z</time></trkpt><trkpt lat="46.013128" lon="12.255475"><ele>771.875</ele><time>2025-08-04T07:15:03.308Z</time></trkpt><trkpt lat="46.013161" lon="12.255408"><ele>772.887</ele><time>2025-08-04T07:15:07.308Z</time></trkpt><trkpt lat="46.013184" lon="12.255338"><ele>773.475</ele><time>2025-08-04T07:15:10.308Z</time></trkpt><trkpt lat="46.013221" lon="12.255285"><ele>774.664</ele><time>2025-08-04T07:15:13.308Z</time></trkpt><trkpt lat="46.013251" lon="12.255210"><ele>775.435</ele><time>2025-08-04T07:15:16.308Z</time></trkpt><trkpt lat="46.013268" lon="12.255125"><ele>775.686</ele><time>2025-08-04T07:15:19.308Z</time></trkpt><trkpt lat="46.013273" lon="12.255053"><ele>775.514</ele><time>2025-08-04T07:15:22.308Z</time></trkpt><trkpt lat="46.013275" lon="12.254970"><ele>775.109</ele><time>2025-08-04T07:15:25.308Z</time></trkpt><trkpt lat="46.013313" lon="12.254908"><ele>776.685</ele><time>2025-08-04T07:15:28.308Z</time></trkpt><trkpt lat="46.013351" lon="12.254846"><ele>778.385</ele><time>2025-08-04T07:15:31.308Z</time></trkpt><trkpt lat="46.013369" lon="12.254776"><ele>778.838</ele><time>2025-08-04T07:15:34.308Z</time></trkpt><trkpt lat="46.013364" lon="12.254704"><ele>778.213</ele><time>2025-08-04T07:15:37.308Z</time></trkpt><trkpt lat="46.013386" lon="12.254612"><ele>778.766</ele><time>2025-08-04T07:15:40.308Z</time></trkpt><trkpt lat="46.013408" lon="12.254552"><ele>779.361</ele><time>2025-08-04T07:15:42.308Z</time></trkpt><trkpt lat="46.013438" lon="12.254485"><ele>780.053</ele><time>2025-08-04T07:15:45.308Z</time></trkpt><trkpt lat="46.013471" lon="12.254425"><ele>780.631</ele><time>2025-08-04T07:15:48.308Z</time></trkpt><trkpt lat="46.013503" lon="12.254368"><ele>780.920</ele><time>2025-08-04T07:15:51.308Z</time></trkpt><trkpt lat="46.013555" lon="12.254336"><ele>782.511</ele><time>2025-08-04T07:15:55.308Z</time></trkpt><trkpt lat="46.013597" lon="12.254294"><ele>783.821</ele><time>2025-08-04T07:15:58.308Z</time></trkpt><trkpt lat="46.013650" lon="12.254267"><ele>785.703</ele><time>2025-08-04T07:16:01.308Z</time></trkpt><trkpt lat="46.013680" lon="12.254219"><ele>786.309</ele><time>2025-08-04T07:16:04.308Z</time></trkpt><trkpt lat="46.013715" lon="12.254177"><ele>786.953</ele><time>2025-08-04T07:16:07.308Z</time></trkpt><trkpt lat="46.013740" lon="12.254117"><ele>786.183</ele><time>2025-08-04T07:16:11.308Z</time></trkpt><trkpt lat="46.013785" lon="12.254080"><ele>786.786</ele><time>2025-08-04T07:16:14.308Z</time></trkpt><trkpt lat="46.013842" lon="12.254042"><ele>787.931</ele><time>2025-08-04T07:16:18.308Z</time></trkpt><trkpt lat="46.013887" lon="12.254000"><ele>788.734</ele><time>2025-08-04T07:16:22.308Z</time></trkpt><trkpt lat="46.013927" lon="12.253962"><ele>789.729</ele><time>2025-08-04T07:16:25.308Z</time></trkpt><trkpt lat="46.013952" lon="12.253892"><ele>789.031</ele><time>2025-08-04T07:16:29.308Z</time></trkpt><trkpt lat="46.013985" lon="12.253815"><ele>788.919</ele><time>2025-08-04T07:16:33.308Z</time></trkpt><trkpt lat="46.014003" lon="12.253748"><ele>788.348</ele><time>2025-08-04T07:16:36.308Z</time></trkpt><trkpt lat="46.014035" lon="12.253686"><ele>788.542</ele><time>2025-08-04T07:16:40.308Z</time></trkpt><trkpt lat="46.014060" lon="12.253628"><ele>788.422</ele><time>2025-08-04T07:16:44.308Z</time></trkpt><trkpt lat="46.014092" lon="12.253560"><ele>789.314</ele><time>2025-08-04T07:16:48.308Z</time></trkpt><trkpt lat="46.014127" lon="12.253518"><ele>790.809</ele><time>2025-08-04T07:16:52.308Z</time></trkpt><trkpt lat="46.014152" lon="12.253448"><ele>791.746</ele><time>2025-08-04T07:16:56.308Z</time></trkpt><trkpt lat="46.014149" lon="12.253381"><ele>791.356</ele><time>2025-08-04T07:16:59.308Z</time></trkpt><trkpt lat="46.014151" lon="12.253316"><ele>791.249</ele><time>2025-08-04T07:17:02.308Z</time></trkpt><trkpt lat="46.014178" lon="12.253244"><ele>792.244</ele><time>2025-08-04T07:17:07.308Z</time></trkpt><trkpt lat="46.014203" lon="12.253181"><ele>793.277</ele><time>2025-08-04T07:17:11.308Z</time></trkpt><trkpt lat="46.014236" lon="12.253126"><ele>794.552</ele><time>2025-08-04T07:17:15.308Z</time></trkpt><trkpt lat="46.014274" lon="12.253091"><ele>796.224</ele><time>2025-08-04T07:17:18.308Z</time></trkpt><trkpt lat="46.014306" lon="12.253041"><ele>797.212</ele><time>2025-08-04T07:17:22.308Z</time></trkpt><trkpt lat="46.014356" lon="12.253016"><ele>799.111</ele><time>2025-08-04T07:17:25.308Z</time></trkpt><trkpt lat="46.014414" lon="12.252991"><ele>801.478</ele><time>2025-08-04T07:17:29.308Z</time></trkpt><trkpt lat="46.014456" lon="12.252963"><ele>802.833</ele><time>2025-08-04T07:17:33.308Z</time></trkpt><trkpt lat="46.014486" lon="12.252906"><ele>803.126</ele><time>2025-08-04T07:17:37.308Z</time></trkpt><trkpt lat="46.014519" lon="12.252839"><ele>803.309</ele><time>2025-08-04T07:17:42.308Z</time></trkpt><trkpt lat="46.014549" lon="12.252776"><ele>803.599</ele><time>2025-08-04T07:17:47.308Z</time></trkpt><trkpt lat="46.014599" lon="12.252759"><ele>805.389</ele><time>2025-08-04T07:17:51.308Z</time></trkpt><trkpt lat="46.014624" lon="12.252684"><ele>805.262</ele><time>2025-08-04T07:17:55.308Z</time></trkpt><trkpt lat="46.014664" lon="12.252634"><ele>806.267</ele><time>2025-08-04T07:17:58.308Z</time></trkpt><trkpt lat="46.014706" lon="12.252604"><ele>807.730</ele><time>2025-08-04T07:18:02.308Z</time></trkpt><trkpt lat="46.014776" lon="12.252561"><ele>810.355</ele><time>2025-08-04T07:18:08.308Z</time></trkpt><trkpt lat="46.014828" lon="12.252523"><ele>812.077</ele><time>2025-08-04T07:18:12.308Z</time></trkpt><trkpt lat="46.014855" lon="12.252465"><ele>812.055</ele><time>2025-08-04T07:18:18.308Z</time></trkpt><trkpt lat="46.014858" lon="12.252400"><ele>810.774</ele><time>2025-08-04T07:18:21.308Z</time></trkpt><trkpt lat="46.014900" lon="12.252357"><ele>811.658</ele><time>2025-08-04T07:18:24.308Z</time></trkpt><trkpt lat="46.014950" lon="12.252319"><ele>812.952</ele><time>2025-08-04T07:18:28.308Z</time></trkpt><trkpt lat="46.015000" lon="12.252297"><ele>814.617</ele><time>2025-08-04T07:18:33.308Z</time></trkpt><trkpt lat="46.015030" lon="12.252245"><ele>814.809</ele><time>2025-08-04T07:18:38.309Z</time></trkpt><trkpt lat="46.015070" lon="12.252200"><ele>815.777</ele><time>2025-08-04T07:18:43.309Z</time></trkpt><trkpt lat="46.015108" lon="12.252152"><ele>816.547</ele><time>2025-08-04T07:18:47.309Z</time></trkpt><trkpt lat="46.015143" lon="12.252102"><ele>817.080</ele><time>2025-08-04T07:18:51.309Z</time></trkpt><trkpt lat="46.015175" lon="12.252052"><ele>817.355</ele><time>2025-08-04T07:18:55.309Z</time></trkpt><trkpt lat="46.015202" lon="12.251997"><ele>817.328</ele><time>2025-08-04T07:18:58.309Z</time></trkpt><trkpt lat="46.015240" lon="12.251949"><ele>817.783</ele><time>2025-08-04T07:19:00.309Z</time></trkpt><trkpt lat="46.015273" lon="12.251872"><ele>818.335</ele><time>2025-08-04T07:19:03.309Z</time></trkpt><trkpt lat="46.015291" lon="12.251812"><ele>818.763</ele><time>2025-08-04T07:19:07.309Z</time></trkpt><trkpt lat="46.015311" lon="12.251754"><ele>819.142</ele><time>2025-08-04T07:19:12.309Z</time></trkpt><trkpt lat="46.015356" lon="12.251707"><ele>820.673</ele><time>2025-08-04T07:19:15.309Z</time></trkpt><trkpt lat="46.015408" lon="12.251679"><ele>822.385</ele><time>2025-08-04T07:19:18.309Z</time></trkpt><trkpt lat="46.015453" lon="12.251639"><ele>823.513</ele><time>2025-08-04T07:19:21.309Z</time></trkpt><trkpt lat="46.015501" lon="12.251617"><ele>825.109</ele><time>2025-08-04T07:19:24.309Z</time></trkpt><trkpt lat="46.015526" lon="12.251557"><ele>825.259</ele><time>2025-08-04T07:19:29.309Z</time></trkpt><trkpt lat="46.015561" lon="12.251500"><ele>826.079</ele><time>2025-08-04T07:19:34.309Z</time></trkpt><trkpt lat="46.015581" lon="12.251418"><ele>826.072</ele><time>2025-08-04T07:19:39.309Z</time></trkpt><trkpt lat="46.015621" lon="12.251378"><ele>827.977</ele><time>2025-08-04T07:19:44.309Z</time></trkpt><trkpt lat="46.015651" lon="12.251313"><ele>829.180</ele><time>2025-08-04T07:19:51.309Z</time></trkpt><trkpt lat="46.015731" lon="12.251298"><ele>833.485</ele><time>2025-08-04T07:19:56.309Z</time></trkpt><trkpt lat="46.015883" lon="12.250858"><ele>834.437</ele><time>2025-08-04T07:20:22.309Z</time></trkpt><trkpt lat="46.015875" lon="12.250755"><ele>832.845</ele><time>2025-08-04T07:20:27.309Z</time></trkpt><trkpt lat="46.015897" lon="12.250692"><ele>832.954</ele><time>2025-08-04T07:20:31.309Z</time></trkpt><trkpt lat="46.015934" lon="12.250654"><ele>833.777</ele><time>2025-08-04T07:20:34.309Z</time></trkpt><trkpt lat="46.015984" lon="12.250629"><ele>835.161</ele><time>2025-08-04T07:20:39.309Z</time></trkpt><trkpt lat="46.016049" lon="12.250619"><ele>837.227</ele><time>2025-08-04T07:20:42.309Z</time></trkpt><trkpt lat="46.016054" lon="12.250544"><ele>835.909</ele><time>2025-08-04T07:20:48.309Z</time></trkpt><trkpt lat="46.016097" lon="12.250461"><ele>835.479</ele><time>2025-08-04T07:20:53.309Z</time></trkpt><trkpt lat="46.016149" lon="12.250433"><ele>836.869</ele><time>2025-08-04T07:20:57.309Z</time></trkpt><trkpt lat="46.016201" lon="12.250438"><ele>838.812</ele><time>2025-08-04T07:20:59.309Z</time></trkpt><trkpt lat="46.016251" lon="12.250443"><ele>840.887</ele><time>2025-08-04T07:21:02.309Z</time></trkpt><trkpt lat="46.016304" lon="12.250536"><ele>844.670</ele><time>2025-08-04T07:21:11.309Z</time></trkpt><trkpt lat="46.016259" lon="12.250581"><ele>843.915</ele><time>2025-08-04T07:21:16.309Z</time></trkpt><trkpt lat="46.016222" lon="12.250624"><ele>843.647</ele><time>2025-08-04T07:21:20.309Z</time></trkpt><trkpt lat="46.016175" lon="12.250624"><ele>841.815</ele><time>2025-08-04T07:21:23.309Z</time></trkpt><trkpt lat="46.016123" lon="12.250657"><ele>840.694</ele><time>2025-08-04T07:21:28.309Z</time></trkpt><trkpt lat="46.016088" lon="12.250712"><ele>840.561</ele><time>2025-08-04T07:21:33.309Z</time></trkpt><trkpt lat="46.016065" lon="12.250777"><ele>840.921</ele><time>2025-08-04T07:21:37.309Z</time></trkpt><trkpt lat="46.016028" lon="12.250827"><ele>840.313</ele><time>2025-08-04T07:21:41.309Z</time></trkpt><trkpt lat="46.015996" lon="12.250884"><ele>839.809</ele><time>2025-08-04T07:21:44.309Z</time></trkpt><trkpt lat="46.015979" lon="12.250959"><ele>840.168</ele><time>2025-08-04T07:21:48Z</time></trkpt><trkpt lat="46.015951" lon="12.251011"><ele>839.528</ele><time>2025-08-04T07:21:52.309Z</time></trkpt><trkpt lat="46.015934" lon="12.251079"><ele>839.681</ele><time>2025-08-04T07:21:55.309Z</time></trkpt><trkpt lat="46.015907" lon="12.251141"><ele>839.316</ele><time>2025-08-04T07:21:58.309Z</time></trkpt><trkpt lat="46.015900" lon="12.251209"><ele>840.429</ele><time>2025-08-04T07:22:01.309Z</time></trkpt><trkpt lat="46.015902" lon="12.251276"><ele>841.914</ele><time>2025-08-04T07:22:05.309Z</time></trkpt><trkpt lat="46.015879" lon="12.251349"><ele>842.396</ele><time>2025-08-04T07:22:10.309Z</time></trkpt><trkpt lat="46.015874" lon="12.251417"><ele>843.694</ele><time>2025-08-04T07:22:13.309Z</time></trkpt><trkpt lat="46.015874" lon="12.251505"><ele>845.973</ele><time>2025-08-04T07:22:16.309Z</time></trkpt><trkpt lat="46.015866" lon="12.251573"><ele>847.261</ele><time>2025-08-04T07:22:19.309Z</time></trkpt><trkpt lat="46.015848" lon="12.251633"><ele>847.921</ele><time>2025-08-04T07:22:22.309Z</time></trkpt><trkpt lat="46.015830" lon="12.251703"><ele>848.513</ele><time>2025-08-04T07:22:25.309Z</time></trkpt><trkpt lat="46.015827" lon="12.251780"><ele>850.009</ele><time>2025-08-04T07:22:28.309Z</time></trkpt><trkpt lat="46.015810" lon="12.251873"><ele>850.898</ele><time>2025-08-04T07:22:31.309Z</time></trkpt><trkpt lat="46.015800" lon="12.251965"><ele>852.128</ele><time>2025-08-04T07:22:34.309Z</time></trkpt><trkpt lat="46.015807" lon="12.252035"><ele>854.291</ele><time>2025-08-04T07:22:36.309Z</time></trkpt><trkpt lat="46.015805" lon="12.252102"><ele>855.786</ele><time>2025-08-04T07:22:39.309Z</time></trkpt><trkpt lat="46.015807" lon="12.252185"><ele>857.739</ele><time>2025-08-04T07:22:42.309Z</time></trkpt><trkpt lat="46.015795" lon="12.252263"><ele>858.434</ele><time>2025-08-04T07:22:45.309Z</time></trkpt><trkpt lat="46.015770" lon="12.252318"><ele>857.926</ele><time>2025-08-04T07:22:48.309Z</time></trkpt><trkpt lat="46.015730" lon="12.252366"><ele>856.614</ele><time>2025-08-04T07:22:51.309Z</time></trkpt><trkpt lat="46.015703" lon="12.252421"><ele>856.113</ele><time>2025-08-04T07:22:54.309Z</time></trkpt><trkpt lat="46.015686" lon="12.252496"><ele>856.696</ele><time>2025-08-04T07:22:57.309Z</time></trkpt><trkpt lat="46.015664" lon="12.252561"><ele>856.131</ele><time>2025-08-04T07:22:59.309Z</time></trkpt><trkpt lat="46.015676" lon="12.252651"><ele>857.324</ele><time>2025-08-04T07:23:01.309Z</time></trkpt><trkpt lat="46.015659" lon="12.252716"><ele>857.009</ele><time>2025-08-04T07:23:03.309Z</time></trkpt><trkpt lat="46.015627" lon="12.252796"><ele>856.291</ele><time>2025-08-04T07:23:06.309Z</time></trkpt><trkpt lat="46.015622" lon="12.252874"><ele>856.461</ele><time>2025-08-04T07:23:08.309Z</time></trkpt><trkpt lat="46.015609" lon="12.252957"><ele>856.264</ele><time>2025-08-04T07:23:11.309Z</time></trkpt><trkpt lat="46.015604" lon="12.253049"><ele>856.499</ele><time>2025-08-04T07:23:14.309Z</time></trkpt><trkpt lat="46.015607" lon="12.253114"><ele>857.122</ele><time>2025-08-04T07:23:16.309Z</time></trkpt><trkpt lat="46.015584" lon="12.253189"><ele>856.587</ele><time>2025-08-04T07:23:19.309Z</time></trkpt><trkpt lat="46.015576" lon="12.253264"><ele>856.679</ele><time>2025-08-04T07:23:21.309Z</time></trkpt><trkpt lat="46.015581" lon="12.253339"><ele>857.537</ele><time>2025-08-04T07:23:24.309Z</time></trkpt><trkpt lat="46.015564" lon="12.253426"><ele>857.516</ele><time>2025-08-04T07:23:27.309Z</time></trkpt><trkpt lat="46.015542" lon="12.253489"><ele>857.084</ele><time>2025-08-04T07:23:29.309Z</time></trkpt><trkpt lat="46.015520" lon="12.253577"><ele>856.807</ele><time>2025-08-04T07:23:32.309Z</time></trkpt><trkpt lat="46.015528" lon="12.253649"><ele>858.217</ele><time>2025-08-04T07:23:34.309Z</time></trkpt><trkpt lat="46.015533" lon="12.253724"><ele>859.509</ele><time>2025-08-04T07:23:36.309Z</time></trkpt><trkpt lat="46.015518" lon="12.253789"><ele>859.820</ele><time>2025-08-04T07:23:38.309Z</time></trkpt><trkpt lat="46.015513" lon="12.253857"><ele>860.590</ele><time>2025-08-04T07:23:40.309Z</time></trkpt><trkpt lat="46.015503" lon="12.253920"><ele>861.373</ele><time>2025-08-04T07:23:42.309Z</time></trkpt><trkpt lat="46.015488" lon="12.253982"><ele>861.928</ele><time>2025-08-04T07:23:44.309Z</time></trkpt><trkpt lat="46.015480" lon="12.254052"><ele>863.161</ele><time>2025-08-04T07:23:46.309Z</time></trkpt><trkpt lat="46.015438" lon="12.254119"><ele>862.216</ele><time>2025-08-04T07:23:49.309Z</time></trkpt><trkpt lat="46.015391" lon="12.254194"><ele>861.288</ele><time>2025-08-04T07:23:52.309Z</time></trkpt><trkpt lat="46.015371" lon="12.254252"><ele>861.316</ele><time>2025-08-04T07:23:54.309Z</time></trkpt><trkpt lat="46.015358" lon="12.254317"><ele>862.065</ele><time>2025-08-04T07:23:56.309Z</time></trkpt><trkpt lat="46.015340" lon="12.254407"><ele>863.055</ele><time>2025-08-04T07:23:59.309Z</time></trkpt><trkpt lat="46.015323" lon="12.254477"><ele>863.807</ele><time>2025-08-04T07:24:01.309Z</time></trkpt><trkpt lat="46.015305" lon="12.254540"><ele>864.717</ele><time>2025-08-04T07:24:03.309Z</time></trkpt><trkpt lat="46.015282" lon="12.254608"><ele>865.509</ele><time>2025-08-04T07:24:06.309Z</time></trkpt><trkpt lat="46.015259" lon="12.254665"><ele>866.317</ele><time>2025-08-04T07:24:12.309Z</time></trkpt><trkpt lat="46.015186" lon="12.254653"><ele>862.887</ele><time>2025-08-04T07:24:50.309Z</time></trkpt><trkpt lat="46.015238" lon="12.254623"><ele>864.160</ele><time>2025-08-04T07:25:23.309Z</time></trkpt><trkpt lat="46.015216" lon="12.254695"><ele>865.425</ele><time>2025-08-04T07:25:29.309Z</time></trkpt><trkpt lat="46.015184" lon="12.254762"><ele>866.078</ele><time>2025-08-04T07:25:31.309Z</time></trkpt><trkpt lat="46.015129" lon="12.254822"><ele>865.323</ele><time>2025-08-04T07:25:33.309Z</time></trkpt><trkpt lat="46.015082" lon="12.254904"><ele>865.315</ele><time>2025-08-04T07:25:35.309Z</time></trkpt><trkpt lat="46.015042" lon="12.254971"><ele>865.223</ele><time>2025-08-04T07:25:37.309Z</time></trkpt><trkpt lat="46.015009" lon="12.255044"><ele>864.412</ele><time>2025-08-04T07:25:39.309Z</time></trkpt><trkpt lat="46.014984" lon="12.255117"><ele>863.499</ele><time>2025-08-04T07:25:41.309Z</time></trkpt><trkpt lat="46.014976" lon="12.255185"><ele>863.107</ele><time>2025-08-04T07:25:43.310Z</time></trkpt><trkpt lat="46.015004" lon="12.255240"><ele>864.227</ele><time>2025-08-04T07:25:45.310Z</time></trkpt><trkpt lat="46.015031" lon="12.255293"><ele>865.209</ele><time>2025-08-04T07:25:47.310Z</time></trkpt><trkpt lat="46.015069" lon="12.255340"><ele>866.231</ele><time>2025-08-04T07:25:50.310Z</time></trkpt><trkpt lat="46.015111" lon="12.255370"><ele>867.581</ele><time>2025-08-04T07:25:53.310Z</time></trkpt><trkpt lat="46.015168" lon="12.255363"><ele>870.014</ele><time>2025-08-04T07:25:57.310Z</time></trkpt><trkpt lat="46.015203" lon="12.255296"><ele>872.579</ele><time>2025-08-04T07:26:01.310Z</time></trkpt><trkpt lat="46.015226" lon="12.255208"><ele>874.082</ele><time>2025-08-04T07:26:04.310Z</time></trkpt><trkpt lat="46.015236" lon="12.255145"><ele>874.647</ele><time>2025-08-04T07:26:06.310Z</time></trkpt><trkpt lat="46.015241" lon="12.255053"><ele>875.189</ele><time>2025-08-04T07:26:09.310Z</time></trkpt><trkpt lat="46.015263" lon="12.254981"><ele>875.887</ele><time>2025-08-04T07:26:12.310Z</time></trkpt><trkpt lat="46.015310" lon="12.254939"><ele>876.766</ele><time>2025-08-04T07:26:18.310Z</time></trkpt><trkpt lat="46.015353" lon="12.254894"><ele>877.438</ele><time>2025-08-04T07:26:24.310Z</time></trkpt><trkpt lat="46.015383" lon="12.254831"><ele>877.170</ele><time>2025-08-04T07:26:27.310Z</time></trkpt><trkpt lat="46.015425" lon="12.254786"><ele>878.017</ele><time>2025-08-04T07:26:31.310Z</time></trkpt><trkpt lat="46.015477" lon="12.254748"><ele>879.709</ele><time>2025-08-04T07:26:35.310Z</time></trkpt><trkpt lat="46.015509" lon="12.254685"><ele>879.875</ele><time>2025-08-04T07:26:40.310Z</time></trkpt><trkpt lat="46.015544" lon="12.254617"><ele>880.125</ele><time>2025-08-04T07:26:43.310Z</time></trkpt><trkpt lat="46.015571" lon="12.254562"><ele>880.498</ele><time>2025-08-04T07:26:46Z</time></trkpt><trkpt lat="46.015611" lon="12.254517"><ele>882.023</ele><time>2025-08-04T07:26:49.310Z</time></trkpt><trkpt lat="46.015638" lon="12.254452"><ele>882.736</ele><time>2025-08-04T07:26:53.310Z</time></trkpt><trkpt lat="46.015663" lon="12.254379"><ele>882.861</ele><time>2025-08-04T07:26:59.310Z</time></trkpt><trkpt lat="46.015711" lon="12.254324"><ele>884.813</ele><time>2025-08-04T07:27:03.310Z</time></trkpt><trkpt lat="46.015758" lon="12.254284"><ele>887.231</ele><time>2025-08-04T07:27:06.310Z</time></trkpt><trkpt lat="46.015801" lon="12.254236"><ele>889.210</ele><time>2025-08-04T07:27:10.310Z</time></trkpt><trkpt lat="46.015866" lon="12.254224"><ele>893.052</ele><time>2025-08-04T07:27:13.310Z</time></trkpt><trkpt lat="46.015911" lon="12.254187"><ele>894.653</ele><time>2025-08-04T07:27:16.310Z</time></trkpt><trkpt lat="46.015934" lon="12.254120"><ele>894.308</ele><time>2025-08-04T07:27:20.310Z</time></trkpt><trkpt lat="46.015956" lon="12.254048"><ele>893.709</ele><time>2025-08-04T07:27:24.310Z</time></trkpt><trkpt lat="46.015971" lon="12.253980"><ele>892.717</ele><time>2025-08-04T07:27:27.310Z</time></trkpt><trkpt lat="46.015973" lon="12.253897"><ele>890.787</ele><time>2025-08-04T07:27:30.310Z</time></trkpt><trkpt lat="46.015996" lon="12.253839"><ele>891.030</ele><time>2025-08-04T07:27:33.310Z</time></trkpt><trkpt lat="46.016013" lon="12.253769"><ele>890.995</ele><time>2025-08-04T07:27:36.310Z</time></trkpt><trkpt lat="46.016040" lon="12.253714"><ele>891.878</ele><time>2025-08-04T07:27:39.310Z</time></trkpt><trkpt lat="46.016063" lon="12.253657"><ele>892.583</ele><time>2025-08-04T07:27:42.310Z</time></trkpt><trkpt lat="46.016096" lon="12.253604"><ele>894.095</ele><time>2025-08-04T07:27:45.310Z</time></trkpt><trkpt lat="46.016131" lon="12.253551"><ele>895.113</ele><time>2025-08-04T07:27:48.310Z</time></trkpt><trkpt lat="46.016149" lon="12.253483"><ele>895.042</ele><time>2025-08-04T07:27:52.310Z</time></trkpt><trkpt lat="46.016154" lon="12.253413"><ele>894.511</ele><time>2025-08-04T07:27:55.310Z</time></trkpt><trkpt lat="46.016186" lon="12.253356"><ele>895.221</ele><time>2025-08-04T07:27:58.310Z</time></trkpt><trkpt lat="46.016199" lon="12.253291"><ele>895.003</ele><time>2025-08-04T07:28:01.310Z</time></trkpt><trkpt lat="46.016226" lon="12.253234"><ele>895.609</ele><time>2025-08-04T07:28:04.310Z</time></trkpt><trkpt lat="46.016261" lon="12.253184"><ele>896.743</ele><time>2025-08-04T07:28:07.310Z</time></trkpt><trkpt lat="46.016291" lon="12.253117"><ele>897.533</ele><time>2025-08-04T07:28:12.310Z</time></trkpt><trkpt lat="46.016319" lon="12.253064"><ele>898.576</ele><time>2025-08-04T07:28:15.310Z</time></trkpt><trkpt lat="46.016346" lon="12.253002"><ele>899.331</ele><time>2025-08-04T07:28:17.310Z</time></trkpt><trkpt lat="46.016376" lon="12.252950"><ele>900.574</ele><time>2025-08-04T07:28:20.310Z</time></trkpt><trkpt lat="46.016389" lon="12.252887"><ele>900.859</ele><time>2025-08-04T07:28:24.310Z</time></trkpt><trkpt lat="46.016424" lon="12.252827"><ele>901.941</ele><time>2025-08-04T07:28:33.310Z</time></trkpt><trkpt lat="46.016451" lon="12.252772"><ele>902.679</ele><time>2025-08-04T07:28:36.310Z</time></trkpt><trkpt lat="46.016529" lon="12.252667"><ele>903.978</ele><time>2025-08-04T07:28:41.310Z</time></trkpt><trkpt lat="46.016559" lon="12.252585"><ele>903.643</ele><time>2025-08-04T07:28:44.310Z</time></trkpt><trkpt lat="46.016582" lon="12.252502"><ele>903.164</ele><time>2025-08-04T07:28:46.310Z</time></trkpt><trkpt lat="46.016605" lon="12.252430"><ele>903.410</ele><time>2025-08-04T07:28:49.310Z</time></trkpt><trkpt lat="46.016638" lon="12.252357"><ele>904.409</ele><time>2025-08-04T07:28:51.310Z</time></trkpt><trkpt lat="46.016676" lon="12.252300"><ele>906.046</ele><time>2025-08-04T07:28:55.310Z</time></trkpt><trkpt lat="46.016701" lon="12.252232"><ele>906.756</ele><time>2025-08-04T07:28:58.310Z</time></trkpt><trkpt lat="46.016711" lon="12.252167"><ele>906.349</ele><time>2025-08-04T07:29:00.310Z</time></trkpt><trkpt lat="46.016744" lon="12.252117"><ele>907.144</ele><time>2025-08-04T07:29:02.310Z</time></trkpt><trkpt lat="46.016784" lon="12.252055"><ele>908.187</ele><time>2025-08-04T07:29:06.310Z</time></trkpt><trkpt lat="46.016812" lon="12.251983"><ele>908.462</ele><time>2025-08-04T07:29:10.310Z</time></trkpt><trkpt lat="46.016839" lon="12.251928"><ele>908.764</ele><time>2025-08-04T07:29:13.310Z</time></trkpt><trkpt lat="46.016876" lon="12.251873"><ele>909.232</ele><time>2025-08-04T07:29:16.310Z</time></trkpt><trkpt lat="46.016916" lon="12.251831"><ele>910.411</ele><time>2025-08-04T07:29:19.310Z</time></trkpt><trkpt lat="46.016959" lon="12.251791"><ele>911.942</ele><time>2025-08-04T07:29:22.310Z</time></trkpt><trkpt lat="46.017004" lon="12.251769"><ele>913.322</ele><time>2025-08-04T07:29:25.310Z</time></trkpt><trkpt lat="46.017056" lon="12.251741"><ele>914.814</ele><time>2025-08-04T07:29:28.310Z</time></trkpt><trkpt lat="46.017099" lon="12.251719"><ele>915.909</ele><time>2025-08-04T07:29:30.310Z</time></trkpt><trkpt lat="46.017117" lon="12.251602"><ele>913.566</ele><time>2025-08-04T07:29:35.310Z</time></trkpt><trkpt lat="46.017175" lon="12.251564"><ele>914.856</ele><time>2025-08-04T07:29:40.310Z</time></trkpt><trkpt lat="46.017220" lon="12.251531"><ele>916.099</ele><time>2025-08-04T07:29:43.310Z</time></trkpt><trkpt lat="46.017265" lon="12.251504"><ele>917.934</ele><time>2025-08-04T07:29:45.310Z</time></trkpt><trkpt lat="46.017315" lon="12.251457"><ele>919.627</ele><time>2025-08-04T07:29:48.310Z</time></trkpt><trkpt lat="46.017350" lon="12.251405"><ele>920.312</ele><time>2025-08-04T07:29:53.310Z</time></trkpt><trkpt lat="46.017580" lon="12.251242"><ele>927.654</ele><time>2025-08-04T07:30:10.310Z</time></trkpt><trkpt lat="46.017652" lon="12.251239"><ele>931.032</ele><time>2025-08-04T07:30:12.310Z</time></trkpt><trkpt lat="46.017704" lon="12.251209"><ele>932.631</ele><time>2025-08-04T07:30:16.310Z</time></trkpt><trkpt lat="46.017736" lon="12.251099"><ele>930.831</ele><time>2025-08-04T07:30:22.310Z</time></trkpt><trkpt lat="46.017948" lon="12.250421"><ele>925.061</ele><time>2025-08-04T07:30:47.310Z</time></trkpt><trkpt lat="46.017968" lon="12.250354"><ele>924.307</ele><time>2025-08-04T07:30:49.310Z</time></trkpt><trkpt lat="46.017991" lon="12.250289"><ele>923.709</ele><time>2025-08-04T07:30:52.310Z</time></trkpt><trkpt lat="46.018056" lon="12.250267"><ele>925.835</ele><time>2025-08-04T07:30:55.310Z</time></trkpt><trkpt lat="46.018106" lon="12.250267"><ele>927.815</ele><time>2025-08-04T07:30:57.310Z</time></trkpt><trkpt lat="46.018136" lon="12.250204"><ele>927.888</ele><time>2025-08-04T07:31:01.310Z</time></trkpt><trkpt lat="46.018168" lon="12.250134"><ele>928.073</ele><time>2025-08-04T07:31:05.310Z</time></trkpt><trkpt lat="46.018188" lon="12.250064"><ele>927.776</ele><time>2025-08-04T07:31:08.310Z</time></trkpt><trkpt lat="46.018208" lon="12.249999"><ele>927.721</ele><time>2025-08-04T07:31:10.310Z</time></trkpt><trkpt lat="46.018236" lon="12.249926"><ele>928.713</ele><time>2025-08-04T07:31:13.310Z</time></trkpt><trkpt lat="46.018256" lon="12.249864"><ele>929.511</ele><time>2025-08-04T07:31:16Z</time></trkpt><trkpt lat="46.018266" lon="12.249764"><ele>929.670</ele><time>2025-08-04T07:31:19.310Z</time></trkpt><trkpt lat="46.018278" lon="12.249697"><ele>930.277</ele><time>2025-08-04T07:31:22.310Z</time></trkpt><trkpt lat="46.018305" lon="12.249634"><ele>931.961</ele><time>2025-08-04T07:31:25.310Z</time></trkpt><trkpt lat="46.018340" lon="12.249539"><ele>933.927</ele><time>2025-08-04T07:31:31.310Z</time></trkpt><trkpt lat="46.018318" lon="12.249429"><ele>933.709</ele><time>2025-08-04T07:31:34.310Z</time></trkpt><trkpt lat="46.018295" lon="12.249347"><ele>934.769</ele><time>2025-08-04T07:31:37.310Z</time></trkpt><trkpt lat="46.018265" lon="12.249285"><ele>935.029</ele><time>2025-08-04T07:31:41.310Z</time></trkpt><trkpt lat="46.018237" lon="12.249222"><ele>935.522</ele><time>2025-08-04T07:31:45.310Z</time></trkpt><trkpt lat="46.018214" lon="12.249162"><ele>936.287</ele><time>2025-08-04T07:31:47.310Z</time></trkpt><trkpt lat="46.018199" lon="12.249067"><ele>937.450</ele><time>2025-08-04T07:31:49.310Z</time></trkpt><trkpt lat="46.018176" lon="12.249009"><ele>937.755</ele><time>2025-08-04T07:31:53.310Z</time></trkpt><trkpt lat="46.018194" lon="12.248947"><ele>939.447</ele><time>2025-08-04T07:31:58.310Z</time></trkpt><trkpt lat="46.018229" lon="12.248885"><ele>941.685</ele><time>2025-08-04T07:32:02.310Z</time></trkpt><trkpt lat="46.018252" lon="12.248802"><ele>942.514</ele><time>2025-08-04T07:32:04.310Z</time></trkpt><trkpt lat="46.018284" lon="12.248729"><ele>943.825</ele><time>2025-08-04T07:32:07.310Z</time></trkpt><trkpt lat="46.018307" lon="12.248647"><ele>944.926</ele><time>2025-08-04T07:32:10.310Z</time></trkpt><trkpt lat="46.018315" lon="12.248572"><ele>945.008</ele><time>2025-08-04T07:32:13.310Z</time></trkpt><trkpt lat="46.018325" lon="12.248500"><ele>944.909</ele><time>2025-08-04T07:32:17.310Z</time></trkpt><trkpt lat="46.018350" lon="12.248428"><ele>945.684</ele><time>2025-08-04T07:32:19.310Z</time></trkpt><trkpt lat="46.018362" lon="12.248343"><ele>945.654</ele><time>2025-08-04T07:32:22.310Z</time></trkpt><trkpt lat="46.018359" lon="12.248258"><ele>946.217</ele><time>2025-08-04T07:32:25Z</time></trkpt><trkpt lat="46.018331" lon="12.248196"><ele>945.452</ele><time>2025-08-04T07:32:27.311Z</time></trkpt><trkpt lat="46.018284" lon="12.248144"><ele>944.665</ele><time>2025-08-04T07:32:30.311Z</time></trkpt><trkpt lat="46.018251" lon="12.248094"><ele>944.270</ele><time>2025-08-04T07:32:33.311Z</time></trkpt><trkpt lat="46.018218" lon="12.248034"><ele>944.452</ele><time>2025-08-04T07:32:36.311Z</time></trkpt><trkpt lat="46.018190" lon="12.247971"><ele>945.740</ele><time>2025-08-04T07:32:39.311Z</time></trkpt><trkpt lat="46.018167" lon="12.247903"><ele>947.389</ele><time>2025-08-04T07:32:42.311Z</time></trkpt><trkpt lat="46.018149" lon="12.247833"><ele>948.952</ele><time>2025-08-04T07:32:45.311Z</time></trkpt><trkpt lat="46.018142" lon="12.247760"><ele>950.653</ele><time>2025-08-04T07:32:47.311Z</time></trkpt><trkpt lat="46.018137" lon="12.247673"><ele>951.308</ele><time>2025-08-04T07:32:50Z</time></trkpt><trkpt lat="46.018137" lon="12.247596"><ele>952.109</ele><time>2025-08-04T07:32:53.311Z</time></trkpt><trkpt lat="46.018145" lon="12.247523"><ele>953.357</ele><time>2025-08-04T07:32:57.311Z</time></trkpt><trkpt lat="46.018172" lon="12.247470"><ele>954.567</ele><time>2025-08-04T07:33:00.311Z</time></trkpt><trkpt lat="46.018209" lon="12.247408"><ele>955.640</ele><time>2025-08-04T07:33:03.311Z</time></trkpt><trkpt lat="46.018264" lon="12.247398"><ele>958.585</ele><time>2025-08-04T07:33:07.311Z</time></trkpt><trkpt lat="46.018314" lon="12.247425"><ele>961.418</ele><time>2025-08-04T07:33:11.311Z</time></trkpt><trkpt lat="46.018362" lon="12.247398"><ele>963.513</ele><time>2025-08-04T07:33:15.311Z</time></trkpt><trkpt lat="46.018395" lon="12.247341"><ele>964.555</ele><time>2025-08-04T07:33:18.311Z</time></trkpt><trkpt lat="46.018442" lon="12.247308"><ele>966.263</ele><time>2025-08-04T07:33:21.311Z</time></trkpt><trkpt lat="46.018469" lon="12.247253"><ele>966.732</ele><time>2025-08-04T07:33:24Z</time></trkpt><trkpt lat="46.018506" lon="12.247205"><ele>967.554</ele><time>2025-08-04T07:33:29.311Z</time></trkpt><trkpt lat="46.018536" lon="12.247105"><ele>966.656</ele><time>2025-08-04T07:33:34.311Z</time></trkpt><trkpt lat="46.018541" lon="12.247035"><ele>965.311</ele><time>2025-08-04T07:33:36.311Z</time></trkpt><trkpt lat="46.018534" lon="12.246968"><ele>963.609</ele><time>2025-08-04T07:33:38.311Z</time></trkpt><trkpt lat="46.018487" lon="12.246900"><ele>961.987</ele><time>2025-08-04T07:33:41.311Z</time></trkpt><trkpt lat="46.018439" lon="12.246850"><ele>961.247</ele><time>2025-08-04T07:33:44.311Z</time></trkpt><trkpt lat="46.018404" lon="12.246800"><ele>961.460</ele><time>2025-08-04T07:33:47.311Z</time></trkpt><trkpt lat="46.018351" lon="12.246798"><ele>959.575</ele><time>2025-08-04T07:33:51.311Z</time></trkpt><trkpt lat="46.018309" lon="12.246765"><ele>959.238</ele><time>2025-08-04T07:33:54.311Z</time></trkpt><trkpt lat="46.018267" lon="12.246718"><ele>959.453</ele><time>2025-08-04T07:33:57.311Z</time></trkpt><trkpt lat="46.018230" lon="12.246640"><ele>960.345</ele><time>2025-08-04T07:34:00.311Z</time></trkpt><trkpt lat="46.018198" lon="12.246570"><ele>960.283</ele><time>2025-08-04T07:34:02.311Z</time></trkpt><trkpt lat="46.018170" lon="12.246488"><ele>960.592</ele><time>2025-08-04T07:34:05.311Z</time></trkpt><trkpt lat="46.018140" lon="12.246408"><ele>960.781</ele><time>2025-08-04T07:34:08.311Z</time></trkpt><trkpt lat="46.018115" lon="12.246335"><ele>960.861</ele><time>2025-08-04T07:34:12.311Z</time></trkpt><trkpt lat="46.018090" lon="12.246270"><ele>960.617</ele><time>2025-08-04T07:34:17.311Z</time></trkpt><trkpt lat="46.018090" lon="12.246190"><ele>961.609</ele><time>2025-08-04T07:34:21.311Z</time></trkpt><trkpt lat="46.018092" lon="12.246113"><ele>962.610</ele><time>2025-08-04T07:34:24.311Z</time></trkpt><trkpt lat="46.018094" lon="12.246033"><ele>964.150</ele><time>2025-08-04T07:34:27.311Z</time></trkpt><trkpt lat="46.018101" lon="12.245968"><ele>965.513</ele><time>2025-08-04T07:34:30.311Z</time></trkpt><trkpt lat="46.018091" lon="12.245880"><ele>966.798</ele><time>2025-08-04T07:34:34.311Z</time></trkpt><trkpt lat="46.018084" lon="12.245807"><ele>967.531</ele><time>2025-08-04T07:34:37.311Z</time></trkpt><trkpt lat="46.018087" lon="12.245735"><ele>968.456</ele><time>2025-08-04T07:34:40.311Z</time></trkpt><trkpt lat="46.018082" lon="12.245668"><ele>968.918</ele><time>2025-08-04T07:34:45.311Z</time></trkpt><trkpt lat="46.018102" lon="12.245586"><ele>970.736</ele><time>2025-08-04T07:34:50.311Z</time></trkpt><trkpt lat="46.018130" lon="12.245509"><ele>972.335</ele><time>2025-08-04T07:34:54.311Z</time></trkpt><trkpt lat="46.018127" lon="12.245432"><ele>972.262</ele><time>2025-08-04T07:34:59.311Z</time></trkpt><trkpt lat="46.018124" lon="12.245354"><ele>972.183</ele><time>2025-08-04T07:35:02.311Z</time></trkpt><trkpt lat="46.018137" lon="12.245274"><ele>972.811</ele><time>2025-08-04T07:35:06.311Z</time></trkpt><trkpt lat="46.018167" lon="12.245209"><ele>974.109</ele><time>2025-08-04T07:35:09.311Z</time></trkpt><trkpt lat="46.018172" lon="12.245137"><ele>974.228</ele><time>2025-08-04T07:35:12.311Z</time></trkpt><trkpt lat="46.018159" lon="12.245070"><ele>973.418</ele><time>2025-08-04T07:35:15.311Z</time></trkpt><trkpt lat="46.018184" lon="12.245000"><ele>974.521</ele><time>2025-08-04T07:35:20.311Z</time></trkpt><trkpt lat="46.018227" lon="12.244958"><ele>976.116</ele><time>2025-08-04T07:35:24.311Z</time></trkpt><trkpt lat="46.018260" lon="12.244908"><ele>977.199</ele><time>2025-08-04T07:35:28.311Z</time></trkpt><trkpt lat="46.018292" lon="12.244846"><ele>977.824</ele><time>2025-08-04T07:35:33.311Z</time></trkpt><trkpt lat="46.018320" lon="12.244791"><ele>978.466</ele><time>2025-08-04T07:35:37.311Z</time></trkpt><trkpt lat="46.018363" lon="12.244724"><ele>979.464</ele><time>2025-08-04T07:35:41.311Z</time></trkpt><trkpt lat="46.018401" lon="12.244677"><ele>979.973</ele><time>2025-08-04T07:35:43.311Z</time></trkpt><trkpt lat="46.018438" lon="12.244634"><ele>980.443</ele><time>2025-08-04T07:35:46.311Z</time></trkpt><trkpt lat="46.018476" lon="12.244587"><ele>980.864</ele><time>2025-08-04T07:35:51.311Z</time></trkpt><trkpt lat="46.018533" lon="12.244567"><ele>982.910</ele><time>2025-08-04T07:35:56.311Z</time></trkpt><trkpt lat="46.018585" lon="12.244544"><ele>984.609</ele><time>2025-08-04T07:35:59.311Z</time></trkpt><trkpt lat="46.018655" lon="12.244462"><ele>985.136</ele><time>2025-08-04T07:36:05.311Z</time></trkpt><trkpt lat="46.018697" lon="12.244432"><ele>985.686</ele><time>2025-08-04T07:36:08.311Z</time></trkpt><trkpt lat="46.018742" lon="12.244392"><ele>985.889</ele><time>2025-08-04T07:36:11.311Z</time></trkpt><trkpt lat="46.018787" lon="12.244367"><ele>986.674</ele><time>2025-08-04T07:36:13.311Z</time></trkpt><trkpt lat="46.018832" lon="12.244337"><ele>987.337</ele><time>2025-08-04T07:36:16.311Z</time></trkpt><trkpt lat="46.018862" lon="12.244282"><ele>986.712</ele><time>2025-08-04T07:36:20.311Z</time></trkpt><trkpt lat="46.018899" lon="12.244235"><ele>986.674</ele><time>2025-08-04T07:36:25.311Z</time></trkpt><trkpt lat="46.018944" lon="12.244225"><ele>987.842</ele><time>2025-08-04T07:36:29.311Z</time></trkpt><trkpt lat="46.018996" lon="12.244237"><ele>989.991</ele><time>2025-08-04T07:36:32.311Z</time></trkpt><trkpt lat="46.019044" lon="12.244249"><ele>991.971</ele><time>2025-08-04T07:36:35.311Z</time></trkpt><trkpt lat="46.019091" lon="12.244229"><ele>993.041</ele><time>2025-08-04T07:36:41.311Z</time></trkpt><trkpt lat="46.019083" lon="12.244162"><ele>991.015</ele><time>2025-08-04T07:36:44.311Z</time></trkpt><trkpt lat="46.019073" lon="12.244062"><ele>990.809</ele><time>2025-08-04T07:36:47.311Z</time></trkpt><trkpt lat="46.019053" lon="12.243972"><ele>990.069</ele><time>2025-08-04T07:36:50.311Z</time></trkpt><trkpt lat="46.019026" lon="12.243895"><ele>988.969</ele><time>2025-08-04T07:36:53.311Z</time></trkpt><trkpt lat="46.018993" lon="12.243825"><ele>988.762</ele><time>2025-08-04T07:36:56.311Z</time></trkpt><trkpt lat="46.018980" lon="12.243733"><ele>989.937</ele><time>2025-08-04T07:36:59.311Z</time></trkpt><trkpt lat="46.018948" lon="12.243681"><ele>989.710</ele><time>2025-08-04T07:37:02.311Z</time></trkpt><trkpt lat="46.018900" lon="12.243681"><ele>987.935</ele><time>2025-08-04T07:37:04.311Z</time></trkpt><trkpt lat="46.018893" lon="12.243608"><ele>989.217</ele><time>2025-08-04T07:37:09.311Z</time></trkpt><trkpt lat="46.018906" lon="12.243535"><ele>991.265</ele><time>2025-08-04T07:37:15.311Z</time></trkpt><trkpt lat="46.018888" lon="12.243450"><ele>992.564</ele><time>2025-08-04T07:37:19.311Z</time></trkpt><trkpt lat="46.018873" lon="12.243382"><ele>993.483</ele><time>2025-08-04T07:37:22.311Z</time></trkpt><trkpt lat="46.018853" lon="12.243314"><ele>994.225</ele><time>2025-08-04T07:37:25.311Z</time></trkpt><trkpt lat="46.018853" lon="12.243226"><ele>995.617</ele><time>2025-08-04T07:37:29.311Z</time></trkpt><trkpt lat="46.018863" lon="12.243126"><ele>997.709</ele><time>2025-08-04T07:37:32.311Z</time></trkpt><trkpt lat="46.018845" lon="12.243029"><ele>998.670</ele><time>2025-08-04T07:37:35.311Z</time></trkpt><trkpt lat="46.018820" lon="12.242961"><ele>998.770</ele><time>2025-08-04T07:37:38.311Z</time></trkpt><trkpt lat="46.018798" lon="12.242868"><ele>999.523</ele><time>2025-08-04T07:37:41.311Z</time></trkpt><trkpt lat="46.018776" lon="12.242773"><ele>1000.268</ele><time>2025-08-04T07:37:43.311Z</time></trkpt><trkpt lat="46.018754" lon="12.242695"><ele>1001.051</ele><time>2025-08-04T07:37:45.311Z</time></trkpt><trkpt lat="46.018732" lon="12.242637"><ele>1001.356</ele><time>2025-08-04T07:37:47.311Z</time></trkpt><trkpt lat="46.018702" lon="12.242567"><ele>1001.558</ele><time>2025-08-04T07:37:50.311Z</time></trkpt><trkpt lat="46.018685" lon="12.242495"><ele>1002.366</ele><time>2025-08-04T07:37:53.311Z</time></trkpt><trkpt lat="46.018665" lon="12.242432"><ele>1002.395</ele><time>2025-08-04T07:37:56.311Z</time></trkpt><trkpt lat="46.018660" lon="12.242364"><ele>1003.166</ele><time>2025-08-04T07:38:00.311Z</time></trkpt><trkpt lat="46.018667" lon="12.242292"><ele>1004.429</ele><time>2025-08-04T07:38:02.311Z</time></trkpt><trkpt lat="46.018644" lon="12.242179"><ele>1005.121</ele><time>2025-08-04T07:38:07.311Z</time></trkpt><trkpt lat="46.018624" lon="12.242121"><ele>1005.009</ele><time>2025-08-04T07:38:09.311Z</time></trkpt><trkpt lat="46.018601" lon="12.242026"><ele>1005.418</ele><time>2025-08-04T07:38:12.311Z</time></trkpt><trkpt lat="46.018586" lon="12.241956"><ele>1005.738</ele><time>2025-08-04T07:38:14.311Z</time></trkpt><trkpt lat="46.018541" lon="12.241939"><ele>1004.081</ele><time>2025-08-04T07:38:18.311Z</time></trkpt><trkpt lat="46.018554" lon="12.241809"><ele>1006.026</ele><time>2025-08-04T07:38:25.311Z</time></trkpt><trkpt lat="46.018572" lon="12.241722"><ele>1007.759</ele><time>2025-08-04T07:38:27.311Z</time></trkpt><trkpt lat="46.018585" lon="12.241654"><ele>1009.044</ele><time>2025-08-04T07:38:30.311Z</time></trkpt><trkpt lat="46.018585" lon="12.241556"><ele>1010.156</ele><time>2025-08-04T07:38:34.311Z</time></trkpt><trkpt lat="46.018607" lon="12.241479"><ele>1011.824</ele><time>2025-08-04T07:38:36.311Z</time></trkpt><trkpt lat="46.018604" lon="12.241401"><ele>1012.613</ele><time>2025-08-04T07:38:40.311Z</time></trkpt><trkpt lat="46.018569" lon="12.241324"><ele>1011.966</ele><time>2025-08-04T07:38:43.311Z</time></trkpt><trkpt lat="46.018572" lon="12.241259"><ele>1012.829</ele><time>2025-08-04T07:38:45.311Z</time></trkpt><trkpt lat="46.018557" lon="12.241177"><ele>1013.121</ele><time>2025-08-04T07:38:48.311Z</time></trkpt><trkpt lat="46.018534" lon="12.241109"><ele>1013.009</ele><time>2025-08-04T07:38:50.311Z</time></trkpt><trkpt lat="46.018517" lon="12.241047"><ele>1012.988</ele><time>2025-08-04T07:38:52.311Z</time></trkpt><trkpt lat="46.018479" lon="12.240994"><ele>1011.838</ele><time>2025-08-04T07:38:55.311Z</time></trkpt><trkpt lat="46.018439" lon="12.240936"><ele>1010.751</ele><time>2025-08-04T07:38:59.311Z</time></trkpt><trkpt lat="46.018411" lon="12.240858"><ele>1010.286</ele><time>2025-08-04T07:39:03.311Z</time></trkpt><trkpt lat="46.018394" lon="12.240773"><ele>1010.569</ele><time>2025-08-04T07:39:06.311Z</time></trkpt><trkpt lat="46.018401" lon="12.240680"><ele>1012.144</ele><time>2025-08-04T07:39:10.311Z</time></trkpt><trkpt lat="46.018394" lon="12.240580"><ele>1013.346</ele><time>2025-08-04T07:39:14.312Z</time></trkpt><trkpt lat="46.018389" lon="12.240500"><ele>1014.324</ele><time>2025-08-04T07:39:18Z</time></trkpt><trkpt lat="46.018379" lon="12.240437"><ele>1015.053</ele><time>2025-08-04T07:39:21.312Z</time></trkpt><trkpt lat="46.018349" lon="12.240382"><ele>1014.724</ele><time>2025-08-04T07:39:24.312Z</time></trkpt><trkpt lat="46.018329" lon="12.240309"><ele>1015.204</ele><time>2025-08-04T07:39:27.312Z</time></trkpt><trkpt lat="46.018324" lon="12.240224"><ele>1016.514</ele><time>2025-08-04T07:39:30.312Z</time></trkpt><trkpt lat="46.018314" lon="12.240147"><ele>1017.409</ele><time>2025-08-04T07:39:33.312Z</time></trkpt><trkpt lat="46.018311" lon="12.240080"><ele>1018.444</ele><time>2025-08-04T07:39:36.312Z</time></trkpt><trkpt lat="46.018323" lon="12.240015"><ele>1020.254</ele><time>2025-08-04T07:39:39.312Z</time></trkpt><trkpt lat="46.018305" lon="12.239948"><ele>1020.127</ele><time>2025-08-04T07:39:42.312Z</time></trkpt><trkpt lat="46.018287" lon="12.239865"><ele>1020.362</ele><time>2025-08-04T07:39:45.312Z</time></trkpt><trkpt lat="46.018287" lon="12.239798"><ele>1021.295</ele><time>2025-08-04T07:39:48.312Z</time></trkpt><trkpt lat="46.018284" lon="12.239730"><ele>1021.970</ele><time>2025-08-04T07:39:50.312Z</time></trkpt><trkpt lat="46.018272" lon="12.239645"><ele>1022.822</ele><time>2025-08-04T07:39:54.312Z</time></trkpt><trkpt lat="46.018300" lon="12.239583"><ele>1024.520</ele><time>2025-08-04T07:39:57.312Z</time></trkpt><trkpt lat="46.018295" lon="12.239513"><ele>1025.489</ele><time>2025-08-04T07:40:00.312Z</time></trkpt><trkpt lat="46.018280" lon="12.239436"><ele>1026.229</ele><time>2025-08-04T07:40:02.312Z</time></trkpt><trkpt lat="46.018253" lon="12.239369"><ele>1026.800</ele><time>2025-08-04T07:40:05.312Z</time></trkpt><trkpt lat="46.018190" lon="12.239319"><ele>1026.720</ele><time>2025-08-04T07:40:08.312Z</time></trkpt><trkpt lat="46.018148" lon="12.239279"><ele>1026.809</ele><time>2025-08-04T07:40:10.312Z</time></trkpt><trkpt lat="46.018085" lon="12.239261"><ele>1026.484</ele><time>2025-08-04T07:40:13Z</time></trkpt><trkpt lat="46.018040" lon="12.239269"><ele>1025.394</ele><time>2025-08-04T07:40:15.312Z</time></trkpt><trkpt lat="46.017975" lon="12.239264"><ele>1023.517</ele><time>2025-08-04T07:40:18.312Z</time></trkpt><trkpt lat="46.017933" lon="12.239237"><ele>1022.762</ele><time>2025-08-04T07:40:20.312Z</time></trkpt><trkpt lat="46.017905" lon="12.239169"><ele>1023.115</ele><time>2025-08-04T07:40:22.312Z</time></trkpt><trkpt lat="46.017887" lon="12.239106"><ele>1023.020</ele><time>2025-08-04T07:40:24.312Z</time></trkpt><trkpt lat="46.017875" lon="12.239033"><ele>1023.192</ele><time>2025-08-04T07:40:26.312Z</time></trkpt><trkpt lat="46.017880" lon="12.238968"><ele>1023.870</ele><time>2025-08-04T07:40:28.312Z</time></trkpt><trkpt lat="46.017927" lon="12.238908"><ele>1026.399</ele><time>2025-08-04T07:40:31.312Z</time></trkpt><trkpt lat="46.017975" lon="12.238858"><ele>1028.523</ele><time>2025-08-04T07:40:34.312Z</time></trkpt><trkpt lat="46.018002" lon="12.238803"><ele>1029.883</ele><time>2025-08-04T07:40:37.312Z</time></trkpt><trkpt lat="46.018000" lon="12.238733"><ele>1029.811</ele><time>2025-08-04T07:40:41.312Z</time></trkpt><trkpt lat="46.017993" lon="12.238656"><ele>1029.609</ele><time>2025-08-04T07:40:45.312Z</time></trkpt><trkpt lat="46.018005" lon="12.238578"><ele>1030.734</ele><time>2025-08-04T07:40:49.312Z</time></trkpt><trkpt lat="46.017997" lon="12.238505"><ele>1031.334</ele><time>2025-08-04T07:40:54.312Z</time></trkpt><trkpt lat="46.018005" lon="12.238418"><ele>1032.937</ele><time>2025-08-04T07:40:57.312Z</time></trkpt><trkpt lat="46.017998" lon="12.238338"><ele>1033.752</ele><time>2025-08-04T07:41:00.312Z</time></trkpt><trkpt lat="46.017975" lon="12.238271"><ele>1034.675</ele><time>2025-08-04T07:41:04.312Z</time></trkpt><trkpt lat="46.017920" lon="12.238254"><ele>1033.070</ele><time>2025-08-04T07:41:07.312Z</time></trkpt><trkpt lat="46.017863" lon="12.238226"><ele>1031.932</ele><time>2025-08-04T07:41:10.312Z</time></trkpt><trkpt lat="46.017820" lon="12.238186"><ele>1031.780</ele><time>2025-08-04T07:41:13.312Z</time></trkpt><trkpt lat="46.017788" lon="12.238138"><ele>1032.469</ele><time>2025-08-04T07:41:16.312Z</time></trkpt><trkpt lat="46.017758" lon="12.238078"><ele>1033.394</ele><time>2025-08-04T07:41:18.312Z</time></trkpt><trkpt lat="46.017715" lon="12.238020"><ele>1033.657</ele><time>2025-08-04T07:41:21.312Z</time></trkpt><trkpt lat="46.017692" lon="12.237958"><ele>1035.022</ele><time>2025-08-04T07:41:25.312Z</time></trkpt><trkpt lat="46.017664" lon="12.237903"><ele>1036.009</ele><time>2025-08-04T07:41:30.312Z</time></trkpt><trkpt lat="46.017619" lon="12.237851"><ele>1036.381</ele><time>2025-08-04T07:41:34.312Z</time></trkpt><trkpt lat="46.017566" lon="12.237823"><ele>1035.511</ele><time>2025-08-04T07:41:38.312Z</time></trkpt><trkpt lat="46.017516" lon="12.237786"><ele>1035.264</ele><time>2025-08-04T07:41:42.312Z</time></trkpt><trkpt lat="46.017476" lon="12.237734"><ele>1036.399</ele><time>2025-08-04T07:41:46.312Z</time></trkpt><trkpt lat="46.017446" lon="12.237677"><ele>1038.052</ele><time>2025-08-04T07:41:49.312Z</time></trkpt><trkpt lat="46.017394" lon="12.237667"><ele>1037.177</ele><time>2025-08-04T07:41:53.312Z</time></trkpt><trkpt lat="46.017349" lon="12.237619"><ele>1038.179</ele><time>2025-08-04T07:41:57.312Z</time></trkpt><trkpt lat="46.017294" lon="12.237607"><ele>1037.277</ele><time>2025-08-04T07:42:02.312Z</time></trkpt><trkpt lat="46.017246" lon="12.237615"><ele>1035.646</ele><time>2025-08-04T07:42:06.312Z</time></trkpt><trkpt lat="46.017209" lon="12.237577"><ele>1036.523</ele><time>2025-08-04T07:42:10Z</time></trkpt><trkpt lat="46.017166" lon="12.237529"><ele>1037.983</ele><time>2025-08-04T07:42:13.312Z</time></trkpt><trkpt lat="46.017146" lon="12.237466"><ele>1040.611</ele><time>2025-08-04T07:42:15.312Z</time></trkpt><trkpt lat="46.017109" lon="12.237398"><ele>1043.409</ele><time>2025-08-04T07:42:18.312Z</time></trkpt><trkpt lat="46.017071" lon="12.237361"><ele>1044.684</ele><time>2025-08-04T07:42:21.312Z</time></trkpt><trkpt lat="46.017014" lon="12.237341"><ele>1044.664</ele><time>2025-08-04T07:42:25.312Z</time></trkpt><trkpt lat="46.016967" lon="12.237313"><ele>1045.197</ele><time>2025-08-04T07:42:28.312Z</time></trkpt><trkpt lat="46.016900" lon="12.237271"><ele>1045.712</ele><time>2025-08-04T07:42:33.312Z</time></trkpt><trkpt lat="46.016852" lon="12.237228"><ele>1046.765</ele><time>2025-08-04T07:42:36.312Z</time></trkpt><trkpt lat="46.016815" lon="12.237186"><ele>1047.620</ele><time>2025-08-04T07:42:39.312Z</time></trkpt><trkpt lat="46.016782" lon="12.237131"><ele>1049.072</ele><time>2025-08-04T07:42:45.312Z</time></trkpt><trkpt lat="46.016749" lon="12.237079"><ele>1050.230</ele><time>2025-08-04T07:42:48.312Z</time></trkpt><trkpt lat="46.016709" lon="12.237021"><ele>1051.499</ele><time>2025-08-04T07:42:51.312Z</time></trkpt><trkpt lat="46.016687" lon="12.236931"><ele>1054.159</ele><time>2025-08-04T07:42:54.312Z</time></trkpt><trkpt lat="46.016644" lon="12.236893"><ele>1054.303</ele><time>2025-08-04T07:42:58.312Z</time></trkpt><trkpt lat="46.016612" lon="12.236836"><ele>1055.523</ele><time>2025-08-04T07:43:02.312Z</time></trkpt><trkpt lat="46.016577" lon="12.236794"><ele>1056.209</ele><time>2025-08-04T07:43:06.312Z</time></trkpt><trkpt lat="46.016534" lon="12.236816"><ele>1054.337</ele><time>2025-08-04T07:43:09.312Z</time></trkpt><trkpt lat="46.016489" lon="12.236809"><ele>1053.497</ele><time>2025-08-04T07:43:12.312Z</time></trkpt><trkpt lat="46.016437" lon="12.236752"><ele>1054.190</ele><time>2025-08-04T07:43:15.312Z</time></trkpt><trkpt lat="46.016390" lon="12.236719"><ele>1054.135</ele><time>2025-08-04T07:43:18.312Z</time></trkpt><trkpt lat="46.016352" lon="12.236669"><ele>1054.568</ele><time>2025-08-04T07:43:21.312Z</time></trkpt><trkpt lat="46.016312" lon="12.236611"><ele>1054.563</ele><time>2025-08-04T07:43:24.312Z</time></trkpt><trkpt lat="46.016274" lon="12.236548"><ele>1054.815</ele><time>2025-08-04T07:43:28Z</time></trkpt><trkpt lat="46.016251" lon="12.236461"><ele>1056.593</ele><time>2025-08-04T07:43:32.312Z</time></trkpt><trkpt lat="46.016233" lon="12.236394"><ele>1057.852</ele><time>2025-08-04T07:43:36.312Z</time></trkpt><trkpt lat="46.016218" lon="12.236329"><ele>1059.184</ele><time>2025-08-04T07:43:38.312Z</time></trkpt><trkpt lat="46.016186" lon="12.236257"><ele>1060.007</ele><time>2025-08-04T07:43:41.312Z</time></trkpt><trkpt lat="46.016143" lon="12.236197"><ele>1060.017</ele><time>2025-08-04T07:43:45.312Z</time></trkpt><trkpt lat="46.016110" lon="12.236147"><ele>1060.009</ele><time>2025-08-04T07:43:49.312Z</time></trkpt><trkpt lat="46.016073" lon="12.236107"><ele>1059.020</ele><time>2025-08-04T07:43:53.312Z</time></trkpt><trkpt lat="46.016035" lon="12.236064"><ele>1057.850</ele><time>2025-08-04T07:43:57.312Z</time></trkpt><trkpt lat="46.016012" lon="12.236001"><ele>1057.793</ele><time>2025-08-04T07:44:01.312Z</time></trkpt><trkpt lat="46.015997" lon="12.235936"><ele>1058.168</ele><time>2025-08-04T07:44:04.312Z</time></trkpt><trkpt lat="46.015980" lon="12.235861"><ele>1058.541</ele><time>2025-08-04T07:44:07.312Z</time></trkpt><trkpt lat="46.015975" lon="12.235788"><ele>1059.336</ele><time>2025-08-04T07:44:10.312Z</time></trkpt><trkpt lat="46.015992" lon="12.235713"><ele>1061.698</ele><time>2025-08-04T07:44:15.312Z</time></trkpt><trkpt lat="46.015997" lon="12.235648"><ele>1062.966</ele><time>2025-08-04T07:44:19.312Z</time></trkpt><trkpt lat="46.015975" lon="12.235588"><ele>1062.265</ele><time>2025-08-04T07:44:23.312Z</time></trkpt><trkpt lat="46.015947" lon="12.235511"><ele>1061.389</ele><time>2025-08-04T07:44:27.312Z</time></trkpt><trkpt lat="46.015925" lon="12.235436"><ele>1060.806</ele><time>2025-08-04T07:44:31.312Z</time></trkpt><trkpt lat="46.015917" lon="12.235366"><ele>1061.326</ele><time>2025-08-04T07:44:34.312Z</time></trkpt><trkpt lat="46.015924" lon="12.235289"><ele>1063.009</ele><time>2025-08-04T07:44:37.312Z</time></trkpt><trkpt lat="46.015914" lon="12.235226"><ele>1063.630</ele><time>2025-08-04T07:44:42.312Z</time></trkpt><trkpt lat="46.015921" lon="12.235146"><ele>1066.010</ele><time>2025-08-04T07:44:46.312Z</time></trkpt><trkpt lat="46.015901" lon="12.235073"><ele>1066.273</ele><time>2025-08-04T07:44:51.312Z</time></trkpt><trkpt lat="46.015878" lon="12.235013"><ele>1065.988</ele><time>2025-08-04T07:44:54.312Z</time></trkpt><trkpt lat="46.015826" lon="12.234980"><ele>1063.561</ele><time>2025-08-04T07:44:58.312Z</time></trkpt><trkpt lat="46.015809" lon="12.234915"><ele>1065.526</ele><time>2025-08-04T07:45:00.312Z</time></trkpt><trkpt lat="46.015794" lon="12.234843"><ele>1067.928</ele><time>2025-08-04T07:45:02.312Z</time></trkpt><trkpt lat="46.015774" lon="12.234780"><ele>1069.726</ele><time>2025-08-04T07:45:04.312Z</time></trkpt><trkpt lat="46.015744" lon="12.234722"><ele>1071.195</ele><time>2025-08-04T07:45:08.312Z</time></trkpt><trkpt lat="46.015712" lon="12.234669"><ele>1071.871</ele><time>2025-08-04T07:45:11.312Z</time></trkpt><trkpt lat="46.015670" lon="12.234607"><ele>1072.441</ele><time>2025-08-04T07:45:15.312Z</time></trkpt><trkpt lat="46.015647" lon="12.234550"><ele>1073.515</ele><time>2025-08-04T07:45:18.312Z</time></trkpt><trkpt lat="46.015617" lon="12.234502"><ele>1074.109</ele><time>2025-08-04T07:45:23.312Z</time></trkpt><trkpt lat="46.015585" lon="12.234445"><ele>1074.999</ele><time>2025-08-04T07:45:27.312Z</time></trkpt><trkpt lat="46.015562" lon="12.234387"><ele>1075.159</ele><time>2025-08-04T07:45:31.312Z</time></trkpt><trkpt lat="46.015542" lon="12.234302"><ele>1075.592</ele><time>2025-08-04T07:45:34.312Z</time></trkpt><trkpt lat="46.015525" lon="12.234217"><ele>1076.287</ele><time>2025-08-04T07:45:38.312Z</time></trkpt><trkpt lat="46.015515" lon="12.234149"><ele>1076.860</ele><time>2025-08-04T07:45:41.312Z</time></trkpt><trkpt lat="46.015503" lon="12.234081"><ele>1077.355</ele><time>2025-08-04T07:45:44.312Z</time></trkpt><trkpt lat="46.015493" lon="12.234009"><ele>1078.037</ele><time>2025-08-04T07:45:48.312Z</time></trkpt><trkpt lat="46.015475" lon="12.233942"><ele>1078.325</ele><time>2025-08-04T07:45:52.312Z</time></trkpt><trkpt lat="46.015458" lon="12.233877"><ele>1078.864</ele><time>2025-08-04T07:45:56.312Z</time></trkpt><trkpt lat="46.015448" lon="12.233800"><ele>1080.167</ele><time>2025-08-04T07:46:00.312Z</time></trkpt><trkpt lat="46.015430" lon="12.233733"><ele>1080.981</ele><time>2025-08-04T07:46:04.312Z</time></trkpt><trkpt lat="46.015400" lon="12.233678"><ele>1080.919</ele><time>2025-08-04T07:46:08.312Z</time></trkpt><trkpt lat="46.015373" lon="12.233623"><ele>1080.909</ele><time>2025-08-04T07:46:11.312Z</time></trkpt><trkpt lat="46.015336" lon="12.233558"><ele>1080.988</ele><time>2025-08-04T07:46:15.313Z</time></trkpt><trkpt lat="46.015311" lon="12.233491"><ele>1081.578</ele><time>2025-08-04T07:46:19.313Z</time></trkpt><trkpt lat="46.015286" lon="12.233434"><ele>1081.821</ele><time>2025-08-04T07:46:25.313Z</time></trkpt><trkpt lat="46.015254" lon="12.233387"><ele>1081.676</ele><time>2025-08-04T07:46:28.313Z</time></trkpt><trkpt lat="46.015217" lon="12.233322"><ele>1081.779</ele><time>2025-08-04T07:46:31.313Z</time></trkpt><trkpt lat="46.015190" lon="12.233240"><ele>1083.064</ele><time>2025-08-04T07:46:34.313Z</time></trkpt><trkpt lat="46.015168" lon="12.233168"><ele>1084.326</ele><time>2025-08-04T07:46:37.313Z</time></trkpt><trkpt lat="46.015161" lon="12.233081"><ele>1086.674</ele><time>2025-08-04T07:46:40.313Z</time></trkpt><trkpt lat="46.015123" lon="12.233044"><ele>1086.183</ele><time>2025-08-04T07:46:44.313Z</time></trkpt><trkpt lat="46.015093" lon="12.232996"><ele>1085.933</ele><time>2025-08-04T07:46:49.313Z</time></trkpt><trkpt lat="46.015050" lon="12.232934"><ele>1085.323</ele><time>2025-08-04T07:46:54.313Z</time></trkpt><trkpt lat="46.015035" lon="12.232857"><ele>1086.115</ele><time>2025-08-04T07:46:58.313Z</time></trkpt><trkpt lat="46.015040" lon="12.232785"><ele>1087.709</ele><time>2025-08-04T07:47:01.313Z</time></trkpt><trkpt lat="46.015035" lon="12.232713"><ele>1088.895</ele><time>2025-08-04T07:47:05.313Z</time></trkpt><trkpt lat="46.015020" lon="12.232650"><ele>1089.325</ele><time>2025-08-04T07:47:07.313Z</time></trkpt><trkpt lat="46.015017" lon="12.232573"><ele>1090.528</ele><time>2025-08-04T07:47:09.313Z</time></trkpt><trkpt lat="46.015009" lon="12.232495"><ele>1091.663</ele><time>2025-08-04T07:47:12.313Z</time></trkpt><trkpt lat="46.014982" lon="12.232437"><ele>1091.776</ele><time>2025-08-04T07:47:17.313Z</time></trkpt><trkpt lat="46.014955" lon="12.232375"><ele>1092.091</ele><time>2025-08-04T07:47:22.313Z</time></trkpt><trkpt lat="46.014938" lon="12.232313"><ele>1092.733</ele><time>2025-08-04T07:47:26.313Z</time></trkpt><trkpt lat="46.014910" lon="12.232260"><ele>1092.711</ele><time>2025-08-04T07:47:30.313Z</time></trkpt><trkpt lat="46.014887" lon="12.232195"><ele>1093.350</ele><time>2025-08-04T07:47:34.313Z</time></trkpt><trkpt lat="46.014862" lon="12.232122"><ele>1094.298</ele><time>2025-08-04T07:47:39.313Z</time></trkpt><trkpt lat="46.014830" lon="12.232049"><ele>1094.715</ele><time>2025-08-04T07:47:44.313Z</time></trkpt><trkpt lat="46.014815" lon="12.231964"><ele>1096.226</ele><time>2025-08-04T07:47:47.313Z</time></trkpt><trkpt lat="46.014800" lon="12.231901"><ele>1097.209</ele><time>2025-08-04T07:47:50.313Z</time></trkpt><trkpt lat="46.014782" lon="12.231839"><ele>1098.141</ele><time>2025-08-04T07:47:54.313Z</time></trkpt><trkpt lat="46.014759" lon="12.231781"><ele>1098.671</ele><time>2025-08-04T07:47:58.313Z</time></trkpt><trkpt lat="46.014746" lon="12.231701"><ele>1100.384</ele><time>2025-08-04T07:48:01.313Z</time></trkpt><trkpt lat="46.014721" lon="12.231633"><ele>1100.949</ele><time>2025-08-04T07:48:05.313Z</time></trkpt><trkpt lat="46.014678" lon="12.231591"><ele>1100.122</ele><time>2025-08-04T07:48:10.313Z</time></trkpt><trkpt lat="46.014645" lon="12.231531"><ele>1100.217</ele><time>2025-08-04T07:48:15.313Z</time></trkpt><trkpt lat="46.014622" lon="12.231471"><ele>1100.719</ele><time>2025-08-04T07:48:18.313Z</time></trkpt><trkpt lat="46.014597" lon="12.231413"><ele>1101.027</ele><time>2025-08-04T07:48:21.313Z</time></trkpt><trkpt lat="46.014574" lon="12.231338"><ele>1102.396</ele><time>2025-08-04T07:48:25.313Z</time></trkpt><trkpt lat="46.014557" lon="12.231270"><ele>1103.934</ele><time>2025-08-04T07:48:29.313Z</time></trkpt><trkpt lat="46.014527" lon="12.231217"><ele>1104.155</ele><time>2025-08-04T07:48:35.313Z</time></trkpt><trkpt lat="46.014500" lon="12.231164"><ele>1104.410</ele><time>2025-08-04T07:48:38.313Z</time></trkpt><trkpt lat="46.014458" lon="12.231112"><ele>1103.809</ele><time>2025-08-04T07:48:42.313Z</time></trkpt><trkpt lat="46.014428" lon="12.231064"><ele>1104.145</ele><time>2025-08-04T07:48:45.313Z</time></trkpt><trkpt lat="46.014391" lon="12.231009"><ele>1104.565</ele><time>2025-08-04T07:48:50.313Z</time></trkpt><trkpt lat="46.014353" lon="12.230954"><ele>1104.968</ele><time>2025-08-04T07:48:53.313Z</time></trkpt><trkpt lat="46.014311" lon="12.230894"><ele>1105.423</ele><time>2025-08-04T07:48:56.313Z</time></trkpt><trkpt lat="46.014254" lon="12.230819"><ele>1105.766</ele><time>2025-08-04T07:49:00.313Z</time></trkpt><trkpt lat="46.014222" lon="12.230766"><ele>1106.331</ele><time>2025-08-04T07:49:03.313Z</time></trkpt><trkpt lat="46.014195" lon="12.230688"><ele>1108.143</ele><time>2025-08-04T07:49:06.313Z</time></trkpt><trkpt lat="46.014157" lon="12.230648"><ele>1107.891</ele><time>2025-08-04T07:49:10.313Z</time></trkpt><trkpt lat="46.014130" lon="12.230590"><ele>1108.840</ele><time>2025-08-04T07:49:14.313Z</time></trkpt><trkpt lat="46.014108" lon="12.230532"><ele>1109.913</ele><time>2025-08-04T07:49:18.313Z</time></trkpt><trkpt lat="46.014073" lon="12.230477"><ele>1110.243</ele><time>2025-08-04T07:49:22.313Z</time></trkpt><trkpt lat="46.014030" lon="12.230449"><ele>1109.107</ele><time>2025-08-04T07:49:27.313Z</time></trkpt><trkpt lat="46.013988" lon="12.230416"><ele>1108.309</ele><time>2025-08-04T07:49:32.313Z</time></trkpt><trkpt lat="46.013960" lon="12.230361"><ele>1109.133</ele><time>2025-08-04T07:49:35.313Z</time></trkpt><trkpt lat="46.013935" lon="12.230296"><ele>1110.453</ele><time>2025-08-04T07:49:38.313Z</time></trkpt><trkpt lat="46.013918" lon="12.230229"><ele>1112.326</ele><time>2025-08-04T07:49:40.313Z</time></trkpt><trkpt lat="46.013891" lon="12.230147"><ele>1114.381</ele><time>2025-08-04T07:49:43.313Z</time></trkpt><trkpt lat="46.013844" lon="12.230117"><ele>1113.144</ele><time>2025-08-04T07:49:49.313Z</time></trkpt><trkpt lat="46.013811" lon="12.230057"><ele>1114.019</ele><time>2025-08-04T07:49:53.313Z</time></trkpt><trkpt lat="46.013776" lon="12.230004"><ele>1114.551</ele><time>2025-08-04T07:49:57.313Z</time></trkpt><trkpt lat="46.013734" lon="12.229949"><ele>1114.659</ele><time>2025-08-04T07:50:01.313Z</time></trkpt><trkpt lat="46.013699" lon="12.229881"><ele>1115.488</ele><time>2025-08-04T07:50:05.313Z</time></trkpt><trkpt lat="46.013657" lon="12.229833"><ele>1114.948</ele><time>2025-08-04T07:50:09.313Z</time></trkpt><trkpt lat="46.013639" lon="12.229760"><ele>1116.361</ele><time>2025-08-04T07:50:12.313Z</time></trkpt><trkpt lat="46.013621" lon="12.229700"><ele>1117.317</ele><time>2025-08-04T07:50:14.313Z</time></trkpt><trkpt lat="46.013593" lon="12.229638"><ele>1117.609</ele><time>2025-08-04T07:50:20.313Z</time></trkpt><trkpt lat="46.013576" lon="12.229576"><ele>1118.566</ele><time>2025-08-04T07:50:23.313Z</time></trkpt><trkpt lat="46.013548" lon="12.229519"><ele>1118.796</ele><time>2025-08-04T07:50:28.313Z</time></trkpt><trkpt lat="46.013528" lon="12.229452"><ele>1119.749</ele><time>2025-08-04T07:50:31.313Z</time></trkpt><trkpt lat="46.013501" lon="12.229395"><ele>1120.264</ele><time>2025-08-04T07:50:34.313Z</time></trkpt><trkpt lat="46.013466" lon="12.229327"><ele>1120.847</ele><time>2025-08-04T07:50:37.313Z</time></trkpt><trkpt lat="46.013434" lon="12.229252"><ele>1122.032</ele><time>2025-08-04T07:50:40.313Z</time></trkpt><trkpt lat="46.013399" lon="12.229187"><ele>1122.784</ele><time>2025-08-04T07:50:44.313Z</time></trkpt><trkpt lat="46.013352" lon="12.229145"><ele>1121.972</ele><time>2025-08-04T07:50:48.313Z</time></trkpt><trkpt lat="46.013305" lon="12.229097"><ele>1120.821</ele><time>2025-08-04T07:50:52.313Z</time></trkpt><trkpt lat="46.013273" lon="12.229050"><ele>1120.722</ele><time>2025-08-04T07:50:55.313Z</time></trkpt><trkpt lat="46.013243" lon="12.228987"><ele>1121.762</ele><time>2025-08-04T07:50:58.313Z</time></trkpt><trkpt lat="46.013210" lon="12.228939"><ele>1122.008</ele><time>2025-08-04T07:51:02.313Z</time></trkpt><trkpt lat="46.013175" lon="12.228894"><ele>1122.209</ele><time>2025-08-04T07:51:06.313Z</time></trkpt><trkpt lat="46.013143" lon="12.228836"><ele>1122.714</ele><time>2025-08-04T07:51:09.313Z</time></trkpt><trkpt lat="46.013116" lon="12.228779"><ele>1123.484</ele><time>2025-08-04T07:51:12.313Z</time></trkpt><trkpt lat="46.013081" lon="12.228716"><ele>1124.117</ele><time>2025-08-04T07:51:16.313Z</time></trkpt><trkpt lat="46.013044" lon="12.228653"><ele>1124.592</ele><time>2025-08-04T07:51:20.313Z</time></trkpt><trkpt lat="46.013011" lon="12.228603"><ele>1123.975</ele><time>2025-08-04T07:51:23.313Z</time></trkpt><trkpt lat="46.012971" lon="12.228538"><ele>1122.220</ele><time>2025-08-04T07:51:27.313Z</time></trkpt><trkpt lat="46.012941" lon="12.228466"><ele>1122.062</ele><time>2025-08-04T07:51:31.313Z</time></trkpt><trkpt lat="46.012923" lon="12.228403"><ele>1122.520</ele><time>2025-08-04T07:51:34.313Z</time></trkpt><trkpt lat="46.012908" lon="12.228335"><ele>1123.679</ele><time>2025-08-04T07:51:37.313Z</time></trkpt><trkpt lat="46.012938" lon="12.228258"><ele>1124.068</ele><time>2025-08-04T07:51:41.313Z</time></trkpt><trkpt lat="46.012973" lon="12.228208"><ele>1124.642</ele><time>2025-08-04T07:51:44.313Z</time></trkpt><trkpt lat="46.013018" lon="12.228173"><ele>1125.626</ele><time>2025-08-04T07:51:47.313Z</time></trkpt><trkpt lat="46.013066" lon="12.228126"><ele>1126.509</ele><time>2025-08-04T07:51:50.313Z</time></trkpt><trkpt lat="46.013086" lon="12.228059"><ele>1126.438</ele><time>2025-08-04T07:51:52.313Z</time></trkpt><trkpt lat="46.013129" lon="12.227964"><ele>1126.728</ele><time>2025-08-04T07:51:55.313Z</time></trkpt><trkpt lat="46.013156" lon="12.227889"><ele>1126.571</ele><time>2025-08-04T07:51:57.313Z</time></trkpt><trkpt lat="46.013164" lon="12.227789"><ele>1125.186</ele><time>2025-08-04T07:51:59.313Z</time></trkpt><trkpt lat="46.013181" lon="12.227714"><ele>1124.759</ele><time>2025-08-04T07:52:01.313Z</time></trkpt><trkpt lat="46.013208" lon="12.227652"><ele>1124.984</ele><time>2025-08-04T07:52:03.313Z</time></trkpt><trkpt lat="46.013235" lon="12.227562"><ele>1124.696</ele><time>2025-08-04T07:52:05.313Z</time></trkpt><trkpt lat="46.013262" lon="12.227474"><ele>1124.524</ele><time>2025-08-04T07:52:07.313Z</time></trkpt><trkpt lat="46.013300" lon="12.227427"><ele>1125.333</ele><time>2025-08-04T07:52:10.313Z</time></trkpt><trkpt lat="46.013347" lon="12.227382"><ele>1125.964</ele><time>2025-08-04T07:52:15.313Z</time></trkpt><trkpt lat="46.013375" lon="12.227322"><ele>1125.406</ele><time>2025-08-04T07:52:20.313Z</time></trkpt><trkpt lat="46.013400" lon="12.227260"><ele>1124.816</ele><time>2025-08-04T07:52:23.313Z</time></trkpt><trkpt lat="46.013425" lon="12.227187"><ele>1124.509</ele><time>2025-08-04T07:52:27.313Z</time></trkpt><trkpt lat="46.013443" lon="12.227127"><ele>1124.958</ele><time>2025-08-04T07:52:31.313Z</time></trkpt><trkpt lat="46.013473" lon="12.227060"><ele>1125.118</ele><time>2025-08-04T07:52:35.313Z</time></trkpt><trkpt lat="46.013463" lon="12.227128"><ele>1124.971</ele><time>2025-08-04T07:52:41.313Z</time></trkpt><trkpt lat="46.013430" lon="12.227185"><ele>1124.676</ele><time>2025-08-04T07:52:45.313Z</time></trkpt><trkpt lat="46.013388" lon="12.227153"><ele>1124.779</ele><time>2025-08-04T07:54:20.314Z</time></trkpt><trkpt lat="46.013406" lon="12.227083"><ele>1125.264</ele><time>2025-08-04T07:54:23.314Z</time></trkpt><trkpt lat="46.013431" lon="12.227016"><ele>1125.596</ele><time>2025-08-04T07:54:25.314Z</time></trkpt><trkpt lat="46.013463" lon="12.226924"><ele>1125.754</ele><time>2025-08-04T07:54:28.314Z</time></trkpt><trkpt lat="46.013496" lon="12.226847"><ele>1125.633</ele><time>2025-08-04T07:54:31.314Z</time></trkpt><trkpt lat="46.013516" lon="12.226789"><ele>1125.273</ele><time>2025-08-04T07:54:33.314Z</time></trkpt><trkpt lat="46.013534" lon="12.226677"><ele>1124.885</ele><time>2025-08-04T07:54:35.314Z</time></trkpt><trkpt lat="46.013554" lon="12.226552"><ele>1124.613</ele><time>2025-08-04T07:54:37.314Z</time></trkpt><trkpt lat="46.013582" lon="12.226467"><ele>1123.909</ele><time>2025-08-04T07:54:39.314Z</time></trkpt><trkpt lat="46.013610" lon="12.226385"><ele>1123.179</ele><time>2025-08-04T07:54:41.314Z</time></trkpt><trkpt lat="46.013645" lon="12.226308"><ele>1123.019</ele><time>2025-08-04T07:54:43.314Z</time></trkpt><trkpt lat="46.013672" lon="12.226210"><ele>1123.232</ele><time>2025-08-04T07:54:45.314Z</time></trkpt><trkpt lat="46.013702" lon="12.226112"><ele>1123.087</ele><time>2025-08-04T07:54:47.314Z</time></trkpt><trkpt lat="46.013739" lon="12.226005"><ele>1122.650</ele><time>2025-08-04T07:54:49.314Z</time></trkpt><trkpt lat="46.013767" lon="12.225908"><ele>1122.415</ele><time>2025-08-04T07:54:51.314Z</time></trkpt><trkpt lat="46.013789" lon="12.225818"><ele>1122.397</ele><time>2025-08-04T07:54:53.314Z</time></trkpt><trkpt lat="46.013822" lon="12.225730"><ele>1121.855</ele><time>2025-08-04T07:54:55.314Z</time></trkpt><trkpt lat="46.013855" lon="12.225635"><ele>1121.454</ele><time>2025-08-04T07:54:57.314Z</time></trkpt><trkpt lat="46.013885" lon="12.225543"><ele>1121.054</ele><time>2025-08-04T07:54:59.314Z</time></trkpt><trkpt lat="46.013918" lon="12.225473"><ele>1119.556</ele><time>2025-08-04T07:55:01.314Z</time></trkpt><trkpt lat="46.013930" lon="12.225401"><ele>1118.711</ele><time>2025-08-04T07:55:03.314Z</time></trkpt><trkpt lat="46.013925" lon="12.225324"><ele>1118.509</ele><time>2025-08-04T07:55:05.314Z</time></trkpt><trkpt lat="46.013883" lon="12.225249"><ele>1118.597</ele><time>2025-08-04T07:55:07.314Z</time></trkpt><trkpt lat="46.013823" lon="12.225179"><ele>1118.557</ele><time>2025-08-04T07:55:09.314Z</time></trkpt><trkpt lat="46.013758" lon="12.225121"><ele>1118.640</ele><time>2025-08-04T07:55:11.314Z</time></trkpt><trkpt lat="46.013690" lon="12.225074"><ele>1118.815</ele><time>2025-08-04T07:55:13.314Z</time></trkpt><trkpt lat="46.013617" lon="12.225006"><ele>1118.188</ele><time>2025-08-04T07:55:15.314Z</time></trkpt><trkpt lat="46.013555" lon="12.224939"><ele>1118.433</ele><time>2025-08-04T07:55:17.314Z</time></trkpt><trkpt lat="46.013492" lon="12.224896"><ele>1119.045</ele><time>2025-08-04T07:55:19.314Z</time></trkpt><trkpt lat="46.013445" lon="12.224861"><ele>1119.263</ele><time>2025-08-04T07:55:21.314Z</time></trkpt><trkpt lat="46.013400" lon="12.224841"><ele>1119.552</ele><time>2025-08-04T07:55:23.314Z</time></trkpt><trkpt lat="46.013337" lon="12.224806"><ele>1119.852</ele><time>2025-08-04T07:55:26.314Z</time></trkpt><trkpt lat="46.013292" lon="12.224776"><ele>1119.553</ele><time>2025-08-04T07:55:28.314Z</time></trkpt><trkpt lat="46.013249" lon="12.224736"><ele>1119.008</ele><time>2025-08-04T07:55:30.314Z</time></trkpt><trkpt lat="46.013206" lon="12.224714"><ele>1119.109</ele><time>2025-08-04T07:55:32.314Z</time></trkpt><trkpt lat="46.013149" lon="12.224709"><ele>1119.617</ele><time>2025-08-04T07:55:34.314Z</time></trkpt><trkpt lat="46.013081" lon="12.224689"><ele>1120.557</ele><time>2025-08-04T07:55:37.314Z</time></trkpt><trkpt lat="46.013034" lon="12.224682"><ele>1121.030</ele><time>2025-08-04T07:55:39.314Z</time></trkpt><trkpt lat="46.012972" lon="12.224674"><ele>1121.525</ele><time>2025-08-04T07:55:42.314Z</time></trkpt><trkpt lat="46.012924" lon="12.224666"><ele>1122.058</ele><time>2025-08-04T07:55:45.314Z</time></trkpt><trkpt lat="46.012867" lon="12.224656"><ele>1122.563</ele><time>2025-08-04T07:55:49.314Z</time></trkpt><trkpt lat="46.012815" lon="12.224656"><ele>1122.735</ele><time>2025-08-04T07:55:52.314Z</time></trkpt><trkpt lat="46.012770" lon="12.224659"><ele>1122.963</ele><time>2025-08-04T07:55:55.314Z</time></trkpt><trkpt lat="46.012712" lon="12.224652"><ele>1123.262</ele><time>2025-08-04T07:55:58.314Z</time></trkpt><trkpt lat="46.012660" lon="12.224650"><ele>1123.445</ele><time>2025-08-04T07:56:01.314Z</time></trkpt><trkpt lat="46.012607" lon="12.224648"><ele>1123.647</ele><time>2025-08-04T07:56:04.314Z</time></trkpt><trkpt lat="46.012544" lon="12.224641"><ele>1123.911</ele><time>2025-08-04T07:56:07.314Z</time></trkpt><trkpt lat="46.012487" lon="12.224616"><ele>1124.309</ele><time>2025-08-04T07:56:10.314Z</time></trkpt><trkpt lat="46.012442" lon="12.224596"><ele>1125.476</ele><time>2025-08-04T07:56:13.314Z</time></trkpt><trkpt lat="46.012397" lon="12.224544"><ele>1126.316</ele><time>2025-08-04T07:56:16.314Z</time></trkpt><trkpt lat="46.012355" lon="12.224482"><ele>1126.899</ele><time>2025-08-04T07:56:19.314Z</time></trkpt><trkpt lat="46.012320" lon="12.224414"><ele>1127.514</ele><time>2025-08-04T07:56:22.314Z</time></trkpt><trkpt lat="46.012280" lon="12.224359"><ele>1128.287</ele><time>2025-08-04T07:56:25.314Z</time></trkpt><trkpt lat="46.012243" lon="12.224296"><ele>1128.572</ele><time>2025-08-04T07:56:28.314Z</time></trkpt><trkpt lat="46.012196" lon="12.224244"><ele>1129.124</ele><time>2025-08-04T07:56:31.314Z</time></trkpt><trkpt lat="46.012148" lon="12.224201"><ele>1130.272</ele><time>2025-08-04T07:56:34.314Z</time></trkpt><trkpt lat="46.012098" lon="12.224154"><ele>1131.381</ele><time>2025-08-04T07:56:38Z</time></trkpt><trkpt lat="46.012060" lon="12.224096"><ele>1132.341</ele><time>2025-08-04T07:56:42.314Z</time></trkpt><trkpt lat="46.012023" lon="12.224033"><ele>1132.781</ele><time>2025-08-04T07:56:46.314Z</time></trkpt><trkpt lat="46.011983" lon="12.223995"><ele>1132.609</ele><time>2025-08-04T07:56:50.314Z</time></trkpt><trkpt lat="46.011938" lon="12.223963"><ele>1132.209</ele><time>2025-08-04T07:56:53.314Z</time></trkpt><trkpt lat="46.011895" lon="12.223931"><ele>1132.626</ele><time>2025-08-04T07:56:56.314Z</time></trkpt><trkpt lat="46.011847" lon="12.223901"><ele>1133.066</ele><time>2025-08-04T07:57:00.314Z</time></trkpt><trkpt lat="46.011805" lon="12.223846"><ele>1134.049</ele><time>2025-08-04T07:57:04.314Z</time></trkpt><trkpt lat="46.011755" lon="12.223788"><ele>1134.814</ele><time>2025-08-04T07:57:08.314Z</time></trkpt><trkpt lat="46.011700" lon="12.223746"><ele>1135.057</ele><time>2025-08-04T07:57:11.314Z</time></trkpt><trkpt lat="46.011648" lon="12.223728"><ele>1135.042</ele><time>2025-08-04T07:57:14.314Z</time></trkpt><trkpt lat="46.011603" lon="12.223703"><ele>1135.114</ele><time>2025-08-04T07:57:17.314Z</time></trkpt><trkpt lat="46.011555" lon="12.223683"><ele>1135.252</ele><time>2025-08-04T07:57:20.314Z</time></trkpt><trkpt lat="46.011503" lon="12.223670"><ele>1135.451</ele><time>2025-08-04T07:57:23.314Z</time></trkpt><trkpt lat="46.011448" lon="12.223652"><ele>1135.417</ele><time>2025-08-04T07:57:26.314Z</time></trkpt><trkpt lat="46.011403" lon="12.223629"><ele>1135.387</ele><time>2025-08-04T07:57:29.314Z</time></trkpt><trkpt lat="46.011350" lon="12.223591"><ele>1135.315</ele><time>2025-08-04T07:57:32.314Z</time></trkpt><trkpt lat="46.011303" lon="12.223568"><ele>1135.709</ele><time>2025-08-04T07:57:36.314Z</time></trkpt><trkpt lat="46.011256" lon="12.223548"><ele>1136.063</ele><time>2025-08-04T07:57:39.314Z</time></trkpt><trkpt lat="46.011209" lon="12.223541"><ele>1136.323</ele><time>2025-08-04T07:57:41.314Z</time></trkpt><trkpt lat="46.011162" lon="12.223554"><ele>1136.426</ele><time>2025-08-04T07:57:43.314Z</time></trkpt><trkpt lat="46.011100" lon="12.223569"><ele>1136.611</ele><time>2025-08-04T07:57:46.314Z</time></trkpt><trkpt lat="46.011043" lon="12.223577"><ele>1137.414</ele><time>2025-08-04T07:57:49.314Z</time></trkpt><trkpt lat="46.010988" lon="12.223579"><ele>1138.229</ele><time>2025-08-04T07:57:53.314Z</time></trkpt><trkpt lat="46.010933" lon="12.223609"><ele>1138.611</ele><time>2025-08-04T07:57:57.314Z</time></trkpt><trkpt lat="46.010881" lon="12.223617"><ele>1139.379</ele><time>2025-08-04T07:58:00.314Z</time></trkpt><trkpt lat="46.010829" lon="12.223662"><ele>1140.198</ele><time>2025-08-04T07:58:04Z</time></trkpt><trkpt lat="46.010792" lon="12.223702"><ele>1140.845</ele><time>2025-08-04T07:58:07.314Z</time></trkpt><trkpt lat="46.010752" lon="12.223762"><ele>1141.447</ele><time>2025-08-04T07:58:11.314Z</time></trkpt><trkpt lat="46.010729" lon="12.223835"><ele>1141.611</ele><time>2025-08-04T07:58:14.314Z</time></trkpt><trkpt lat="46.010701" lon="12.223910"><ele>1142.009</ele><time>2025-08-04T07:58:17.314Z</time></trkpt><trkpt lat="46.010664" lon="12.223980"><ele>1142.866</ele><time>2025-08-04T07:58:21.314Z</time></trkpt><trkpt lat="46.010624" lon="12.224017"><ele>1143.186</ele><time>2025-08-04T07:58:24.314Z</time></trkpt><trkpt lat="46.010581" lon="12.224045"><ele>1143.339</ele><time>2025-08-04T07:58:27.314Z</time></trkpt><trkpt lat="46.010536" lon="12.224082"><ele>1143.174</ele><time>2025-08-04T07:58:30.314Z</time></trkpt><trkpt lat="46.010493" lon="12.224105"><ele>1142.437</ele><time>2025-08-04T07:58:33.314Z</time></trkpt><trkpt lat="46.010431" lon="12.224123"><ele>1141.592</ele><time>2025-08-04T07:58:36.314Z</time></trkpt><trkpt lat="46.010378" lon="12.224145"><ele>1140.624</ele><time>2025-08-04T07:58:38.314Z</time></trkpt><trkpt lat="46.010331" lon="12.224163"><ele>1139.812</ele><time>2025-08-04T07:58:40.314Z</time></trkpt><trkpt lat="46.010279" lon="12.224188"><ele>1139.441</ele><time>2025-08-04T07:58:42.314Z</time></trkpt><trkpt lat="46.010227" lon="12.224216"><ele>1139.075</ele><time>2025-08-04T07:58:44.314Z</time></trkpt><trkpt lat="46.010164" lon="12.224244"><ele>1138.528</ele><time>2025-08-04T07:58:46.314Z</time></trkpt><trkpt lat="46.010092" lon="12.224281"><ele>1138.020</ele><time>2025-08-04T07:58:48.314Z</time></trkpt><trkpt lat="46.010012" lon="12.224314"><ele>1137.409</ele><time>2025-08-04T07:58:50Z</time></trkpt><trkpt lat="46.009935" lon="12.224351"><ele>1136.759</ele><time>2025-08-04T07:58:52.314Z</time></trkpt><trkpt lat="46.009872" lon="12.224411"><ele>1136.659</ele><time>2025-08-04T07:58:54Z</time></trkpt><trkpt lat="46.009814" lon="12.224484"><ele>1136.862</ele><time>2025-08-04T07:58:56.314Z</time></trkpt><trkpt lat="46.009744" lon="12.224554"><ele>1136.557</ele><time>2025-08-04T07:58:58.314Z</time></trkpt><trkpt lat="46.009664" lon="12.224644"><ele>1136.480</ele><time>2025-08-04T07:59:00.314Z</time></trkpt><trkpt lat="46.009559" lon="12.224686"><ele>1135.325</ele><time>2025-08-04T07:59:02.314Z</time></trkpt><trkpt lat="46.009456" lon="12.224689"><ele>1133.457</ele><time>2025-08-04T07:59:04.314Z</time></trkpt><trkpt lat="46.009354" lon="12.224682"><ele>1132.375</ele><time>2025-08-04T07:59:06.314Z</time></trkpt><trkpt lat="46.009257" lon="12.224687"><ele>1131.734</ele><time>2025-08-04T07:59:08.314Z</time></trkpt><trkpt lat="46.009170" lon="12.224687"><ele>1131.025</ele><time>2025-08-04T07:59:10.314Z</time></trkpt><trkpt lat="46.009082" lon="12.224699"><ele>1131.026</ele><time>2025-08-04T07:59:12Z</time></trkpt><trkpt lat="46.009034" lon="12.224709"><ele>1131.108</ele><time>2025-08-04T07:59:13.314Z</time></trkpt><trkpt lat="46.008937" lon="12.224744"><ele>1131.909</ele><time>2025-08-04T07:59:15.314Z</time></trkpt><trkpt lat="46.008840" lon="12.224782"><ele>1133.074</ele><time>2025-08-04T07:59:17.314Z</time></trkpt><trkpt lat="46.008755" lon="12.224812"><ele>1133.644</ele><time>2025-08-04T07:59:19.314Z</time></trkpt><trkpt lat="46.008692" lon="12.224835"><ele>1133.887</ele><time>2025-08-04T07:59:21.314Z</time></trkpt><trkpt lat="46.008645" lon="12.224845"><ele>1133.692</ele><time>2025-08-04T07:59:24.314Z</time></trkpt><trkpt lat="46.008597" lon="12.224792"><ele>1133.385</ele><time>2025-08-04T07:59:28.314Z</time></trkpt><trkpt lat="46.008560" lon="12.224722"><ele>1133.630</ele><time>2025-08-04T07:59:30.314Z</time></trkpt><trkpt lat="46.008527" lon="12.224637"><ele>1133.582</ele><time>2025-08-04T07:59:32.314Z</time></trkpt><trkpt lat="46.008500" lon="12.224552"><ele>1133.820</ele><time>2025-08-04T07:59:34.314Z</time></trkpt><trkpt lat="46.008493" lon="12.224457"><ele>1133.839</ele><time>2025-08-04T07:59:36.314Z</time></trkpt><trkpt lat="46.008491" lon="12.224344"><ele>1134.089</ele><time>2025-08-04T07:59:38.314Z</time></trkpt><trkpt lat="46.008501" lon="12.224221"><ele>1133.906</ele><time>2025-08-04T07:59:40.314Z</time></trkpt><trkpt lat="46.008519" lon="12.224096"><ele>1133.426</ele><time>2025-08-04T07:59:42.314Z</time></trkpt><trkpt lat="46.008547" lon="12.223993"><ele>1132.509</ele><time>2025-08-04T07:59:44.314Z</time></trkpt><trkpt lat="46.008570" lon="12.223886"><ele>1131.630</ele><time>2025-08-04T07:59:46.314Z</time></trkpt><trkpt lat="46.008590" lon="12.223776"><ele>1130.820</ele><time>2025-08-04T07:59:48.314Z</time></trkpt><trkpt lat="46.008592" lon="12.223669"><ele>1130.753</ele><time>2025-08-04T07:59:50.314Z</time></trkpt><trkpt lat="46.008577" lon="12.223561"><ele>1130.748</ele><time>2025-08-04T07:59:52.314Z</time></trkpt><trkpt lat="46.008545" lon="12.223448"><ele>1130.891</ele><time>2025-08-04T07:59:54.314Z</time></trkpt><trkpt lat="46.008497" lon="12.223321"><ele>1131.336</ele><time>2025-08-04T07:59:56.314Z</time></trkpt><trkpt lat="46.008449" lon="12.223206"><ele>1131.468</ele><time>2025-08-04T07:59:58.314Z</time></trkpt><trkpt lat="46.008414" lon="12.223094"><ele>1131.156</ele><time>2025-08-04T08:00:00.314Z</time></trkpt><trkpt lat="46.008374" lon="12.222979"><ele>1131.135</ele><time>2025-08-04T08:00:02.314Z</time></trkpt><trkpt lat="46.008337" lon="12.222856"><ele>1131.014</ele><time>2025-08-04T08:00:04.314Z</time></trkpt><trkpt lat="46.008319" lon="12.222723"><ele>1129.754</ele><time>2025-08-04T08:00:06.314Z</time></trkpt><trkpt lat="46.008322" lon="12.222575"><ele>1128.109</ele><time>2025-08-04T08:00:08.314Z</time></trkpt><trkpt lat="46.008319" lon="12.222432"><ele>1125.809</ele><time>2025-08-04T08:00:10.314Z</time></trkpt><trkpt lat="46.008297" lon="12.222279"><ele>1123.063</ele><time>2025-08-04T08:00:12.314Z</time></trkpt><trkpt lat="46.008242" lon="12.222176"><ele>1122.043</ele><time>2025-08-04T08:00:14.314Z</time></trkpt><trkpt lat="46.008185" lon="12.222089"><ele>1121.396</ele><time>2025-08-04T08:00:16.314Z</time></trkpt><trkpt lat="46.008115" lon="12.222036"><ele>1121.311</ele><time>2025-08-04T08:00:18.314Z</time></trkpt><trkpt lat="46.008045" lon="12.221983"><ele>1120.924</ele><time>2025-08-04T08:00:20.314Z</time></trkpt><trkpt lat="46.007978" lon="12.221941"><ele>1119.039</ele><time>2025-08-04T08:00:22.314Z</time></trkpt><trkpt lat="46.007925" lon="12.221919"><ele>1117.731</ele><time>2025-08-04T08:00:24.314Z</time></trkpt><trkpt lat="46.007860" lon="12.221926"><ele>1117.339</ele><time>2025-08-04T08:00:27.314Z</time></trkpt><trkpt lat="46.007812" lon="12.221929"><ele>1116.948</ele><time>2025-08-04T08:00:29.314Z</time></trkpt><trkpt lat="46.007749" lon="12.221957"><ele>1116.229</ele><time>2025-08-04T08:00:32.314Z</time></trkpt><trkpt lat="46.007691" lon="12.221984"><ele>1114.600</ele><time>2025-08-04T08:00:35.314Z</time></trkpt><trkpt lat="46.007644" lon="12.222001"><ele>1113.220</ele><time>2025-08-04T08:00:37.314Z</time></trkpt><trkpt lat="46.007594" lon="12.222031"><ele>1111.809</ele><time>2025-08-04T08:00:40.314Z</time></trkpt><trkpt lat="46.007546" lon="12.222083"><ele>1110.884</ele><time>2025-08-04T08:00:43.314Z</time></trkpt><trkpt lat="46.007506" lon="12.222145"><ele>1110.134</ele><time>2025-08-04T08:00:46.314Z</time></trkpt><trkpt lat="46.007481" lon="12.222202"><ele>1109.927</ele><time>2025-08-04T08:00:48.314Z</time></trkpt><trkpt lat="46.007461" lon="12.222282"><ele>1109.612</ele><time>2025-08-04T08:00:50.315Z</time></trkpt><trkpt lat="46.007438" lon="12.222362"><ele>1109.035</ele><time>2025-08-04T08:00:52.315Z</time></trkpt><trkpt lat="46.007423" lon="12.222442"><ele>1108.940</ele><time>2025-08-04T08:00:54.315Z</time></trkpt><trkpt lat="46.007410" lon="12.222539"><ele>1109.122</ele><time>2025-08-04T08:00:56.315Z</time></trkpt><trkpt lat="46.007392" lon="12.222647"><ele>1109.560</ele><time>2025-08-04T08:00:58.315Z</time></trkpt><trkpt lat="46.007349" lon="12.222742"><ele>1109.389</ele><time>2025-08-04T08:01:00.315Z</time></trkpt><trkpt lat="46.007284" lon="12.222777"><ele>1108.396</ele><time>2025-08-04T08:01:02.315Z</time></trkpt><trkpt lat="46.007219" lon="12.222767"><ele>1106.731</ele><time>2025-08-04T08:01:04.315Z</time></trkpt><trkpt lat="46.007151" lon="12.222752"><ele>1105.024</ele><time>2025-08-04T08:01:06.315Z</time></trkpt><trkpt lat="46.007098" lon="12.222757"><ele>1104.009</ele><time>2025-08-04T08:01:08.315Z</time></trkpt><trkpt lat="46.007055" lon="12.222780"><ele>1103.451</ele><time>2025-08-04T08:01:10.315Z</time></trkpt><trkpt lat="46.007015" lon="12.222837"><ele>1102.821</ele><time>2025-08-04T08:01:13.315Z</time></trkpt><trkpt lat="46.006988" lon="12.222902"><ele>1102.324</ele><time>2025-08-04T08:01:15.315Z</time></trkpt><trkpt lat="46.006973" lon="12.222977"><ele>1102.069</ele><time>2025-08-04T08:01:17.315Z</time></trkpt><trkpt lat="46.006963" lon="12.223052"><ele>1101.712</ele><time>2025-08-04T08:01:19.315Z</time></trkpt><trkpt lat="46.006961" lon="12.223130"><ele>1101.937</ele><time>2025-08-04T08:01:21.315Z</time></trkpt><trkpt lat="46.006924" lon="12.223208"><ele>1100.739</ele><time>2025-08-04T08:01:24.315Z</time></trkpt><trkpt lat="46.006877" lon="12.223196"><ele>1098.797</ele><time>2025-08-04T08:01:28.315Z</time></trkpt><trkpt lat="46.006719" lon="12.222796"><ele>1096.056</ele><time>2025-08-04T08:03:38.291Z</time></trkpt><trkpt lat="46.006767" lon="12.222739"><ele>1097.392</ele><time>2025-08-04T08:04:28.291Z</time></trkpt><trkpt lat="46.006785" lon="12.222672"><ele>1097.773</ele><time>2025-08-04T08:04:40.291Z</time></trkpt><trkpt lat="46.006730" lon="12.222634"><ele>1097.220</ele><time>2025-08-04T08:04:43.291Z</time></trkpt><trkpt lat="46.006692" lon="12.222674"><ele>1096.509</ele><time>2025-08-04T08:04:45.291Z</time></trkpt><trkpt lat="46.006689" lon="12.222746"><ele>1095.811</ele><time>2025-08-04T08:04:47.291Z</time></trkpt><trkpt lat="46.006677" lon="12.222831"><ele>1094.731</ele><time>2025-08-04T08:04:49.291Z</time></trkpt><trkpt lat="46.006659" lon="12.222916"><ele>1093.354</ele><time>2025-08-04T08:04:52.291Z</time></trkpt><trkpt lat="46.006647" lon="12.222983"><ele>1092.169</ele><time>2025-08-04T08:04:54.291Z</time></trkpt><trkpt lat="46.006655" lon="12.223053"><ele>1091.652</ele><time>2025-08-04T08:04:58.291Z</time></trkpt><trkpt lat="46.006615" lon="12.223088"><ele>1089.687</ele><time>2025-08-04T08:05:09.291Z</time></trkpt><trkpt lat="46.006567" lon="12.223068"><ele>1088.289</ele><time>2025-08-04T08:05:14.291Z</time></trkpt><trkpt lat="46.006527" lon="12.223028"><ele>1087.417</ele><time>2025-08-04T08:05:19.291Z</time></trkpt><trkpt lat="46.006472" lon="12.223031"><ele>1085.446</ele><time>2025-08-04T08:05:28.291Z</time></trkpt><trkpt lat="46.006372" lon="12.223011"><ele>1082.125</ele><time>2025-08-04T08:06:16.291Z</time></trkpt><trkpt lat="46.006430" lon="12.223016"><ele>1084.326</ele><time>2025-08-04T08:06:59.291Z</time></trkpt><trkpt lat="46.006540" lon="12.223068"><ele>1087.208</ele><time>2025-08-04T08:10:12.487Z</time></trkpt><trkpt lat="46.006588" lon="12.223101"><ele>1088.409</ele><time>2025-08-04T08:10:20.487Z</time></trkpt><trkpt lat="46.006633" lon="12.223136"><ele>1089.524</ele><time>2025-08-04T08:10:27.487Z</time></trkpt><trkpt lat="46.006673" lon="12.223084"><ele>1091.824</ele><time>2025-08-04T08:10:32.487Z</time></trkpt><trkpt lat="46.006678" lon="12.223017"><ele>1092.847</ele><time>2025-08-04T08:10:37.487Z</time></trkpt><trkpt lat="46.006661" lon="12.223112"><ele>1091.052</ele><time>2025-08-04T08:11:05.487Z</time></trkpt><trkpt lat="46.006581" lon="12.222975"><ele>1090.145</ele><time>2025-08-04T08:12:14.487Z</time></trkpt><trkpt lat="46.006621" lon="12.222720"><ele>1094.680</ele><time>2025-08-04T08:12:33.487Z</time></trkpt><trkpt lat="46.006669" lon="12.222657"><ele>1096.362</ele><time>2025-08-04T08:12:38.487Z</time></trkpt><trkpt lat="46.006702" lon="12.222589"><ele>1097.360</ele><time>2025-08-04T08:12:45.487Z</time></trkpt><trkpt lat="46.006739" lon="12.222637"><ele>1097.379</ele><time>2025-08-04T08:12:53.487Z</time></trkpt><trkpt lat="46.006699" lon="12.222579"><ele>1097.316</ele><time>2025-08-04T08:13:12.488Z</time></trkpt><trkpt lat="46.006756" lon="12.222591"><ele>1097.676</ele><time>2025-08-04T08:13:42.488Z</time></trkpt><trkpt lat="46.006723" lon="12.222543"><ele>1097.713</ele><time>2025-08-04T08:14:07.488Z</time></trkpt><trkpt lat="46.006690" lon="12.222446"><ele>1097.909</ele><time>2025-08-04T08:14:10.488Z</time></trkpt><trkpt lat="46.006663" lon="12.222336"><ele>1098.053</ele><time>2025-08-04T08:14:12Z</time></trkpt><trkpt lat="46.006660" lon="12.222264"><ele>1098.183</ele><time>2025-08-04T08:14:15.488Z</time></trkpt><trkpt lat="46.006647" lon="12.222169"><ele>1098.356</ele><time>2025-08-04T08:14:18.488Z</time></trkpt><trkpt lat="46.006652" lon="12.222067"><ele>1098.371</ele><time>2025-08-04T08:14:21.488Z</time></trkpt><trkpt lat="46.006650" lon="12.221955"><ele>1098.444</ele><time>2025-08-04T08:14:24.488Z</time></trkpt><trkpt lat="46.006650" lon="12.221832"><ele>1098.529</ele><time>2025-08-04T08:14:27.488Z</time></trkpt><trkpt lat="46.006660" lon="12.221719"><ele>1098.261</ele><time>2025-08-04T08:14:30.488Z</time></trkpt><trkpt lat="46.006650" lon="12.221627"><ele>1098.719</ele><time>2025-08-04T08:14:33.488Z</time></trkpt><trkpt lat="46.006648" lon="12.221534"><ele>1099.178</ele><time>2025-08-04T08:14:36.488Z</time></trkpt><trkpt lat="46.006643" lon="12.221462"><ele>1099.589</ele><time>2025-08-04T08:14:40.488Z</time></trkpt><trkpt lat="46.006636" lon="12.221335"><ele>1100.006</ele><time>2025-08-04T08:14:43.488Z</time></trkpt><trkpt lat="46.006646" lon="12.221205"><ele>1099.626</ele><time>2025-08-04T08:14:46.488Z</time></trkpt><trkpt lat="46.006636" lon="12.221072"><ele>1099.509</ele><time>2025-08-04T08:14:49.488Z</time></trkpt><trkpt lat="46.006621" lon="12.220922"><ele>1098.310</ele><time>2025-08-04T08:14:52.488Z</time></trkpt><trkpt lat="46.006556" lon="12.220790"><ele>1098.970</ele><time>2025-08-04T08:14:55.488Z</time></trkpt><trkpt lat="46.006496" lon="12.220642"><ele>1099.573</ele><time>2025-08-04T08:14:58.488Z</time></trkpt><trkpt lat="46.006463" lon="12.220497"><ele>1099.228</ele><time>2025-08-04T08:15:01.488Z</time></trkpt><trkpt lat="46.006423" lon="12.220362"><ele>1098.991</ele><time>2025-08-04T08:15:04.488Z</time></trkpt><trkpt lat="46.006361" lon="12.220244"><ele>1099.256</ele><time>2025-08-04T08:15:07.488Z</time></trkpt><trkpt lat="46.006281" lon="12.220134"><ele>1099.248</ele><time>2025-08-04T08:15:10.488Z</time></trkpt><trkpt lat="46.006186" lon="12.220024"><ele>1099.176</ele><time>2025-08-04T08:15:13.488Z</time></trkpt><trkpt lat="46.006078" lon="12.219876"><ele>1099.145</ele><time>2025-08-04T08:15:16.488Z</time></trkpt><trkpt lat="46.006021" lon="12.219723"><ele>1098.337</ele><time>2025-08-04T08:15:19.488Z</time></trkpt><trkpt lat="46.006014" lon="12.219610"><ele>1097.449</ele><time>2025-08-04T08:15:22.488Z</time></trkpt><trkpt lat="46.006066" lon="12.219492"><ele>1096.713</ele><time>2025-08-04T08:15:25.488Z</time></trkpt><trkpt lat="46.006089" lon="12.219320"><ele>1096.209</ele><time>2025-08-04T08:15:28.488Z</time></trkpt><trkpt lat="46.006076" lon="12.219127"><ele>1095.685</ele><time>2025-08-04T08:15:31.488Z</time></trkpt><trkpt lat="46.006056" lon="12.219005"><ele>1096.245</ele><time>2025-08-04T08:15:34.488Z</time></trkpt><trkpt lat="46.006024" lon="12.218897"><ele>1096.138</ele><time>2025-08-04T08:15:37.488Z</time></trkpt><trkpt lat="46.006001" lon="12.218789"><ele>1096.493</ele><time>2025-08-04T08:15:40.488Z</time></trkpt><trkpt lat="46.005969" lon="12.218669"><ele>1096.376</ele><time>2025-08-04T08:15:42Z</time></trkpt><trkpt lat="46.005944" lon="12.218589"><ele>1095.911</ele><time>2025-08-04T08:15:45.488Z</time></trkpt><trkpt lat="46.005901" lon="12.218422"><ele>1094.943</ele><time>2025-08-04T08:15:48.488Z</time></trkpt><trkpt lat="46.005864" lon="12.218259"><ele>1093.581</ele><time>2025-08-04T08:15:51.488Z</time></trkpt><trkpt lat="46.005876" lon="12.218081"><ele>1094.060</ele><time>2025-08-04T08:15:54.488Z</time></trkpt><trkpt lat="46.005878" lon="12.217928"><ele>1094.729</ele><time>2025-08-04T08:15:57.488Z</time></trkpt><trkpt lat="46.005868" lon="12.217806"><ele>1095.000</ele><time>2025-08-04T08:16:00.488Z</time></trkpt><trkpt lat="46.005848" lon="12.217711"><ele>1094.920</ele><time>2025-08-04T08:16:03.488Z</time></trkpt><trkpt lat="46.005846" lon="12.217631"><ele>1095.309</ele><time>2025-08-04T08:16:06.488Z</time></trkpt><trkpt lat="46.005844" lon="12.217548"><ele>1095.854</ele><time>2025-08-04T08:16:10.488Z</time></trkpt><trkpt lat="46.005832" lon="12.217461"><ele>1096.124</ele><time>2025-08-04T08:16:13.488Z</time></trkpt><trkpt lat="46.005624" lon="12.217153"><ele>1098.927</ele><time>2025-08-04T08:17:27.488Z</time></trkpt><trkpt lat="46.005547" lon="12.217181"><ele>1098.892</ele><time>2025-08-04T08:17:30.488Z</time></trkpt><trkpt lat="46.005480" lon="12.217236"><ele>1098.175</ele><time>2025-08-04T08:17:33.488Z</time></trkpt><trkpt lat="46.005392" lon="12.217296"><ele>1097.740</ele><time>2025-08-04T08:17:36.488Z</time></trkpt><trkpt lat="46.005334" lon="12.217328"><ele>1097.422</ele><time>2025-08-04T08:17:39.488Z</time></trkpt><trkpt lat="46.005266" lon="12.217343"><ele>1096.950</ele><time>2025-08-04T08:17:42.488Z</time></trkpt><trkpt lat="46.005224" lon="12.217303"><ele>1096.589</ele><time>2025-08-04T08:17:45.488Z</time></trkpt><trkpt lat="46.005172" lon="12.217236"><ele>1096.481</ele><time>2025-08-04T08:17:48.488Z</time></trkpt><trkpt lat="46.005102" lon="12.217203"><ele>1095.761</ele><time>2025-08-04T08:17:51.488Z</time></trkpt><trkpt lat="46.005034" lon="12.217151"><ele>1095.717</ele><time>2025-08-04T08:17:54.488Z</time></trkpt><trkpt lat="46.004964" lon="12.217114"><ele>1095.409</ele><time>2025-08-04T08:17:57.488Z</time></trkpt><trkpt lat="46.004846" lon="12.217039"><ele>1095.910</ele><time>2025-08-04T08:18:02.488Z</time></trkpt><trkpt lat="46.004789" lon="12.216989"><ele>1097.040</ele><time>2025-08-04T08:18:04Z</time></trkpt><trkpt lat="46.004746" lon="12.216954"><ele>1097.933</ele><time>2025-08-04T08:18:06Z</time></trkpt><trkpt lat="46.004688" lon="12.216799"><ele>1102.098</ele><time>2025-08-04T08:18:41.488Z</time></trkpt><trkpt lat="46.004623" lon="12.216732"><ele>1102.311</ele><time>2025-08-04T08:18:44.488Z</time></trkpt><trkpt lat="46.004573" lon="12.216695"><ele>1102.036</ele><time>2025-08-04T08:18:47.488Z</time></trkpt><trkpt lat="46.004513" lon="12.216640"><ele>1102.388</ele><time>2025-08-04T08:18:50.488Z</time></trkpt><trkpt lat="46.004425" lon="12.216567"><ele>1102.286</ele><time>2025-08-04T08:18:53.488Z</time></trkpt><trkpt lat="46.004345" lon="12.216507"><ele>1101.525</ele><time>2025-08-04T08:18:56.488Z</time></trkpt><trkpt lat="46.004270" lon="12.216439"><ele>1101.255</ele><time>2025-08-04T08:18:59.488Z</time></trkpt><trkpt lat="46.004180" lon="12.216386"><ele>1099.607</ele><time>2025-08-04T08:19:02.488Z</time></trkpt><trkpt lat="46.004082" lon="12.216328"><ele>1097.017</ele><time>2025-08-04T08:19:05.488Z</time></trkpt><trkpt lat="46.004002" lon="12.216286"><ele>1094.309</ele><time>2025-08-04T08:19:08.488Z</time></trkpt><trkpt lat="46.003940" lon="12.216279"><ele>1091.557</ele><time>2025-08-04T08:19:11.488Z</time></trkpt><trkpt lat="46.003775" lon="12.215526"><ele>1090.317</ele><time>2025-08-04T08:19:46.488Z</time></trkpt><trkpt lat="46.003723" lon="12.215283"><ele>1089.450</ele><time>2025-08-04T08:19:49.488Z</time></trkpt><trkpt lat="46.003673" lon="12.215063"><ele>1089.565</ele><time>2025-08-04T08:19:52.488Z</time></trkpt><trkpt lat="46.003655" lon="12.214858"><ele>1091.918</ele><time>2025-08-04T08:19:55.488Z</time></trkpt><trkpt lat="46.003625" lon="12.214686"><ele>1093.493</ele><time>2025-08-04T08:19:58.488Z</time></trkpt><trkpt lat="46.003573" lon="12.214499"><ele>1093.765</ele><time>2025-08-04T08:20:01.488Z</time></trkpt><trkpt lat="46.003565" lon="12.214366"><ele>1095.383</ele><time>2025-08-04T08:20:04.488Z</time></trkpt><trkpt lat="46.003525" lon="12.214221"><ele>1094.732</ele><time>2025-08-04T08:20:07.488Z</time></trkpt><trkpt lat="46.003465" lon="12.214083"><ele>1092.918</ele><time>2025-08-04T08:20:10.488Z</time></trkpt><trkpt lat="46.003440" lon="12.213951"><ele>1093.598</ele><time>2025-08-04T08:20:13.488Z</time></trkpt><trkpt lat="46.003415" lon="12.213829"><ele>1094.417</ele><time>2025-08-04T08:20:16.488Z</time></trkpt><trkpt lat="46.003385" lon="12.213731"><ele>1095.009</ele><time>2025-08-04T08:20:19.488Z</time></trkpt><trkpt lat="46.003363" lon="12.213644"><ele>1095.963</ele><time>2025-08-04T08:20:22.488Z</time></trkpt><trkpt lat="46.003360" lon="12.213546"><ele>1097.523</ele><time>2025-08-04T08:20:25.488Z</time></trkpt><trkpt lat="46.003360" lon="12.213441"><ele>1099.086</ele><time>2025-08-04T08:20:28.488Z</time></trkpt><trkpt lat="46.003348" lon="12.213319"><ele>1100.081</ele><time>2025-08-04T08:20:31.488Z</time></trkpt><trkpt lat="46.003376" lon="12.213161"><ele>1102.924</ele><time>2025-08-04T08:20:34.488Z</time></trkpt><trkpt lat="46.003333" lon="12.213018"><ele>1101.229</ele><time>2025-08-04T08:20:38.488Z</time></trkpt><trkpt lat="46.003300" lon="12.212888"><ele>1100.071</ele><time>2025-08-04T08:20:41.488Z</time></trkpt><trkpt lat="46.003272" lon="12.212760"><ele>1099.349</ele><time>2025-08-04T08:20:44.488Z</time></trkpt><trkpt lat="46.003224" lon="12.212600"><ele>1099.088</ele><time>2025-08-04T08:20:47.488Z</time></trkpt><trkpt lat="46.003151" lon="12.212490"><ele>1096.798</ele><time>2025-08-04T08:20:50.488Z</time></trkpt><trkpt lat="46.003103" lon="12.212368"><ele>1095.915</ele><time>2025-08-04T08:20:53.488Z</time></trkpt><trkpt lat="46.003050" lon="12.212230"><ele>1095.526</ele><time>2025-08-04T08:20:56.488Z</time></trkpt><trkpt lat="46.003057" lon="12.212077"><ele>1097.609</ele><time>2025-08-04T08:20:59.488Z</time></trkpt><trkpt lat="46.003029" lon="12.211917"><ele>1097.861</ele><time>2025-08-04T08:21:02.488Z</time></trkpt><trkpt lat="46.002997" lon="12.211734"><ele>1098.171</ele><time>2025-08-04T08:21:05.488Z</time></trkpt><trkpt lat="46.002954" lon="12.211552"><ele>1099.394</ele><time>2025-08-04T08:21:08.488Z</time></trkpt><trkpt lat="46.002909" lon="12.211362"><ele>1101.629</ele><time>2025-08-04T08:21:11.488Z</time></trkpt><trkpt lat="46.002861" lon="12.211219"><ele>1102.232</ele><time>2025-08-04T08:21:14.488Z</time></trkpt><trkpt lat="46.002818" lon="12.211061"><ele>1103.487</ele><time>2025-08-04T08:21:17.488Z</time></trkpt><trkpt lat="46.002800" lon="12.210951"><ele>1104.779</ele><time>2025-08-04T08:21:20.488Z</time></trkpt><trkpt lat="46.002767" lon="12.210874"><ele>1104.677</ele><time>2025-08-04T08:21:23.488Z</time></trkpt><trkpt lat="46.002715" lon="12.210771"><ele>1103.126</ele><time>2025-08-04T08:21:26.488Z</time></trkpt><trkpt lat="46.002675" lon="12.210638"><ele>1102.534</ele><time>2025-08-04T08:21:29.488Z</time></trkpt><trkpt lat="46.002638" lon="12.210486"><ele>1102.055</ele><time>2025-08-04T08:21:32.488Z</time></trkpt><trkpt lat="46.002620" lon="12.210344"><ele>1102.210</ele><time>2025-08-04T08:21:35.488Z</time></trkpt><trkpt lat="46.002602" lon="12.210202"><ele>1102.209</ele><time>2025-08-04T08:21:38.488Z</time></trkpt><trkpt lat="46.002597" lon="12.210049"><ele>1102.465</ele><time>2025-08-04T08:21:41.488Z</time></trkpt><trkpt lat="46.002577" lon="12.209904"><ele>1103.065</ele><time>2025-08-04T08:21:44.488Z</time></trkpt><trkpt lat="46.002537" lon="12.209787"><ele>1103.248</ele><time>2025-08-04T08:21:47.488Z</time></trkpt><trkpt lat="46.002457" lon="12.209655"><ele>1102.533</ele><time>2025-08-04T08:21:50.488Z</time></trkpt><trkpt lat="46.002394" lon="12.209565"><ele>1101.686</ele><time>2025-08-04T08:21:53.488Z</time></trkpt><trkpt lat="46.002336" lon="12.209463"><ele>1101.111</ele><time>2025-08-04T08:21:56.488Z</time></trkpt><trkpt lat="46.002314" lon="12.209360"><ele>1101.483</ele><time>2025-08-04T08:21:59.488Z</time></trkpt><trkpt lat="46.002301" lon="12.209267"><ele>1101.711</ele><time>2025-08-04T08:22:02.488Z</time></trkpt><trkpt lat="46.002304" lon="12.209174"><ele>1102.680</ele><time>2025-08-04T08:22:05.488Z</time></trkpt><trkpt lat="46.002302" lon="12.209092"><ele>1102.973</ele><time>2025-08-04T08:22:08.488Z</time></trkpt><trkpt lat="46.002320" lon="12.209027"><ele>1103.885</ele><time>2025-08-04T08:22:11.488Z</time></trkpt><trkpt lat="46.002323" lon="12.208950"><ele>1104.313</ele><time>2025-08-04T08:22:15.488Z</time></trkpt><trkpt lat="46.002333" lon="12.208878"><ele>1105.109</ele><time>2025-08-04T08:22:18.488Z</time></trkpt><trkpt lat="46.002326" lon="12.208811"><ele>1105.239</ele><time>2025-08-04T08:22:21.488Z</time></trkpt><trkpt lat="46.002338" lon="12.208746"><ele>1106.029</ele><time>2025-08-04T08:22:24.488Z</time></trkpt><trkpt lat="46.002341" lon="12.208681"><ele>1106.522</ele><time>2025-08-04T08:22:27.488Z</time></trkpt><trkpt lat="46.002346" lon="12.208599"><ele>1107.147</ele><time>2025-08-04T08:22:31.488Z</time></trkpt><trkpt lat="46.002351" lon="12.208524"><ele>1107.690</ele><time>2025-08-04T08:22:36.488Z</time></trkpt><trkpt lat="46.002383" lon="12.208577"><ele>1108.495</ele><time>2025-08-04T08:24:03.488Z</time></trkpt><trkpt lat="46.002428" lon="12.208655"><ele>1109.517</ele><time>2025-08-04T08:24:07.488Z</time></trkpt><trkpt lat="46.002456" lon="12.208712"><ele>1110.245</ele><time>2025-08-04T08:24:10.488Z</time></trkpt><trkpt lat="46.002501" lon="12.208819"><ele>1111.394</ele><time>2025-08-04T08:24:13.488Z</time></trkpt><trkpt lat="46.002536" lon="12.208894"><ele>1111.052</ele><time>2025-08-04T08:24:15Z</time></trkpt><trkpt lat="46.002581" lon="12.208907"><ele>1110.953</ele><time>2025-08-04T08:24:19.488Z</time></trkpt><trkpt lat="46.002599" lon="12.208840"><ele>1111.208</ele><time>2025-08-04T08:24:22.488Z</time></trkpt><trkpt lat="46.002611" lon="12.208773"><ele>1111.409</ele><time>2025-08-04T08:24:25.488Z</time></trkpt><trkpt lat="46.002623" lon="12.208701"><ele>1111.777</ele><time>2025-08-04T08:24:28.488Z</time></trkpt><trkpt lat="46.002598" lon="12.208636"><ele>1111.927</ele><time>2025-08-04T08:24:39.488Z</time></trkpt><trkpt lat="46.002560" lon="12.208574"><ele>1112.210</ele><time>2025-08-04T08:24:45.488Z</time></trkpt><trkpt lat="46.002590" lon="12.208512"><ele>1112.625</ele><time>2025-08-04T08:24:51.488Z</time></trkpt><trkpt lat="46.002543" lon="12.208429"><ele>1113.268</ele><time>2025-08-04T08:25:21.488Z</time></trkpt><trkpt lat="46.002526" lon="12.208296"><ele>1114.283</ele><time>2025-08-04T08:27:03.488Z</time></trkpt><trkpt lat="46.002539" lon="12.208213"><ele>1114.765</ele><time>2025-08-04T08:27:21.488Z</time></trkpt><trkpt lat="46.002561" lon="12.208130"><ele>1115.283</ele><time>2025-08-04T08:27:24.488Z</time></trkpt><trkpt lat="46.002569" lon="12.208040"><ele>1115.972</ele><time>2025-08-04T08:27:27.489Z</time></trkpt><trkpt lat="46.002569" lon="12.207973"><ele>1116.456</ele><time>2025-08-04T08:27:30.489Z</time></trkpt><trkpt lat="46.002544" lon="12.207893"><ele>1117.159</ele><time>2025-08-04T08:27:34.489Z</time></trkpt><trkpt lat="46.002514" lon="12.207841"><ele>1117.514</ele><time>2025-08-04T08:27:37.489Z</time></trkpt><trkpt lat="46.002494" lon="12.207781"><ele>1117.809</ele><time>2025-08-04T08:27:41.489Z</time></trkpt><trkpt lat="46.002471" lon="12.207719"><ele>1117.687</ele><time>2025-08-04T08:27:45.489Z</time></trkpt><trkpt lat="46.002496" lon="12.207849"><ele>1117.387</ele><time>2025-08-04T08:28:12.489Z</time></trkpt><trkpt lat="46.002536" lon="12.207569"><ele>1120.230</ele><time>2025-08-04T08:28:33.489Z</time></trkpt><trkpt lat="46.002543" lon="12.207499"><ele>1120.955</ele><time>2025-08-04T08:28:37.489Z</time></trkpt><trkpt lat="46.002543" lon="12.207416"><ele>1121.728</ele><time>2025-08-04T08:28:41.489Z</time></trkpt><trkpt lat="46.002538" lon="12.207341"><ele>1122.453</ele><time>2025-08-04T08:28:45.489Z</time></trkpt><trkpt lat="46.002555" lon="12.207274"><ele>1122.985</ele><time>2025-08-04T08:28:49.489Z</time></trkpt><trkpt lat="46.002550" lon="12.207202"><ele>1123.583</ele><time>2025-08-04T08:28:53.489Z</time></trkpt><trkpt lat="46.002520" lon="12.207150"><ele>1124.032</ele><time>2025-08-04T08:28:58.489Z</time></trkpt><trkpt lat="46.002498" lon="12.207077"><ele>1124.484</ele><time>2025-08-04T08:31:22.489Z</time></trkpt><trkpt lat="46.002553" lon="12.207125"><ele>1123.607</ele><time>2025-08-04T08:33:05.489Z</time></trkpt><trkpt lat="46.002561" lon="12.207220"><ele>1123.317</ele><time>2025-08-04T08:33:20.489Z</time></trkpt><trkpt lat="46.002571" lon="12.207283"><ele>1122.709</ele><time>2025-08-04T08:33:23.489Z</time></trkpt><trkpt lat="46.002559" lon="12.207368"><ele>1122.040</ele><time>2025-08-04T08:33:26.489Z</time></trkpt><trkpt lat="46.002554" lon="12.207461"><ele>1121.230</ele><time>2025-08-04T08:33:29.489Z</time></trkpt><trkpt lat="46.002529" lon="12.207533"><ele>1120.623</ele><time>2025-08-04T08:33:33.489Z</time></trkpt><trkpt lat="46.002489" lon="12.207571"><ele>1119.848</ele><time>2025-08-04T08:33:37.489Z</time></trkpt><trkpt lat="46.002459" lon="12.207641"><ele>1117.921</ele><time>2025-08-04T08:33:57.489Z</time></trkpt><trkpt lat="46.002447" lon="12.207713"><ele>1116.776</ele><time>2025-08-04T08:34:00.489Z</time></trkpt><trkpt lat="46.002457" lon="12.207785"><ele>1116.488</ele><time>2025-08-04T08:34:04.489Z</time></trkpt><trkpt lat="46.002414" lon="12.207818"><ele>1114.656</ele><time>2025-08-04T08:35:02.489Z</time></trkpt><trkpt lat="46.002451" lon="12.207916"><ele>1115.245</ele><time>2025-08-04T08:35:16Z</time></trkpt><trkpt lat="46.002474" lon="12.207973"><ele>1115.725</ele><time>2025-08-04T08:35:19.489Z</time></trkpt><trkpt lat="46.002507" lon="12.208051"><ele>1116.026</ele><time>2025-08-04T08:35:22.489Z</time></trkpt><trkpt lat="46.002550" lon="12.208106"><ele>1115.508</ele><time>2025-08-04T08:35:25.489Z</time></trkpt><trkpt lat="46.002592" lon="12.208133"><ele>1115.109</ele><time>2025-08-04T08:35:28.489Z</time></trkpt><trkpt lat="46.002647" lon="12.208100"><ele>1115.224</ele><time>2025-08-04T08:35:31.489Z</time></trkpt><trkpt lat="46.002675" lon="12.208025"><ele>1115.754</ele><time>2025-08-04T08:35:34.489Z</time></trkpt><trkpt lat="46.002710" lon="12.207957"><ele>1116.287</ele><time>2025-08-04T08:35:38.489Z</time></trkpt><trkpt lat="46.002730" lon="12.207890"><ele>1116.982</ele><time>2025-08-04T08:35:41.489Z</time></trkpt><trkpt lat="46.002763" lon="12.207805"><ele>1117.755</ele><time>2025-08-04T08:35:44.489Z</time></trkpt><trkpt lat="46.002781" lon="12.207725"><ele>1118.250</ele><time>2025-08-04T08:35:47.489Z</time></trkpt><trkpt lat="46.002793" lon="12.207648"><ele>1118.252</ele><time>2025-08-04T08:35:50.489Z</time></trkpt><trkpt lat="46.002818" lon="12.207526"><ele>1117.890</ele><time>2025-08-04T08:35:53.489Z</time></trkpt><trkpt lat="46.002831" lon="12.207358"><ele>1117.799</ele><time>2025-08-04T08:35:56.489Z</time></trkpt><trkpt lat="46.002836" lon="12.207216"><ele>1117.837</ele><time>2025-08-04T08:35:59.489Z</time></trkpt><trkpt lat="46.002826" lon="12.207078"><ele>1118.049</ele><time>2025-08-04T08:36:02.489Z</time></trkpt><trkpt lat="46.002811" lon="12.206958"><ele>1118.413</ele><time>2025-08-04T08:36:05.489Z</time></trkpt><trkpt lat="46.002793" lon="12.206838"><ele>1118.509</ele><time>2025-08-04T08:36:08.489Z</time></trkpt><trkpt lat="46.002770" lon="12.206715"><ele>1118.525</ele><time>2025-08-04T08:36:11.489Z</time></trkpt><trkpt lat="46.002757" lon="12.206588"><ele>1117.625</ele><time>2025-08-04T08:36:14.489Z</time></trkpt><trkpt lat="46.002740" lon="12.206450"><ele>1116.668</ele><time>2025-08-04T08:36:17.489Z</time></trkpt><trkpt lat="46.002720" lon="12.206312"><ele>1115.863</ele><time>2025-08-04T08:36:20.489Z</time></trkpt><trkpt lat="46.002687" lon="12.206185"><ele>1115.656</ele><time>2025-08-04T08:36:23.489Z</time></trkpt><trkpt lat="46.002664" lon="12.206080"><ele>1115.111</ele><time>2025-08-04T08:36:26.489Z</time></trkpt><trkpt lat="46.002636" lon="12.205958"><ele>1114.483</ele><time>2025-08-04T08:36:29.489Z</time></trkpt><trkpt lat="46.002599" lon="12.205803"><ele>1113.511</ele><time>2025-08-04T08:36:32.489Z</time></trkpt><trkpt lat="46.002557" lon="12.205626"><ele>1112.510</ele><time>2025-08-04T08:36:35.489Z</time></trkpt><trkpt lat="46.002525" lon="12.205481"><ele>1111.722</ele><time>2025-08-04T08:36:38.489Z</time></trkpt><trkpt lat="46.002510" lon="12.205394"><ele>1111.162</ele><time>2025-08-04T08:36:41.489Z</time></trkpt><trkpt lat="46.002523" lon="12.205319"><ele>1110.208</ele><time>2025-08-04T08:36:44.489Z</time></trkpt><trkpt lat="46.002543" lon="12.205229"><ele>1109.109</ele><time>2025-08-04T08:36:47.489Z</time></trkpt><trkpt lat="46.002553" lon="12.205157"><ele>1108.454</ele><time>2025-08-04T08:36:50.489Z</time></trkpt><trkpt lat="46.002555" lon="12.205080"><ele>1107.744</ele><time>2025-08-04T08:36:53.489Z</time></trkpt><trkpt lat="46.002565" lon="12.204988"><ele>1106.947</ele><time>2025-08-04T08:36:56.489Z</time></trkpt><trkpt lat="46.002565" lon="12.204888"><ele>1106.572</ele><time>2025-08-04T08:36:59.489Z</time></trkpt><trkpt lat="46.002583" lon="12.204775"><ele>1106.165</ele><time>2025-08-04T08:37:02.489Z</time></trkpt><trkpt lat="46.002596" lon="12.204660"><ele>1106.150</ele><time>2025-08-04T08:37:05.489Z</time></trkpt><trkpt lat="46.002601" lon="12.204562"><ele>1106.322</ele><time>2025-08-04T08:37:08.489Z</time></trkpt><trkpt lat="46.002608" lon="12.204452"><ele>1106.590</ele><time>2025-08-04T08:37:11.489Z</time></trkpt><trkpt lat="46.002601" lon="12.204339"><ele>1106.649</ele><time>2025-08-04T08:37:14.489Z</time></trkpt><trkpt lat="46.002599" lon="12.204211"><ele>1106.765</ele><time>2025-08-04T08:37:17.489Z</time></trkpt><trkpt lat="46.002607" lon="12.204089"><ele>1107.268</ele><time>2025-08-04T08:37:20.489Z</time></trkpt><trkpt lat="46.002624" lon="12.203969"><ele>1107.914</ele><time>2025-08-04T08:37:23.489Z</time></trkpt><trkpt lat="46.002639" lon="12.203859"><ele>1108.809</ele><time>2025-08-04T08:37:26.489Z</time></trkpt><trkpt lat="46.002659" lon="12.203761"><ele>1110.078</ele><time>2025-08-04T08:37:29.489Z</time></trkpt><trkpt lat="46.002662" lon="12.203649"><ele>1111.178</ele><time>2025-08-04T08:37:32.489Z</time></trkpt><trkpt lat="46.002665" lon="12.203554"><ele>1112.031</ele><time>2025-08-04T08:37:35.489Z</time></trkpt><trkpt lat="46.002643" lon="12.203466"><ele>1112.416</ele><time>2025-08-04T08:37:38.489Z</time></trkpt><trkpt lat="46.002615" lon="12.203383"><ele>1112.759</ele><time>2025-08-04T08:37:41.489Z</time></trkpt><trkpt lat="46.002598" lon="12.203320"><ele>1113.284</ele><time>2025-08-04T08:37:44.489Z</time></trkpt><trkpt lat="46.002566" lon="12.203248"><ele>1113.466</ele><time>2025-08-04T08:37:47.489Z</time></trkpt><trkpt lat="46.002554" lon="12.203173"><ele>1114.064</ele><time>2025-08-04T08:37:50.489Z</time></trkpt><trkpt lat="46.002541" lon="12.203095"><ele>1114.653</ele><time>2025-08-04T08:37:53.489Z</time></trkpt><trkpt lat="46.002541" lon="12.203023"><ele>1115.437</ele><time>2025-08-04T08:37:56.489Z</time></trkpt><trkpt lat="46.002528" lon="12.202946"><ele>1116.449</ele><time>2025-08-04T08:37:59.489Z</time></trkpt><trkpt lat="46.002516" lon="12.202871"><ele>1117.513</ele><time>2025-08-04T08:38:02.489Z</time></trkpt><trkpt lat="46.002508" lon="12.202791"><ele>1118.709</ele><time>2025-08-04T08:38:05.489Z</time></trkpt><trkpt lat="46.002520" lon="12.202703"><ele>1119.745</ele><time>2025-08-04T08:38:08.489Z</time></trkpt><trkpt lat="46.002522" lon="12.202623"><ele>1120.845</ele><time>2025-08-04T08:38:11.489Z</time></trkpt><trkpt lat="46.002519" lon="12.202543"><ele>1121.948</ele><time>2025-08-04T08:38:15.489Z</time></trkpt><trkpt lat="46.002522" lon="12.202458"><ele>1122.943</ele><time>2025-08-04T08:38:19.489Z</time></trkpt><trkpt lat="46.002532" lon="12.202395"><ele>1123.456</ele><time>2025-08-04T08:38:22.489Z</time></trkpt><trkpt lat="46.002554" lon="12.202333"><ele>1123.791</ele><time>2025-08-04T08:38:25.489Z</time></trkpt><trkpt lat="46.002571" lon="12.202258"><ele>1124.313</ele><time>2025-08-04T08:38:28.489Z</time></trkpt><trkpt lat="46.002589" lon="12.202185"><ele>1125.071</ele><time>2025-08-04T08:38:31.489Z</time></trkpt><trkpt lat="46.002601" lon="12.202105"><ele>1126.180</ele><time>2025-08-04T08:38:34.489Z</time></trkpt><trkpt lat="46.002619" lon="12.202038"><ele>1127.018</ele><time>2025-08-04T08:38:37.489Z</time></trkpt><trkpt lat="46.002642" lon="12.201965"><ele>1128.198</ele><time>2025-08-04T08:38:41.489Z</time></trkpt><trkpt lat="46.002677" lon="12.201912"><ele>1129.117</ele><time>2025-08-04T08:38:44.489Z</time></trkpt><trkpt lat="46.002705" lon="12.201859"><ele>1130.209</ele><time>2025-08-04T08:38:47.489Z</time></trkpt><trkpt lat="46.002738" lon="12.201806"><ele>1131.483</ele><time>2025-08-04T08:38:50.489Z</time></trkpt><trkpt lat="46.002778" lon="12.201751"><ele>1132.983</ele><time>2025-08-04T08:38:54.489Z</time></trkpt><trkpt lat="46.002815" lon="12.201708"><ele>1132.426</ele><time>2025-08-04T08:38:57.489Z</time></trkpt><trkpt lat="46.002840" lon="12.201635"><ele>1133.151</ele><time>2025-08-04T08:39:01.489Z</time></trkpt><trkpt lat="46.002858" lon="12.201568"><ele>1133.734</ele><time>2025-08-04T08:39:04.489Z</time></trkpt><trkpt lat="46.002876" lon="12.201498"><ele>1134.479</ele><time>2025-08-04T08:39:08.489Z</time></trkpt><trkpt lat="46.002898" lon="12.201431"><ele>1134.851</ele><time>2025-08-04T08:39:10Z</time></trkpt><trkpt lat="46.002921" lon="12.201373"><ele>1135.199</ele><time>2025-08-04T08:39:14.489Z</time></trkpt><trkpt lat="46.002946" lon="12.201316"><ele>1135.378</ele><time>2025-08-04T08:39:17.489Z</time></trkpt><trkpt lat="46.002973" lon="12.201259"><ele>1135.392</ele><time>2025-08-04T08:39:20.489Z</time></trkpt><trkpt lat="46.003006" lon="12.201186"><ele>1135.473</ele><time>2025-08-04T08:39:24.489Z</time></trkpt><trkpt lat="46.003041" lon="12.201111"><ele>1135.520</ele><time>2025-08-04T08:39:28.489Z</time></trkpt><trkpt lat="46.003068" lon="12.201049"><ele>1135.809</ele><time>2025-08-04T08:39:31.489Z</time></trkpt><trkpt lat="46.003093" lon="12.200991"><ele>1136.031</ele><time>2025-08-04T08:39:34.489Z</time></trkpt><trkpt lat="46.003125" lon="12.200919"><ele>1136.291</ele><time>2025-08-04T08:39:38.489Z</time></trkpt><trkpt lat="46.003153" lon="12.200859"><ele>1136.594</ele><time>2025-08-04T08:39:41.489Z</time></trkpt><trkpt lat="46.003186" lon="12.200799"><ele>1136.859</ele><time>2025-08-04T08:39:44.489Z</time></trkpt><trkpt lat="46.003244" lon="12.200731"><ele>1136.292</ele><time>2025-08-04T08:39:47.489Z</time></trkpt><trkpt lat="46.003281" lon="12.200641"><ele>1137.117</ele><time>2025-08-04T08:39:50.489Z</time></trkpt><trkpt lat="46.003316" lon="12.200568"><ele>1137.489</ele><time>2025-08-04T08:39:53.489Z</time></trkpt><trkpt lat="46.003356" lon="12.200495"><ele>1137.617</ele><time>2025-08-04T08:39:57.489Z</time></trkpt><trkpt lat="46.003381" lon="12.200425"><ele>1138.376</ele><time>2025-08-04T08:40:00.489Z</time></trkpt><trkpt lat="46.003423" lon="12.200367"><ele>1138.187</ele><time>2025-08-04T08:40:04.489Z</time></trkpt><trkpt lat="46.003461" lon="12.200305"><ele>1138.242</ele><time>2025-08-04T08:40:08.489Z</time></trkpt><trkpt lat="46.003501" lon="12.200248"><ele>1138.226</ele><time>2025-08-04T08:40:11.489Z</time></trkpt><trkpt lat="46.003543" lon="12.200186"><ele>1138.309</ele><time>2025-08-04T08:40:14.489Z</time></trkpt><trkpt lat="46.003578" lon="12.200133"><ele>1138.570</ele><time>2025-08-04T08:40:17.489Z</time></trkpt><trkpt lat="46.003616" lon="12.200090"><ele>1138.280</ele><time>2025-08-04T08:40:20.489Z</time></trkpt><trkpt lat="46.003661" lon="12.200040"><ele>1138.183</ele><time>2025-08-04T08:40:23.489Z</time></trkpt><trkpt lat="46.003683" lon="12.199973"><ele>1138.848</ele><time>2025-08-04T08:40:26.489Z</time></trkpt><trkpt lat="46.003703" lon="12.199896"><ele>1139.161</ele><time>2025-08-04T08:40:29.489Z</time></trkpt><trkpt lat="46.003715" lon="12.199814"><ele>1139.766</ele><time>2025-08-04T08:40:33.489Z</time></trkpt><trkpt lat="46.003718" lon="12.199716"><ele>1140.838</ele><time>2025-08-04T08:40:37.489Z</time></trkpt><trkpt lat="46.003691" lon="12.199609"><ele>1142.226</ele><time>2025-08-04T08:40:40.489Z</time></trkpt><trkpt lat="46.003674" lon="12.199502"><ele>1143.355</ele><time>2025-08-04T08:40:43.489Z</time></trkpt><trkpt lat="46.003661" lon="12.199387"><ele>1144.063</ele><time>2025-08-04T08:40:46.489Z</time></trkpt><trkpt lat="46.003646" lon="12.199267"><ele>1144.644</ele><time>2025-08-04T08:40:49.489Z</time></trkpt><trkpt lat="46.003631" lon="12.199169"><ele>1145.218</ele><time>2025-08-04T08:40:52.489Z</time></trkpt><trkpt lat="46.003639" lon="12.199056"><ele>1145.309</ele><time>2025-08-04T08:40:55.489Z</time></trkpt><trkpt lat="46.003672" lon="12.198946"><ele>1144.218</ele><time>2025-08-04T08:40:58.489Z</time></trkpt><trkpt lat="46.003687" lon="12.198868"><ele>1143.858</ele><time>2025-08-04T08:41:01.489Z</time></trkpt><trkpt lat="46.003685" lon="12.198778"><ele>1144.231</ele><time>2025-08-04T08:41:04.489Z</time></trkpt><trkpt lat="46.003697" lon="12.198670"><ele>1144.146</ele><time>2025-08-04T08:41:07.489Z</time></trkpt><trkpt lat="46.003720" lon="12.198575"><ele>1143.559</ele><time>2025-08-04T08:41:10.489Z</time></trkpt><trkpt lat="46.003727" lon="12.198480"><ele>1143.774</ele><time>2025-08-04T08:41:13.489Z</time></trkpt><trkpt lat="46.003749" lon="12.198367"><ele>1143.416</ele><time>2025-08-04T08:41:16.489Z</time></trkpt><trkpt lat="46.003769" lon="12.198232"><ele>1143.054</ele><time>2025-08-04T08:41:19.489Z</time></trkpt><trkpt lat="46.003771" lon="12.198097"><ele>1143.453</ele><time>2025-08-04T08:41:22.489Z</time></trkpt><trkpt lat="46.003761" lon="12.197952"><ele>1143.676</ele><time>2025-08-04T08:41:25.490Z</time></trkpt><trkpt lat="46.003723" lon="12.197790"><ele>1144.690</ele><time>2025-08-04T08:41:28.490Z</time></trkpt><trkpt lat="46.003658" lon="12.197657"><ele>1145.519</ele><time>2025-08-04T08:41:31.490Z</time></trkpt><trkpt lat="46.003605" lon="12.197550"><ele>1145.809</ele><time>2025-08-04T08:41:34.490Z</time></trkpt><trkpt lat="46.003545" lon="12.197395"><ele>1143.659</ele><time>2025-08-04T08:41:37.490Z</time></trkpt><trkpt lat="46.003462" lon="12.197215"><ele>1141.519</ele><time>2025-08-04T08:41:40.490Z</time></trkpt><trkpt lat="46.003369" lon="12.197100"><ele>1141.052</ele><time>2025-08-04T08:41:43.490Z</time></trkpt><trkpt lat="46.003317" lon="12.197027"><ele>1140.197</ele><time>2025-08-04T08:41:46.490Z</time></trkpt><trkpt lat="46.003277" lon="12.196969"><ele>1138.430</ele><time>2025-08-04T08:41:49.490Z</time></trkpt><trkpt lat="46.003242" lon="12.196914"><ele>1137.355</ele><time>2025-08-04T08:41:52.490Z</time></trkpt><trkpt lat="46.003207" lon="12.196836"><ele>1136.737</ele><time>2025-08-04T08:41:55.490Z</time></trkpt><trkpt lat="46.003185" lon="12.196768"><ele>1136.495</ele><time>2025-08-04T08:41:58.490Z</time></trkpt><trkpt lat="46.003170" lon="12.196703"><ele>1136.484</ele><time>2025-08-04T08:42:01.490Z</time></trkpt><trkpt lat="46.003152" lon="12.196638"><ele>1136.572</ele><time>2025-08-04T08:42:04.490Z</time></trkpt><trkpt lat="46.003137" lon="12.196541"><ele>1137.113</ele><time>2025-08-04T08:42:07.490Z</time></trkpt><trkpt lat="46.003110" lon="12.196464"><ele>1137.814</ele><time>2025-08-04T08:42:10.490Z</time></trkpt><trkpt lat="46.003095" lon="12.196394"><ele>1138.509</ele><time>2025-08-04T08:42:13.490Z</time></trkpt><trkpt lat="46.003078" lon="12.196321"><ele>1139.279</ele><time>2025-08-04T08:42:16.490Z</time></trkpt><trkpt lat="46.003073" lon="12.196256"><ele>1139.759</ele><time>2025-08-04T08:42:19.490Z</time></trkpt><trkpt lat="46.003073" lon="12.196179"><ele>1140.322</ele><time>2025-08-04T08:42:22.490Z</time></trkpt><trkpt lat="46.003073" lon="12.196101"><ele>1140.757</ele><time>2025-08-04T08:42:25.490Z</time></trkpt><trkpt lat="46.003071" lon="12.196029"><ele>1140.510</ele><time>2025-08-04T08:42:28.490Z</time></trkpt><trkpt lat="46.003076" lon="12.195956"><ele>1140.385</ele><time>2025-08-04T08:42:31.490Z</time></trkpt><trkpt lat="46.003066" lon="12.195878"><ele>1140.117</ele><time>2025-08-04T08:42:35.490Z</time></trkpt><trkpt lat="46.003033" lon="12.195820"><ele>1139.095</ele><time>2025-08-04T08:42:40.490Z</time></trkpt><trkpt lat="46.003006" lon="12.195765"><ele>1137.934</ele><time>2025-08-04T08:42:47.490Z</time></trkpt><trkpt lat="46.003029" lon="12.195828"><ele>1138.911</ele><time>2025-08-04T08:42:58.490Z</time></trkpt><trkpt lat="46.003071" lon="12.195856"><ele>1140.121</ele><time>2025-08-04T08:43:03.490Z</time></trkpt><trkpt lat="46.003099" lon="12.195781"><ele>1140.103</ele><time>2025-08-04T08:43:14.490Z</time></trkpt><trkpt lat="46.003121" lon="12.195694"><ele>1140.409</ele><time>2025-08-04T08:43:17.490Z</time></trkpt><trkpt lat="46.003146" lon="12.195621"><ele>1140.733</ele><time>2025-08-04T08:43:21.490Z</time></trkpt><trkpt lat="46.003173" lon="12.195564"><ele>1141.213</ele><time>2025-08-04T08:43:25.490Z</time></trkpt><trkpt lat="46.003125" lon="12.195672"><ele>1140.436</ele><time>2025-08-04T08:45:58.490Z</time></trkpt><trkpt lat="46.003147" lon="12.195735"><ele>1140.431</ele><time>2025-08-04T08:46:01.490Z</time></trkpt><trkpt lat="46.003144" lon="12.195818"><ele>1140.164</ele><time>2025-08-04T08:46:04.490Z</time></trkpt><trkpt lat="46.003087" lon="12.195873"><ele>1140.179</ele><time>2025-08-04T08:46:07.490Z</time></trkpt><trkpt lat="46.003015" lon="12.195861"><ele>1138.361</ele><time>2025-08-04T08:46:10.490Z</time></trkpt><trkpt lat="46.002988" lon="12.195783"><ele>1137.159</ele><time>2025-08-04T08:46:13.490Z</time></trkpt><trkpt lat="46.002991" lon="12.195710"><ele>1137.328</ele><time>2025-08-04T08:46:16.490Z</time></trkpt><trkpt lat="46.002998" lon="12.195630"><ele>1137.711</ele><time>2025-08-04T08:46:20.490Z</time></trkpt><trkpt lat="46.003046" lon="12.195613"><ele>1139.621</ele><time>2025-08-04T08:48:14.490Z</time></trkpt><trkpt lat="46.003003" lon="12.195638"><ele>1137.903</ele><time>2025-08-04T08:48:34Z</time></trkpt><trkpt lat="46.003088" lon="12.195836"><ele>1140.009</ele><time>2025-08-04T08:49:26.490Z</time></trkpt><trkpt lat="46.003103" lon="12.195773"><ele>1140.183</ele><time>2025-08-04T08:51:14.491Z</time></trkpt><trkpt lat="46.003121" lon="12.195713"><ele>1140.313</ele><time>2025-08-04T08:51:19.491Z</time></trkpt><trkpt lat="46.003154" lon="12.195656"><ele>1140.766</ele><time>2025-08-04T08:51:22.491Z</time></trkpt><trkpt lat="46.003179" lon="12.195589"><ele>1141.271</ele><time>2025-08-04T08:51:25.491Z</time></trkpt><trkpt lat="46.003211" lon="12.195541"><ele>1141.934</ele><time>2025-08-04T08:51:28.491Z</time></trkpt><trkpt lat="46.003258" lon="12.195501"><ele>1143.079</ele><time>2025-08-04T08:51:31.491Z</time></trkpt><trkpt lat="46.003295" lon="12.195448"><ele>1144.691</ele><time>2025-08-04T08:51:34.491Z</time></trkpt><trkpt lat="46.003338" lon="12.195388"><ele>1146.559</ele><time>2025-08-04T08:51:37.491Z</time></trkpt><trkpt lat="46.003380" lon="12.195320"><ele>1147.188</ele><time>2025-08-04T08:51:40.491Z</time></trkpt><trkpt lat="46.003417" lon="12.195270"><ele>1147.473</ele><time>2025-08-04T08:51:43.491Z</time></trkpt><trkpt lat="46.003454" lon="12.195203"><ele>1148.085</ele><time>2025-08-04T08:51:46.491Z</time></trkpt><trkpt lat="46.003481" lon="12.195143"><ele>1148.713</ele><time>2025-08-04T08:51:53.491Z</time></trkpt><trkpt lat="46.003513" lon="12.195076"><ele>1149.509</ele><time>2025-08-04T08:52:14.491Z</time></trkpt><trkpt lat="46.003551" lon="12.195004"><ele>1150.289</ele><time>2025-08-04T08:52:17.491Z</time></trkpt><trkpt lat="46.003588" lon="12.194936"><ele>1150.899</ele><time>2025-08-04T08:52:20.491Z</time></trkpt><trkpt lat="46.003626" lon="12.194868"><ele>1151.362</ele><time>2025-08-04T08:52:23.491Z</time></trkpt><trkpt lat="46.003669" lon="12.194798"><ele>1151.267</ele><time>2025-08-04T08:52:26.491Z</time></trkpt><trkpt lat="46.003707" lon="12.194736"><ele>1151.220</ele><time>2025-08-04T08:52:29.491Z</time></trkpt><trkpt lat="46.003739" lon="12.194671"><ele>1151.735</ele><time>2025-08-04T08:52:32.491Z</time></trkpt><trkpt lat="46.003776" lon="12.194594"><ele>1152.537</ele><time>2025-08-04T08:52:35.491Z</time></trkpt><trkpt lat="46.003813" lon="12.194532"><ele>1153.135</ele><time>2025-08-04T08:52:38.491Z</time></trkpt><trkpt lat="46.003853" lon="12.194477"><ele>1153.884</ele><time>2025-08-04T08:52:41.491Z</time></trkpt><trkpt lat="46.003900" lon="12.194439"><ele>1153.882</ele><time>2025-08-04T08:52:44.491Z</time></trkpt><trkpt lat="46.003938" lon="12.194376"><ele>1154.743</ele><time>2025-08-04T08:52:46Z</time></trkpt><trkpt lat="46.003976" lon="12.194316"><ele>1155.617</ele><time>2025-08-04T08:52:50.491Z</time></trkpt><trkpt lat="46.004018" lon="12.194258"><ele>1156.509</ele><time>2025-08-04T08:52:53.491Z</time></trkpt><trkpt lat="46.004050" lon="12.194210"><ele>1157.470</ele><time>2025-08-04T08:52:56.491Z</time></trkpt><trkpt lat="46.004090" lon="12.194177"><ele>1157.520</ele><time>2025-08-04T08:52:59.491Z</time></trkpt><trkpt lat="46.004130" lon="12.194142"><ele>1158.153</ele><time>2025-08-04T08:53:02.491Z</time></trkpt><trkpt lat="46.004187" lon="12.194117"><ele>1158.338</ele><time>2025-08-04T08:53:06.491Z</time></trkpt><trkpt lat="46.004234" lon="12.194090"><ele>1159.431</ele><time>2025-08-04T08:53:09.491Z</time></trkpt><trkpt lat="46.004282" lon="12.194078"><ele>1159.966</ele><time>2025-08-04T08:53:12.491Z</time></trkpt><trkpt lat="46.004340" lon="12.194075"><ele>1159.988</ele><time>2025-08-04T08:53:16.491Z</time></trkpt><trkpt lat="46.004390" lon="12.194070"><ele>1160.016</ele><time>2025-08-04T08:53:19.491Z</time></trkpt><trkpt lat="46.004438" lon="12.194072"><ele>1159.875</ele><time>2025-08-04T08:53:22.491Z</time></trkpt><trkpt lat="46.004493" lon="12.194072"><ele>1160.162</ele><time>2025-08-04T08:53:25.491Z</time></trkpt><trkpt lat="46.004550" lon="12.194092"><ele>1159.483</ele><time>2025-08-04T08:53:29.491Z</time></trkpt><trkpt lat="46.004598" lon="12.194085"><ele>1160.111</ele><time>2025-08-04T08:53:32.491Z</time></trkpt><trkpt lat="46.004641" lon="12.194065"><ele>1161.309</ele><time>2025-08-04T08:53:35.491Z</time></trkpt><trkpt lat="46.004688" lon="12.194067"><ele>1161.548</ele><time>2025-08-04T08:53:40.491Z</time></trkpt><trkpt lat="46.004741" lon="12.194064"><ele>1161.828</ele><time>2025-08-04T08:54:01.491Z</time></trkpt><trkpt lat="46.004793" lon="12.194047"><ele>1162.531</ele><time>2025-08-04T08:54:04.491Z</time></trkpt><trkpt lat="46.004843" lon="12.194005"><ele>1164.356</ele><time>2025-08-04T08:54:08.491Z</time></trkpt><trkpt lat="46.004890" lon="12.193982"><ele>1165.249</ele><time>2025-08-04T08:54:11.491Z</time></trkpt><trkpt lat="46.004942" lon="12.193955"><ele>1166.394</ele><time>2025-08-04T08:54:15.491Z</time></trkpt><trkpt lat="46.004992" lon="12.193932"><ele>1167.256</ele><time>2025-08-04T08:54:18.491Z</time></trkpt><trkpt lat="46.005034" lon="12.193907"><ele>1167.144</ele><time>2025-08-04T08:54:21.491Z</time></trkpt><trkpt lat="46.005076" lon="12.193869"><ele>1167.243</ele><time>2025-08-04T08:54:25.491Z</time></trkpt><trkpt lat="46.005116" lon="12.193836"><ele>1166.921</ele><time>2025-08-04T08:54:28.491Z</time></trkpt><trkpt lat="46.005134" lon="12.193773"><ele>1168.041</ele><time>2025-08-04T08:54:32.491Z</time></trkpt><trkpt lat="46.005144" lon="12.193708"><ele>1169.505</ele><time>2025-08-04T08:54:35.491Z</time></trkpt><trkpt lat="46.005147" lon="12.193640"><ele>1171.209</ele><time>2025-08-04T08:54:38.491Z</time></trkpt><trkpt lat="46.005147" lon="12.193563"><ele>1173.274</ele><time>2025-08-04T08:54:41.491Z</time></trkpt><trkpt lat="46.005162" lon="12.193493"><ele>1173.934</ele><time>2025-08-04T08:54:44.491Z</time></trkpt><trkpt lat="46.005172" lon="12.193426"><ele>1174.887</ele><time>2025-08-04T08:54:47.491Z</time></trkpt><trkpt lat="46.005187" lon="12.193363"><ele>1175.222</ele><time>2025-08-04T08:54:50.491Z</time></trkpt><trkpt lat="46.005219" lon="12.193283"><ele>1175.385</ele><time>2025-08-04T08:54:54.491Z</time></trkpt><trkpt lat="46.005251" lon="12.193225"><ele>1175.170</ele><time>2025-08-04T08:54:57.491Z</time></trkpt><trkpt lat="46.005279" lon="12.193167"><ele>1175.412</ele><time>2025-08-04T08:55:00.491Z</time></trkpt><trkpt lat="46.005312" lon="12.193107"><ele>1176.570</ele><time>2025-08-04T08:55:03.491Z</time></trkpt><trkpt lat="46.005342" lon="12.193050"><ele>1177.899</ele><time>2025-08-04T08:55:06.491Z</time></trkpt><trkpt lat="46.005382" lon="12.192998"><ele>1179.189</ele><time>2025-08-04T08:55:10.491Z</time></trkpt><trkpt lat="46.005425" lon="12.192976"><ele>1179.106</ele><time>2025-08-04T08:55:13.491Z</time></trkpt><trkpt lat="46.005480" lon="12.192946"><ele>1179.426</ele><time>2025-08-04T08:55:16.491Z</time></trkpt><trkpt lat="46.005528" lon="12.192974"><ele>1177.309</ele><time>2025-08-04T08:55:22.491Z</time></trkpt><trkpt lat="46.005573" lon="12.193004"><ele>1175.440</ele><time>2025-08-04T08:55:26.491Z</time></trkpt><trkpt lat="46.005620" lon="12.193027"><ele>1174.370</ele><time>2025-08-04T08:55:30.491Z</time></trkpt><trkpt lat="46.005677" lon="12.193007"><ele>1175.293</ele><time>2025-08-04T08:55:34.491Z</time></trkpt><trkpt lat="46.005725" lon="12.192977"><ele>1176.548</ele><time>2025-08-04T08:55:37.491Z</time></trkpt><trkpt lat="46.005787" lon="12.192942"><ele>1178.041</ele><time>2025-08-04T08:55:40.491Z</time></trkpt><trkpt lat="46.005835" lon="12.192919"><ele>1178.916</ele><time>2025-08-04T08:55:43.491Z</time></trkpt><trkpt lat="46.005880" lon="12.192891"><ele>1179.898</ele><time>2025-08-04T08:55:46.491Z</time></trkpt><trkpt lat="46.005932" lon="12.192861"><ele>1180.886</ele><time>2025-08-04T08:55:49.491Z</time></trkpt><trkpt lat="46.005987" lon="12.192874"><ele>1179.965</ele><time>2025-08-04T08:55:53.491Z</time></trkpt><trkpt lat="46.006042" lon="12.192864"><ele>1180.066</ele><time>2025-08-04T08:55:57.491Z</time></trkpt><trkpt lat="46.006099" lon="12.192841"><ele>1180.629</ele><time>2025-08-04T08:56:01.491Z</time></trkpt><trkpt lat="46.006157" lon="12.192816"><ele>1180.121</ele><time>2025-08-04T08:56:04.491Z</time></trkpt><trkpt lat="46.006197" lon="12.192748"><ele>1181.209</ele><time>2025-08-04T08:56:07.491Z</time></trkpt><trkpt lat="46.006230" lon="12.192668"><ele>1182.518</ele><time>2025-08-04T08:56:10.491Z</time></trkpt><trkpt lat="46.006250" lon="12.192583"><ele>1184.188</ele><time>2025-08-04T08:56:13.491Z</time></trkpt><trkpt lat="46.006288" lon="12.192518"><ele>1184.061</ele><time>2025-08-04T08:56:17.491Z</time></trkpt><trkpt lat="46.006310" lon="12.192445"><ele>1184.376</ele><time>2025-08-04T08:56:20.491Z</time></trkpt><trkpt lat="46.006333" lon="12.192368"><ele>1184.429</ele><time>2025-08-04T08:56:23.491Z</time></trkpt><trkpt lat="46.006336" lon="12.192303"><ele>1185.464</ele><time>2025-08-04T08:56:26.491Z</time></trkpt><trkpt lat="46.006339" lon="12.192226"><ele>1186.596</ele><time>2025-08-04T08:56:30.491Z</time></trkpt><trkpt lat="46.006339" lon="12.192154"><ele>1187.314</ele><time>2025-08-04T08:56:34.491Z</time></trkpt><trkpt lat="46.006342" lon="12.192042"><ele>1188.273</ele><time>2025-08-04T08:56:36Z</time></trkpt><trkpt lat="46.006365" lon="12.191949"><ele>1187.652</ele><time>2025-08-04T08:56:39.491Z</time></trkpt><trkpt lat="46.006390" lon="12.191849"><ele>1189.053</ele><time>2025-08-04T08:56:42.491Z</time></trkpt><trkpt lat="46.006410" lon="12.191789"><ele>1190.108</ele><time>2025-08-04T08:56:46.491Z</time></trkpt><trkpt lat="46.006445" lon="12.191747"><ele>1189.909</ele><time>2025-08-04T08:56:49.491Z</time></trkpt><trkpt lat="46.006478" lon="12.191694"><ele>1190.517</ele><time>2025-08-04T08:56:53.491Z</time></trkpt><trkpt lat="46.006518" lon="12.191639"><ele>1191.157</ele><time>2025-08-04T08:56:57.491Z</time></trkpt><trkpt lat="46.006566" lon="12.191599"><ele>1190.910</ele><time>2025-08-04T08:57:01.491Z</time></trkpt><trkpt lat="46.006606" lon="12.191551"><ele>1191.335</ele><time>2025-08-04T08:57:05Z</time></trkpt><trkpt lat="46.006651" lon="12.191556"><ele>1189.198</ele><time>2025-08-04T08:57:16.491Z</time></trkpt><trkpt lat="46.006644" lon="12.191621"><ele>1186.753</ele><time>2025-08-04T08:57:33.491Z</time></trkpt><trkpt lat="46.006619" lon="12.191821"><ele>1179.035</ele><time>2025-08-04T08:57:46.491Z</time></trkpt><trkpt lat="46.006662" lon="12.191788"><ele>1178.573</ele><time>2025-08-04T08:57:53.491Z</time></trkpt><trkpt lat="46.006692" lon="12.191715"><ele>1181.042</ele><time>2025-08-04T08:57:56.491Z</time></trkpt><trkpt lat="46.006749" lon="12.191673"><ele>1181.693</ele><time>2025-08-04T08:58:00.491Z</time></trkpt><trkpt lat="46.006791" lon="12.191611"><ele>1183.365</ele><time>2025-08-04T08:58:04.491Z</time></trkpt><trkpt lat="46.006826" lon="12.191544"><ele>1185.621</ele><time>2025-08-04T08:58:07.491Z</time></trkpt><trkpt lat="46.007041" lon="12.191402"><ele>1188.609</ele><time>2025-08-04T08:59:49.294Z</time></trkpt><trkpt lat="46.007091" lon="12.191395"><ele>1188.011</ele><time>2025-08-04T08:59:52.294Z</time></trkpt><trkpt lat="46.007151" lon="12.191328"><ele>1190.371</ele><time>2025-08-04T08:59:56.294Z</time></trkpt><trkpt lat="46.007188" lon="12.191250"><ele>1193.684</ele><time>2025-08-04T08:59:58.294Z</time></trkpt><trkpt lat="46.007276" lon="12.191217"><ele>1193.969</ele><time>2025-08-04T09:00:06.294Z</time></trkpt><trkpt lat="46.007326" lon="12.191255"><ele>1191.352</ele><time>2025-08-04T09:00:10.294Z</time></trkpt><trkpt lat="46.007354" lon="12.191312"><ele>1188.017</ele><time>2025-08-04T09:00:14.294Z</time></trkpt><trkpt lat="46.007416" lon="12.191322"><ele>1186.679</ele><time>2025-08-04T09:00:19.294Z</time></trkpt><trkpt lat="46.007508" lon="12.191255"><ele>1188.717</ele><time>2025-08-04T09:00:25.294Z</time></trkpt><trkpt lat="46.007553" lon="12.191212"><ele>1191.026</ele><time>2025-08-04T09:00:27.294Z</time></trkpt><trkpt lat="46.007601" lon="12.191197"><ele>1191.852</ele><time>2025-08-04T09:00:31.294Z</time></trkpt><trkpt lat="46.007648" lon="12.191199"><ele>1191.853</ele><time>2025-08-04T09:00:34.294Z</time></trkpt><trkpt lat="46.007691" lon="12.191181"><ele>1192.808</ele><time>2025-08-04T09:00:38.294Z</time></trkpt><trkpt lat="46.007743" lon="12.191143"><ele>1195.109</ele><time>2025-08-04T09:00:41.294Z</time></trkpt><trkpt lat="46.007785" lon="12.191076"><ele>1198.677</ele><time>2025-08-04T09:00:43.294Z</time></trkpt><trkpt lat="46.007825" lon="12.191033"><ele>1200.857</ele><time>2025-08-04T09:00:46.294Z</time></trkpt><trkpt lat="46.007872" lon="12.191015"><ele>1202.110</ele><time>2025-08-04T09:00:51.294Z</time></trkpt><trkpt lat="46.007924" lon="12.191012"><ele>1202.775</ele><time>2025-08-04T09:00:56.294Z</time></trkpt><trkpt lat="46.007974" lon="12.191012"><ele>1203.148</ele><time>2025-08-04T09:01:01.294Z</time></trkpt><trkpt lat="46.008167" lon="12.190970"><ele>1205.863</ele><time>2025-08-04T09:01:24.294Z</time></trkpt><trkpt lat="46.008240" lon="12.190967"><ele>1206.135</ele><time>2025-08-04T09:01:29.294Z</time></trkpt><trkpt lat="46.008287" lon="12.190960"><ele>1206.483</ele><time>2025-08-04T09:01:35.294Z</time></trkpt><trkpt lat="46.008337" lon="12.190977"><ele>1205.812</ele><time>2025-08-04T09:01:40.294Z</time></trkpt><trkpt lat="46.008390" lon="12.190940"><ele>1206.883</ele><time>2025-08-04T09:01:45.294Z</time></trkpt><trkpt lat="46.008440" lon="12.190902"><ele>1208.125</ele><time>2025-08-04T09:01:49.294Z</time></trkpt><trkpt lat="46.008605" lon="12.190737"><ele>1214.917</ele><time>2025-08-04T09:02:01.294Z</time></trkpt><trkpt lat="46.008653" lon="12.190727"><ele>1214.909</ele><time>2025-08-04T09:02:07Z</time></trkpt><trkpt lat="46.008991" lon="12.190632"><ele>1216.610</ele><time>2025-08-04T09:02:40.294Z</time></trkpt><trkpt lat="46.009031" lon="12.190675"><ele>1213.490</ele><time>2025-08-04T09:02:44.294Z</time></trkpt><trkpt lat="46.009081" lon="12.190668"><ele>1213.333</ele><time>2025-08-04T09:02:47.294Z</time></trkpt><trkpt lat="46.009126" lon="12.190645"><ele>1214.368</ele><time>2025-08-04T09:02:51.294Z</time></trkpt><trkpt lat="46.009171" lon="12.190602"><ele>1216.751</ele><time>2025-08-04T09:02:54.294Z</time></trkpt><trkpt lat="46.009223" lon="12.190560"><ele>1217.716</ele><time>2025-08-04T09:02:58.294Z</time></trkpt><trkpt lat="46.009410" lon="12.190330"><ele>1225.628</ele><time>2025-08-04T09:03:18.294Z</time></trkpt><trkpt lat="46.009533" lon="12.190167"><ele>1228.256</ele><time>2025-08-04T09:03:35.294Z</time></trkpt><trkpt lat="46.009720" lon="12.189804"><ele>1235.925</ele><time>2025-08-04T09:03:57.294Z</time></trkpt><trkpt lat="46.009757" lon="12.189757"><ele>1236.376</ele><time>2025-08-04T09:04:00.294Z</time></trkpt><trkpt lat="46.009817" lon="12.189690"><ele>1237.190</ele><time>2025-08-04T09:04:07.294Z</time></trkpt><trkpt lat="46.009900" lon="12.189600"><ele>1238.219</ele><time>2025-08-04T09:04:16.294Z</time></trkpt><trkpt lat="46.009938" lon="12.189543"><ele>1239.309</ele><time>2025-08-04T09:04:19.294Z</time></trkpt><trkpt lat="46.009960" lon="12.189481"><ele>1241.149</ele><time>2025-08-04T09:04:22.294Z</time></trkpt><trkpt lat="46.010082" lon="12.189293"><ele>1245.069</ele><time>2025-08-04T09:04:39.294Z</time></trkpt><trkpt lat="46.010179" lon="12.189226"><ele>1244.392</ele><time>2025-08-04T09:04:47.294Z</time></trkpt><trkpt lat="46.010192" lon="12.189163"><ele>1246.527</ele><time>2025-08-04T09:05:00.294Z</time></trkpt><trkpt lat="46.010175" lon="12.189071"><ele>1250.410</ele><time>2025-08-04T09:06:23.294Z</time></trkpt><trkpt lat="46.010348" lon="12.189031"><ele>1245.965</ele><time>2025-08-04T09:06:43.294Z</time></trkpt><trkpt lat="46.010203" lon="12.189061"><ele>1249.717</ele><time>2025-08-04T09:08:36.294Z</time></trkpt><trkpt lat="46.010391" lon="12.189076"><ele>1242.945</ele><time>2025-08-04T09:09:08.295Z</time></trkpt><trkpt lat="46.010581" lon="12.189188"><ele>1232.434</ele><time>2025-08-04T09:09:31.295Z</time></trkpt><trkpt lat="46.010631" lon="12.189171"><ele>1232.151</ele><time>2025-08-04T09:09:38.295Z</time></trkpt><trkpt lat="46.010949" lon="12.189109"><ele>1228.601</ele><time>2025-08-04T09:10:24.295Z</time></trkpt><trkpt lat="46.011052" lon="12.189077"><ele>1227.911</ele><time>2025-08-04T09:10:33.295Z</time></trkpt><trkpt lat="46.011097" lon="12.189092"><ele>1226.809</ele><time>2025-08-04T09:10:37.295Z</time></trkpt><trkpt lat="46.011157" lon="12.189119"><ele>1224.937</ele><time>2025-08-04T09:10:41.295Z</time></trkpt><trkpt lat="46.011217" lon="12.189136"><ele>1223.217</ele><time>2025-08-04T09:10:44.295Z</time></trkpt><trkpt lat="46.011275" lon="12.189126"><ele>1222.040</ele><time>2025-08-04T09:10:47.295Z</time></trkpt><trkpt lat="46.011337" lon="12.189133"><ele>1220.535</ele><time>2025-08-04T09:10:50.295Z</time></trkpt><trkpt lat="46.011399" lon="12.189156"><ele>1219.098</ele><time>2025-08-04T09:10:53.295Z</time></trkpt><trkpt lat="46.011446" lon="12.189171"><ele>1218.493</ele><time>2025-08-04T09:10:55.295Z</time></trkpt><trkpt lat="46.011491" lon="12.189196"><ele>1217.165</ele><time>2025-08-04T09:10:57.295Z</time></trkpt><trkpt lat="46.011541" lon="12.189186"><ele>1217.173</ele><time>2025-08-04T09:11:00.295Z</time></trkpt><trkpt lat="46.011606" lon="12.189191"><ele>1216.512</ele><time>2025-08-04T09:11:03.295Z</time></trkpt><trkpt lat="46.011663" lon="12.189194"><ele>1215.921</ele><time>2025-08-04T09:11:05.295Z</time></trkpt><trkpt lat="46.011711" lon="12.189187"><ele>1216.141</ele><time>2025-08-04T09:11:07.295Z</time></trkpt><trkpt lat="46.011766" lon="12.189145"><ele>1216.305</ele><time>2025-08-04T09:11:10.295Z</time></trkpt><trkpt lat="46.011819" lon="12.189158"><ele>1216.309</ele><time>2025-08-04T09:11:14.295Z</time></trkpt><trkpt lat="46.011871" lon="12.189173"><ele>1216.034</ele><time>2025-08-04T09:11:17.295Z</time></trkpt><trkpt lat="46.011899" lon="12.189235"><ele>1213.984</ele><time>2025-08-04T09:11:21.295Z</time></trkpt><trkpt lat="46.011954" lon="12.189227"><ele>1214.177</ele><time>2025-08-04T09:11:26Z</time></trkpt><trkpt lat="46.011994" lon="12.189197"><ele>1215.012</ele><time>2025-08-04T09:11:30.295Z</time></trkpt><trkpt lat="46.012116" lon="12.189239"><ele>1214.285</ele><time>2025-08-04T09:11:43.295Z</time></trkpt><trkpt lat="46.012164" lon="12.189282"><ele>1213.880</ele><time>2025-08-04T09:11:55.295Z</time></trkpt><trkpt lat="46.012296" lon="12.189334"><ele>1213.732</ele><time>2025-08-04T09:12:02.295Z</time></trkpt><trkpt lat="46.012361" lon="12.189314"><ele>1213.510</ele><time>2025-08-04T09:12:10.295Z</time></trkpt><trkpt lat="46.012631" lon="12.189386"><ele>1214.169</ele><time>2025-08-04T09:12:47.295Z</time></trkpt><trkpt lat="46.012696" lon="12.189369"><ele>1213.764</ele><time>2025-08-04T09:13:00.295Z</time></trkpt><trkpt lat="46.012753" lon="12.189326"><ele>1212.906</ele><time>2025-08-04T09:13:03.295Z</time></trkpt><trkpt lat="46.012806" lon="12.189279"><ele>1212.016</ele><time>2025-08-04T09:13:06.295Z</time></trkpt><trkpt lat="46.012851" lon="12.189244"><ele>1211.509</ele><time>2025-08-04T09:13:09.295Z</time></trkpt><trkpt lat="46.012894" lon="12.189216"><ele>1211.348</ele><time>2025-08-04T09:13:13.295Z</time></trkpt><trkpt lat="46.012936" lon="12.189184"><ele>1211.258</ele><time>2025-08-04T09:13:22.295Z</time></trkpt><trkpt lat="46.012973" lon="12.189134"><ele>1210.381</ele><time>2025-08-04T09:13:25.295Z</time></trkpt><trkpt lat="46.013031" lon="12.189101"><ele>1209.736</ele><time>2025-08-04T09:13:28.295Z</time></trkpt><trkpt lat="46.013089" lon="12.189084"><ele>1208.949</ele><time>2025-08-04T09:13:31.295Z</time></trkpt><trkpt lat="46.013149" lon="12.189089"><ele>1208.354</ele><time>2025-08-04T09:13:34.295Z</time></trkpt><trkpt lat="46.013196" lon="12.189089"><ele>1207.716</ele><time>2025-08-04T09:13:36.295Z</time></trkpt><trkpt lat="46.013248" lon="12.189081"><ele>1206.834</ele><time>2025-08-04T09:13:39.295Z</time></trkpt><trkpt lat="46.013311" lon="12.189086"><ele>1206.153</ele><time>2025-08-04T09:13:43.295Z</time></trkpt><trkpt lat="46.013368" lon="12.189073"><ele>1204.752</ele><time>2025-08-04T09:13:46.295Z</time></trkpt><trkpt lat="46.013425" lon="12.189060"><ele>1203.053</ele><time>2025-08-04T09:13:49.295Z</time></trkpt><trkpt lat="46.013463" lon="12.189000"><ele>1201.508</ele><time>2025-08-04T09:13:52Z</time></trkpt><trkpt lat="46.013503" lon="12.188970"><ele>1200.409</ele><time>2025-08-04T09:14:04.295Z</time></trkpt><trkpt lat="46.013543" lon="12.188937"><ele>1199.477</ele><time>2025-08-04T09:14:10.295Z</time></trkpt><trkpt lat="46.013585" lon="12.188910"><ele>1198.587</ele><time>2025-08-04T09:14:24.295Z</time></trkpt><trkpt lat="46.013630" lon="12.188878"><ele>1197.340</ele><time>2025-08-04T09:14:34.295Z</time></trkpt><trkpt lat="46.013673" lon="12.188845"><ele>1195.755</ele><time>2025-08-04T09:14:41.295Z</time></trkpt><trkpt lat="46.013718" lon="12.188827"><ele>1194.498</ele><time>2025-08-04T09:14:47.295Z</time></trkpt><trkpt lat="46.013763" lon="12.188804"><ele>1193.033</ele><time>2025-08-04T09:14:57.295Z</time></trkpt><trkpt lat="46.013831" lon="12.188792"><ele>1191.365</ele><time>2025-08-04T09:15:05.295Z</time></trkpt><trkpt lat="46.013883" lon="12.188784"><ele>1190.093</ele><time>2025-08-04T09:15:07.295Z</time></trkpt><trkpt lat="46.013926" lon="12.188742"><ele>1188.062</ele><time>2025-08-04T09:15:10.295Z</time></trkpt><trkpt lat="46.013969" lon="12.188789"><ele>1186.833</ele><time>2025-08-04T09:15:23.295Z</time></trkpt><trkpt lat="46.014019" lon="12.188797"><ele>1184.923</ele><time>2025-08-04T09:16:44.295Z</time></trkpt><trkpt lat="46.013972" lon="12.188840"><ele>1187.015</ele><time>2025-08-04T09:21:25.558Z</time></trkpt><trkpt lat="46.013990" lon="12.188773"><ele>1185.809</ele><time>2025-08-04T09:21:42.558Z</time></trkpt><trkpt lat="46.014015" lon="12.188830"><ele>1185.285</ele><time>2025-08-04T09:21:56.558Z</time></trkpt><trkpt lat="46.014003" lon="12.188763"><ele>1185.335</ele><time>2025-08-04T09:24:11.033Z</time></trkpt><trkpt lat="46.013883" lon="12.188611"><ele>1188.178</ele><time>2025-08-04T09:25:16.033Z</time></trkpt><trkpt lat="46.013856" lon="12.188523"><ele>1186.743</ele><time>2025-08-04T09:25:20.033Z</time></trkpt><trkpt lat="46.013788" lon="12.188366"><ele>1184.216</ele><time>2025-08-04T09:25:25.033Z</time></trkpt><trkpt lat="46.013685" lon="12.188258"><ele>1182.631</ele><time>2025-08-04T09:25:29.033Z</time></trkpt><trkpt lat="46.013605" lon="12.188251"><ele>1183.373</ele><time>2025-08-04T09:25:33.033Z</time></trkpt><trkpt lat="46.013488" lon="12.188239"><ele>1182.521</ele><time>2025-08-04T09:25:37.033Z</time></trkpt><trkpt lat="46.013361" lon="12.188187"><ele>1180.420</ele><time>2025-08-04T09:25:41.033Z</time></trkpt><trkpt lat="46.013224" lon="12.188129"><ele>1177.231</ele><time>2025-08-04T09:25:45.033Z</time></trkpt><trkpt lat="46.013111" lon="12.188117"><ele>1175.661</ele><time>2025-08-04T09:25:49.033Z</time></trkpt><trkpt lat="46.012969" lon="12.188124"><ele>1174.507</ele><time>2025-08-04T09:25:53.033Z</time></trkpt><trkpt lat="46.012821" lon="12.188154"><ele>1174.209</ele><time>2025-08-04T09:25:57.033Z</time></trkpt><trkpt lat="46.012736" lon="12.188074"><ele>1171.495</ele><time>2025-08-04T09:26:01.033Z</time></trkpt><trkpt lat="46.012634" lon="12.187982"><ele>1167.955</ele><time>2025-08-04T09:26:05.033Z</time></trkpt><trkpt lat="46.012571" lon="12.187879"><ele>1164.568</ele><time>2025-08-04T09:26:11.033Z</time></trkpt><trkpt lat="46.012526" lon="12.187871"><ele>1164.583</ele><time>2025-08-04T09:26:19.033Z</time></trkpt><trkpt lat="46.012564" lon="12.187924"><ele>1166.026</ele><time>2025-08-04T09:26:23.033Z</time></trkpt><trkpt lat="46.012807" lon="12.187821"><ele>1161.141</ele><time>2025-08-04T09:26:36.033Z</time></trkpt><trkpt lat="46.012942" lon="12.187751"><ele>1159.053</ele><time>2025-08-04T09:26:40.033Z</time></trkpt><trkpt lat="46.013082" lon="12.187748"><ele>1159.861</ele><time>2025-08-04T09:26:44.033Z</time></trkpt><trkpt lat="46.013202" lon="12.187680"><ele>1157.760</ele><time>2025-08-04T09:26:48.033Z</time></trkpt><trkpt lat="46.013339" lon="12.187605"><ele>1155.486</ele><time>2025-08-04T09:26:52.033Z</time></trkpt><trkpt lat="46.013426" lon="12.187498"><ele>1151.560</ele><time>2025-08-04T09:26:56.033Z</time></trkpt><trkpt lat="46.013454" lon="12.187435"><ele>1147.626</ele><time>2025-08-04T09:27:00.033Z</time></trkpt><trkpt lat="46.013437" lon="12.187363"><ele>1142.109</ele><time>2025-08-04T09:27:08.033Z</time></trkpt><trkpt lat="46.013444" lon="12.187428"><ele>1146.990</ele><time>2025-08-04T09:27:12.033Z</time></trkpt><trkpt lat="46.013407" lon="12.187478"><ele>1149.780</ele><time>2025-08-04T09:27:21.033Z</time></trkpt><trkpt lat="46.013344" lon="12.187495"><ele>1149.823</ele><time>2025-08-04T09:27:25.033Z</time></trkpt><trkpt lat="46.013274" lon="12.187530"><ele>1150.998</ele><time>2025-08-04T09:27:29.033Z</time></trkpt><trkpt lat="46.013186" lon="12.187538"><ele>1150.371</ele><time>2025-08-04T09:27:33.033Z</time></trkpt><trkpt lat="46.013123" lon="12.187556"><ele>1150.646</ele><time>2025-08-04T09:27:37.033Z</time></trkpt><trkpt lat="46.013045" lon="12.187588"><ele>1151.468</ele><time>2025-08-04T09:27:41.033Z</time></trkpt><trkpt lat="46.012993" lon="12.187640"><ele>1153.936</ele><time>2025-08-04T09:27:45.033Z</time></trkpt><trkpt lat="46.012955" lon="12.187707"><ele>1157.065</ele><time>2025-08-04T09:27:49.033Z</time></trkpt><trkpt lat="46.012895" lon="12.187747"><ele>1158.564</ele><time>2025-08-04T09:27:53.033Z</time></trkpt><trkpt lat="46.012812" lon="12.187790"><ele>1159.806</ele><time>2025-08-04T09:27:57.033Z</time></trkpt><trkpt lat="46.012730" lon="12.187823"><ele>1161.416</ele><time>2025-08-04T09:28:01.033Z</time></trkpt><trkpt lat="46.012645" lon="12.187820"><ele>1162.009</ele><time>2025-08-04T09:28:05.033Z</time></trkpt><trkpt lat="46.012577" lon="12.187833"><ele>1163.028</ele><time>2025-08-04T09:28:07Z</time></trkpt><trkpt lat="46.012532" lon="12.187836"><ele>1163.458</ele><time>2025-08-04T09:28:13.033Z</time></trkpt><trkpt lat="46.012477" lon="12.187826"><ele>1164.441</ele><time>2025-08-04T09:28:17.033Z</time></trkpt><trkpt lat="46.012430" lon="12.187769"><ele>1165.266</ele><time>2025-08-04T09:28:21.033Z</time></trkpt><trkpt lat="46.012422" lon="12.187686"><ele>1165.349</ele><time>2025-08-04T09:28:25.033Z</time></trkpt><trkpt lat="46.012405" lon="12.187593"><ele>1165.894</ele><time>2025-08-04T09:28:29.033Z</time></trkpt><trkpt lat="46.012403" lon="12.187513"><ele>1165.696</ele><time>2025-08-04T09:28:33.033Z</time></trkpt><trkpt lat="46.012400" lon="12.187436"><ele>1165.674</ele><time>2025-08-04T09:28:39.033Z</time></trkpt><trkpt lat="46.012410" lon="12.187369"><ele>1164.913</ele><time>2025-08-04T09:28:43.033Z</time></trkpt><trkpt lat="46.012377" lon="12.187284"><ele>1166.714</ele><time>2025-08-04T09:28:47.033Z</time></trkpt><trkpt lat="46.012364" lon="12.187196"><ele>1167.254</ele><time>2025-08-04T09:28:51.033Z</time></trkpt><trkpt lat="46.012357" lon="12.187083"><ele>1167.209</ele><time>2025-08-04T09:28:55.033Z</time></trkpt><trkpt lat="46.012345" lon="12.186961"><ele>1167.409</ele><time>2025-08-04T09:28:59.033Z</time></trkpt><trkpt lat="46.012325" lon="12.186829"><ele>1166.663</ele><time>2025-08-04T09:29:03.033Z</time></trkpt><trkpt lat="46.012292" lon="12.186686"><ele>1165.673</ele><time>2025-08-04T09:29:07.033Z</time></trkpt><trkpt lat="46.012204" lon="12.186608"><ele>1165.766</ele><time>2025-08-04T09:29:11.033Z</time></trkpt><trkpt lat="46.012111" lon="12.186518"><ele>1164.561</ele><time>2025-08-04T09:29:15.033Z</time></trkpt><trkpt lat="46.012071" lon="12.186435"><ele>1162.144</ele><time>2025-08-04T09:29:19.033Z</time></trkpt><trkpt lat="46.012081" lon="12.186307"><ele>1159.679</ele><time>2025-08-04T09:29:23.033Z</time></trkpt><trkpt lat="46.012089" lon="12.186130"><ele>1159.131</ele><time>2025-08-04T09:29:27.033Z</time></trkpt><trkpt lat="46.012166" lon="12.185948"><ele>1158.039</ele><time>2025-08-04T09:29:31.033Z</time></trkpt><trkpt lat="46.012238" lon="12.185783"><ele>1157.348</ele><time>2025-08-04T09:29:35.033Z</time></trkpt><trkpt lat="46.012323" lon="12.185618"><ele>1155.781</ele><time>2025-08-04T09:29:39.033Z</time></trkpt><trkpt lat="46.012408" lon="12.185433"><ele>1152.061</ele><time>2025-08-04T09:29:43.033Z</time></trkpt><trkpt lat="46.012398" lon="12.185230"><ele>1152.817</ele><time>2025-08-04T09:29:45Z</time></trkpt><trkpt lat="46.012355" lon="12.185142"><ele>1153.509</ele><time>2025-08-04T09:29:49.033Z</time></trkpt><trkpt lat="46.012277" lon="12.184950"><ele>1154.770</ele><time>2025-08-04T09:29:53.033Z</time></trkpt><trkpt lat="46.012245" lon="12.184733"><ele>1154.670</ele><time>2025-08-04T09:29:57.033Z</time></trkpt><trkpt lat="46.012333" lon="12.184530"><ele>1150.813</ele><time>2025-08-04T09:30:01.033Z</time></trkpt><trkpt lat="46.012428" lon="12.184335"><ele>1146.038</ele><time>2025-08-04T09:30:05.033Z</time></trkpt><trkpt lat="46.012516" lon="12.184125"><ele>1142.261</ele><time>2025-08-04T09:30:09.033Z</time></trkpt><trkpt lat="46.012673" lon="12.184010"><ele>1138.166</ele><time>2025-08-04T09:30:13.033Z</time></trkpt><trkpt lat="46.012835" lon="12.183908"><ele>1136.478</ele><time>2025-08-04T09:30:17.033Z</time></trkpt><trkpt lat="46.012950" lon="12.183830"><ele>1136.396</ele><time>2025-08-04T09:30:21.033Z</time></trkpt><trkpt lat="46.013037" lon="12.183763"><ele>1136.155</ele><time>2025-08-04T09:30:25.033Z</time></trkpt><trkpt lat="46.013140" lon="12.183696"><ele>1135.328</ele><time>2025-08-04T09:30:29.033Z</time></trkpt><trkpt lat="46.013238" lon="12.183648"><ele>1133.889</ele><time>2025-08-04T09:30:33.033Z</time></trkpt><trkpt lat="46.013338" lon="12.183605"><ele>1131.917</ele><time>2025-08-04T09:30:37.033Z</time></trkpt><trkpt lat="46.013455" lon="12.183557"><ele>1128.409</ele><time>2025-08-04T09:30:41.033Z</time></trkpt><trkpt lat="46.013555" lon="12.183490"><ele>1126.424</ele><time>2025-08-04T09:30:45.033Z</time></trkpt><trkpt lat="46.013640" lon="12.183388"><ele>1125.614</ele><time>2025-08-04T09:30:49.033Z</time></trkpt><trkpt lat="46.013757" lon="12.183316"><ele>1121.017</ele><time>2025-08-04T09:30:53.033Z</time></trkpt><trkpt lat="46.013840" lon="12.183256"><ele>1118.522</ele><time>2025-08-04T09:30:57.033Z</time></trkpt><trkpt lat="46.013913" lon="12.183159"><ele>1118.115</ele><time>2025-08-04T09:31:01.033Z</time></trkpt><trkpt lat="46.013970" lon="12.183121"><ele>1115.340</ele><time>2025-08-04T09:31:05.033Z</time></trkpt><trkpt lat="46.014027" lon="12.183093"><ele>1112.122</ele><time>2025-08-04T09:31:09.033Z</time></trkpt><trkpt lat="46.014125" lon="12.183011"><ele>1107.790</ele><time>2025-08-04T09:31:13.033Z</time></trkpt><trkpt lat="46.014243" lon="12.182904"><ele>1104.079</ele><time>2025-08-04T09:31:17.033Z</time></trkpt><trkpt lat="46.014388" lon="12.182721"><ele>1099.728</ele><time>2025-08-04T09:31:21.033Z</time></trkpt><trkpt lat="46.014543" lon="12.182443"><ele>1098.089</ele><time>2025-08-04T09:31:25.033Z</time></trkpt><trkpt lat="46.014611" lon="12.182245"><ele>1097.417</ele><time>2025-08-04T09:31:29.033Z</time></trkpt><trkpt lat="46.014566" lon="12.182200"><ele>1099.609</ele><time>2025-08-04T09:31:33.033Z</time></trkpt><trkpt lat="46.014538" lon="12.182125"><ele>1100.114</ele><time>2025-08-04T09:31:38.033Z</time></trkpt><trkpt lat="46.014538" lon="12.182027"><ele>1099.344</ele><time>2025-08-04T09:31:42.033Z</time></trkpt><trkpt lat="46.014515" lon="12.181919"><ele>1099.027</ele><time>2025-08-04T09:31:46.033Z</time></trkpt><trkpt lat="46.014513" lon="12.181854"><ele>1097.972</ele><time>2025-08-04T09:31:51.033Z</time></trkpt><trkpt lat="46.014320" lon="12.181494"><ele>1090.965</ele><time>2025-08-04T09:32:46.033Z</time></trkpt><trkpt lat="46.014187" lon="12.181189"><ele>1080.830</ele><time>2025-08-04T09:33:44.034Z</time></trkpt><trkpt lat="46.014142" lon="12.181197"><ele>1081.522</ele><time>2025-08-04T09:33:48.034Z</time></trkpt><trkpt lat="46.013854" lon="12.180662"><ele>1077.340</ele><time>2025-08-04T09:34:42.034Z</time></trkpt><trkpt lat="46.013862" lon="12.180577"><ele>1076.689</ele><time>2025-08-04T09:34:46.034Z</time></trkpt><trkpt lat="46.013852" lon="12.180470"><ele>1077.485</ele><time>2025-08-04T09:34:50.034Z</time></trkpt><trkpt lat="46.013804" lon="12.180352"><ele>1080.689</ele><time>2025-08-04T09:34:54.034Z</time></trkpt><trkpt lat="46.013809" lon="12.180255"><ele>1080.617</ele><time>2025-08-04T09:34:58.034Z</time></trkpt><trkpt lat="46.013809" lon="12.180168"><ele>1080.709</ele><time>2025-08-04T09:35:02.034Z</time></trkpt><trkpt lat="46.013812" lon="12.180071"><ele>1080.640</ele><time>2025-08-04T09:35:06.034Z</time></trkpt><trkpt lat="46.013837" lon="12.179993"><ele>1079.270</ele><time>2025-08-04T09:35:10.034Z</time></trkpt><trkpt lat="46.013857" lon="12.179920"><ele>1078.653</ele><time>2025-08-04T09:35:14.034Z</time></trkpt><trkpt lat="46.013917" lon="12.179860"><ele>1075.438</ele><time>2025-08-04T09:35:18.034Z</time></trkpt><trkpt lat="46.013962" lon="12.179778"><ele>1073.471</ele><time>2025-08-04T09:35:24.034Z</time></trkpt><trkpt lat="46.013967" lon="12.179635"><ele>1075.196</ele><time>2025-08-04T09:35:28.034Z</time></trkpt><trkpt lat="46.013977" lon="12.179498"><ele>1077.048</ele><time>2025-08-04T09:35:32.034Z</time></trkpt><trkpt lat="46.013964" lon="12.179373"><ele>1079.986</ele><time>2025-08-04T09:35:36.034Z</time></trkpt><trkpt lat="46.013976" lon="12.179225"><ele>1081.225</ele><time>2025-08-04T09:35:40.034Z</time></trkpt><trkpt lat="46.013971" lon="12.179077"><ele>1083.939</ele><time>2025-08-04T09:35:44.034Z</time></trkpt><trkpt lat="46.013976" lon="12.178955"><ele>1085.601</ele><time>2025-08-04T09:35:48.034Z</time></trkpt><trkpt lat="46.013969" lon="12.178842"><ele>1087.321</ele><time>2025-08-04T09:35:52.034Z</time></trkpt><trkpt lat="46.013994" lon="12.178752"><ele>1086.409</ele><time>2025-08-04T09:35:56.034Z</time></trkpt><trkpt lat="46.014031" lon="12.178685"><ele>1085.265</ele><time>2025-08-04T09:36:00.034Z</time></trkpt><trkpt lat="46.014126" lon="12.178555"><ele>1083.175</ele><time>2025-08-04T09:36:04.034Z</time></trkpt><trkpt lat="46.014186" lon="12.178405"><ele>1083.998</ele><time>2025-08-04T09:36:08.034Z</time></trkpt><trkpt lat="46.014273" lon="12.178272"><ele>1081.853</ele><time>2025-08-04T09:36:12.034Z</time></trkpt><trkpt lat="46.014358" lon="12.178139"><ele>1081.266</ele><time>2025-08-04T09:36:16.034Z</time></trkpt><trkpt lat="46.014408" lon="12.178051"><ele>1082.371</ele><time>2025-08-04T09:36:20.034Z</time></trkpt><trkpt lat="46.014438" lon="12.177978"><ele>1082.833</ele><time>2025-08-04T09:36:24.034Z</time></trkpt><trkpt lat="46.014485" lon="12.177891"><ele>1082.481</ele><time>2025-08-04T09:36:26Z</time></trkpt><trkpt lat="46.014510" lon="12.177828"><ele>1082.420</ele><time>2025-08-04T09:36:30.034Z</time></trkpt><trkpt lat="46.014497" lon="12.177630"><ele>1081.176</ele><time>2025-08-04T09:36:34.034Z</time></trkpt><trkpt lat="46.014455" lon="12.177497"><ele>1079.890</ele><time>2025-08-04T09:36:38.034Z</time></trkpt><trkpt lat="46.014387" lon="12.177472"><ele>1077.219</ele><time>2025-08-04T09:36:42.034Z</time></trkpt><trkpt lat="46.014274" lon="12.177540"><ele>1074.209</ele><time>2025-08-04T09:36:46.034Z</time></trkpt><trkpt lat="46.014177" lon="12.177657"><ele>1073.939</ele><time>2025-08-04T09:36:50.034Z</time></trkpt><trkpt lat="46.014095" lon="12.177767"><ele>1073.069</ele><time>2025-08-04T09:36:54.034Z</time></trkpt><trkpt lat="46.014007" lon="12.177847"><ele>1070.852</ele><time>2025-08-04T09:36:58.034Z</time></trkpt><trkpt lat="46.013914" lon="12.177907"><ele>1067.997</ele><time>2025-08-04T09:37:02.034Z</time></trkpt><trkpt lat="46.013842" lon="12.177962"><ele>1066.580</ele><time>2025-08-04T09:37:06.034Z</time></trkpt><trkpt lat="46.013735" lon="12.178059"><ele>1066.125</ele><time>2025-08-04T09:37:10.034Z</time></trkpt><trkpt lat="46.013610" lon="12.178142"><ele>1065.117</ele><time>2025-08-04T09:37:14.034Z</time></trkpt><trkpt lat="46.013417" lon="12.178160"><ele>1061.455</ele><time>2025-08-04T09:37:18.034Z</time></trkpt><trkpt lat="46.013207" lon="12.178253"><ele>1061.444</ele><time>2025-08-04T09:37:22.034Z</time></trkpt><trkpt lat="46.013004" lon="12.178305"><ele>1060.933</ele><time>2025-08-04T09:37:26.034Z</time></trkpt><trkpt lat="46.012829" lon="12.178328"><ele>1060.223</ele><time>2025-08-04T09:37:30.034Z</time></trkpt><trkpt lat="46.012671" lon="12.178346"><ele>1059.415</ele><time>2025-08-04T09:37:32Z</time></trkpt><trkpt lat="46.012601" lon="12.178369"><ele>1059.709</ele><time>2025-08-04T09:37:35.034Z</time></trkpt><trkpt lat="46.012419" lon="12.178404"><ele>1058.465</ele><time>2025-08-04T09:37:39.034Z</time></trkpt><trkpt lat="46.012256" lon="12.178399"><ele>1054.875</ele><time>2025-08-04T09:37:43.034Z</time></trkpt><trkpt lat="46.012123" lon="12.178522"><ele>1052.688</ele><time>2025-08-04T09:37:47.034Z</time></trkpt><trkpt lat="46.012028" lon="12.178664"><ele>1052.493</ele><time>2025-08-04T09:37:51.034Z</time></trkpt><trkpt lat="46.011938" lon="12.178754"><ele>1051.296</ele><time>2025-08-04T09:37:55.034Z</time></trkpt><trkpt lat="46.011826" lon="12.178677"><ele>1048.681</ele><time>2025-08-04T09:37:59.034Z</time></trkpt><trkpt lat="46.011721" lon="12.178589"><ele>1044.863</ele><time>2025-08-04T09:38:03.034Z</time></trkpt><trkpt lat="46.011631" lon="12.178524"><ele>1042.011</ele><time>2025-08-04T09:38:07.034Z</time></trkpt><trkpt lat="46.011524" lon="12.178454"><ele>1041.760</ele><time>2025-08-04T09:38:11.034Z</time></trkpt><trkpt lat="46.011407" lon="12.178422"><ele>1044.242</ele><time>2025-08-04T09:38:15.034Z</time></trkpt><trkpt lat="46.011257" lon="12.178365"><ele>1045.222</ele><time>2025-08-04T09:38:19.034Z</time></trkpt><trkpt lat="46.011122" lon="12.178307"><ele>1045.214</ele><time>2025-08-04T09:38:23.034Z</time></trkpt><trkpt lat="46.011014" lon="12.178235"><ele>1041.709</ele><time>2025-08-04T09:38:27.034Z</time></trkpt><trkpt lat="46.010906" lon="12.178113"><ele>1037.126</ele><time>2025-08-04T09:38:31.034Z</time></trkpt><trkpt lat="46.010831" lon="12.177998"><ele>1032.826</ele><time>2025-08-04T09:38:35.034Z</time></trkpt><trkpt lat="46.010706" lon="12.178051"><ele>1030.739</ele><time>2025-08-04T09:38:39.034Z</time></trkpt><trkpt lat="46.010646" lon="12.178164"><ele>1031.784</ele><time>2025-08-04T09:38:43.034Z</time></trkpt><trkpt lat="46.010553" lon="12.178294"><ele>1030.887</ele><time>2025-08-04T09:38:47.034Z</time></trkpt><trkpt lat="46.010491" lon="12.178429"><ele>1029.052</ele><time>2025-08-04T09:38:49Z</time></trkpt><trkpt lat="46.010466" lon="12.178496"><ele>1028.464</ele><time>2025-08-04T09:38:53.034Z</time></trkpt><trkpt lat="46.010371" lon="12.178659"><ele>1025.052</ele><time>2025-08-04T09:38:57.034Z</time></trkpt><trkpt lat="46.010269" lon="12.178734"><ele>1020.281</ele><time>2025-08-04T09:39:01.034Z</time></trkpt><trkpt lat="46.010182" lon="12.178842"><ele>1017.855</ele><time>2025-08-04T09:39:05.034Z</time></trkpt><trkpt lat="46.010074" lon="12.179042"><ele>1016.907</ele><time>2025-08-04T09:39:09.034Z</time></trkpt><trkpt lat="46.009982" lon="12.179292"><ele>1016.817</ele><time>2025-08-04T09:39:13.034Z</time></trkpt><trkpt lat="46.009877" lon="12.179500"><ele>1013.909</ele><time>2025-08-04T09:39:17.034Z</time></trkpt><trkpt lat="46.009820" lon="12.179662"><ele>1012.947</ele><time>2025-08-04T09:39:21.034Z</time></trkpt><trkpt lat="46.009748" lon="12.179817"><ele>1010.997</ele><time>2025-08-04T09:39:25.034Z</time></trkpt><trkpt lat="46.009661" lon="12.180000"><ele>1006.450</ele><time>2025-08-04T09:39:29.034Z</time></trkpt><trkpt lat="46.009528" lon="12.180232"><ele>1000.315</ele><time>2025-08-04T09:39:33.034Z</time></trkpt><trkpt lat="46.009428" lon="12.180425"><ele>999.418</ele><time>2025-08-04T09:39:37.034Z</time></trkpt><trkpt lat="46.009293" lon="12.180475"><ele>994.043</ele><time>2025-08-04T09:39:41.034Z</time></trkpt><trkpt lat="46.009163" lon="12.180510"><ele>988.975</ele><time>2025-08-04T09:39:45.034Z</time></trkpt><trkpt lat="46.009030" lon="12.180553"><ele>985.573</ele><time>2025-08-04T09:39:49.034Z</time></trkpt><trkpt lat="46.008868" lon="12.180723"><ele>986.132</ele><time>2025-08-04T09:39:53.034Z</time></trkpt><trkpt lat="46.008728" lon="12.180831"><ele>986.938</ele><time>2025-08-04T09:39:57.034Z</time></trkpt><trkpt lat="46.008633" lon="12.180826"><ele>984.370</ele><time>2025-08-04T09:40:01.034Z</time></trkpt><trkpt lat="46.008491" lon="12.180804"><ele>983.317</ele><time>2025-08-04T09:40:05.034Z</time></trkpt><trkpt lat="46.008366" lon="12.180692"><ele>978.909</ele><time>2025-08-04T09:40:09.034Z</time></trkpt><trkpt lat="46.008224" lon="12.180640"><ele>976.125</ele><time>2025-08-04T09:40:13.034Z</time></trkpt><trkpt lat="46.008062" lon="12.180593"><ele>972.325</ele><time>2025-08-04T09:40:17.034Z</time></trkpt><trkpt lat="46.007875" lon="12.180575"><ele>972.638</ele><time>2025-08-04T09:40:21.034Z</time></trkpt><trkpt lat="46.007700" lon="12.180572"><ele>977.193</ele><time>2025-08-04T09:40:25.034Z</time></trkpt><trkpt lat="46.007582" lon="12.180422"><ele>974.776</ele><time>2025-08-04T09:40:29.034Z</time></trkpt><trkpt lat="46.007440" lon="12.180252"><ele>974.531</ele><time>2025-08-04T09:40:33.034Z</time></trkpt><trkpt lat="46.007303" lon="12.180020"><ele>975.673</ele><time>2025-08-04T09:40:37.034Z</time></trkpt><trkpt lat="46.007171" lon="12.179800"><ele>970.021</ele><time>2025-08-04T09:40:39Z</time></trkpt><trkpt lat="46.007131" lon="12.179750"><ele>968.960</ele><time>2025-08-04T09:40:42.034Z</time></trkpt><trkpt lat="46.006979" lon="12.179583"><ele>965.585</ele><time>2025-08-04T09:40:46.034Z</time></trkpt><trkpt lat="46.006846" lon="12.179521"><ele>963.989</ele><time>2025-08-04T09:40:48Z</time></trkpt><trkpt lat="46.006799" lon="12.179534"><ele>965.517</ele><time>2025-08-04T09:40:53.034Z</time></trkpt><trkpt lat="46.006749" lon="12.179479"><ele>962.609</ele><time>2025-08-04T09:41:12.035Z</time></trkpt><trkpt lat="46.006702" lon="12.179439"><ele>960.990</ele><time>2025-08-04T09:41:17.035Z</time></trkpt><trkpt lat="46.006639" lon="12.179381"><ele>957.560</ele><time>2025-08-04T09:41:21.035Z</time></trkpt><trkpt lat="46.006534" lon="12.179338"><ele>953.623</ele><time>2025-08-04T09:41:25.035Z</time></trkpt><trkpt lat="46.006401" lon="12.179421"><ele>956.118</ele><time>2025-08-04T09:41:29.035Z</time></trkpt><trkpt lat="46.006293" lon="12.179553"><ele>958.061</ele><time>2025-08-04T09:41:33.035Z</time></trkpt><trkpt lat="46.006181" lon="12.179638"><ele>958.836</ele><time>2025-08-04T09:41:37.035Z</time></trkpt><trkpt lat="46.006088" lon="12.179660"><ele>957.668</ele><time>2025-08-04T09:41:41.035Z</time></trkpt><trkpt lat="46.005976" lon="12.179700"><ele>957.836</ele><time>2025-08-04T09:41:45.035Z</time></trkpt><trkpt lat="46.005871" lon="12.179735"><ele>957.575</ele><time>2025-08-04T09:41:49.035Z</time></trkpt><trkpt lat="46.005766" lon="12.179753"><ele>954.171</ele><time>2025-08-04T09:41:53.035Z</time></trkpt><trkpt lat="46.005699" lon="12.179858"><ele>955.641</ele><time>2025-08-04T09:41:57.035Z</time></trkpt><trkpt lat="46.005634" lon="12.180003"><ele>958.615</ele><time>2025-08-04T09:42:01.035Z</time></trkpt><trkpt lat="46.005557" lon="12.180238"><ele>960.109</ele><time>2025-08-04T09:42:05.035Z</time></trkpt><trkpt lat="46.005464" lon="12.180448"><ele>957.669</ele><time>2025-08-04T09:42:09.035Z</time></trkpt><trkpt lat="46.005424" lon="12.180611"><ele>956.829</ele><time>2025-08-04T09:42:13.035Z</time></trkpt><trkpt lat="46.005419" lon="12.180796"><ele>957.572</ele><time>2025-08-04T09:42:17.035Z</time></trkpt><trkpt lat="46.005401" lon="12.180966"><ele>955.737</ele><time>2025-08-04T09:42:21.035Z</time></trkpt><trkpt lat="46.005324" lon="12.181169"><ele>950.060</ele><time>2025-08-04T09:42:25.035Z</time></trkpt><trkpt lat="46.005272" lon="12.181326"><ele>948.725</ele><time>2025-08-04T09:42:29.035Z</time></trkpt><trkpt lat="46.005250" lon="12.181509"><ele>949.657</ele><time>2025-08-04T09:42:33.035Z</time></trkpt><trkpt lat="46.005305" lon="12.181762"><ele>955.315</ele><time>2025-08-04T09:42:37.035Z</time></trkpt><trkpt lat="46.005335" lon="12.182057"><ele>955.964</ele><time>2025-08-04T09:42:41.035Z</time></trkpt><trkpt lat="46.005358" lon="12.182297"><ele>956.352</ele><time>2025-08-04T09:42:45.035Z</time></trkpt><trkpt lat="46.005268" lon="12.182374"><ele>951.653</ele><time>2025-08-04T09:42:49.035Z</time></trkpt><trkpt lat="46.005180" lon="12.182391"><ele>946.908</ele><time>2025-08-04T09:42:53.035Z</time></trkpt><trkpt lat="46.005125" lon="12.182448"><ele>944.609</ele><time>2025-08-04T09:42:57.035Z</time></trkpt><trkpt lat="46.005023" lon="12.182526"><ele>940.727</ele><time>2025-08-04T09:43:01.035Z</time></trkpt><trkpt lat="46.004935" lon="12.182663"><ele>939.787</ele><time>2025-08-04T09:43:05.035Z</time></trkpt><trkpt lat="46.004932" lon="12.182823"><ele>942.610</ele><time>2025-08-04T09:43:09.035Z</time></trkpt><trkpt lat="46.004879" lon="12.182928"><ele>942.545</ele><time>2025-08-04T09:43:13.035Z</time></trkpt><trkpt lat="46.004824" lon="12.182956"><ele>941.118</ele><time>2025-08-04T09:43:15Z</time></trkpt><trkpt lat="46.004782" lon="12.182999"><ele>940.393</ele><time>2025-08-04T09:43:22.035Z</time></trkpt><trkpt lat="46.004727" lon="12.182976"><ele>938.025</ele><time>2025-08-04T09:43:27.035Z</time></trkpt><trkpt lat="46.004715" lon="12.182889"><ele>936.833</ele><time>2025-08-04T09:43:31.035Z</time></trkpt><trkpt lat="46.004763" lon="12.182777"><ele>936.312</ele><time>2025-08-04T09:43:35.035Z</time></trkpt><trkpt lat="46.004811" lon="12.182654"><ele>935.357</ele><time>2025-08-04T09:43:39.035Z</time></trkpt><trkpt lat="46.004843" lon="12.182507"><ele>933.500</ele><time>2025-08-04T09:43:43.035Z</time></trkpt><trkpt lat="46.004831" lon="12.182290"><ele>928.220</ele><time>2025-08-04T09:43:47.035Z</time></trkpt><trkpt lat="46.004871" lon="12.182088"><ele>927.009</ele><time>2025-08-04T09:43:51.035Z</time></trkpt><trkpt lat="46.004848" lon="12.181880"><ele>923.897</ele><time>2025-08-04T09:43:55.035Z</time></trkpt><trkpt lat="46.004850" lon="12.181670"><ele>922.317</ele><time>2025-08-04T09:43:59.035Z</time></trkpt><trkpt lat="46.004802" lon="12.181392"><ele>915.550</ele><time>2025-08-04T09:44:03.035Z</time></trkpt><trkpt lat="46.004760" lon="12.181110"><ele>911.315</ele><time>2025-08-04T09:44:07.035Z</time></trkpt><trkpt lat="46.004697" lon="12.180885"><ele>906.798</ele><time>2025-08-04T09:44:11.035Z</time></trkpt><trkpt lat="46.004700" lon="12.180648"><ele>907.393</ele><time>2025-08-04T09:44:15.035Z</time></trkpt><trkpt lat="46.004657" lon="12.180471"><ele>904.995</ele><time>2025-08-04T09:44:19.035Z</time></trkpt><trkpt lat="46.004590" lon="12.180401"><ele>900.623</ele><time>2025-08-04T09:44:23.035Z</time></trkpt><trkpt lat="46.004562" lon="12.180456"><ele>899.062</ele><time>2025-08-04T09:44:30.035Z</time></trkpt><trkpt lat="46.004574" lon="12.180383"><ele>899.622</ele><time>2025-08-04T09:44:41.035Z</time></trkpt><trkpt lat="46.004621" lon="12.180550"><ele>902.862</ele><time>2025-08-04T09:44:55.035Z</time></trkpt><trkpt lat="46.004639" lon="12.180652"><ele>903.608</ele><time>2025-08-04T09:45:34.035Z</time></trkpt><trkpt lat="46.004592" lon="12.180470"><ele>900.909</ele><time>2025-08-04T09:45:49.035Z</time></trkpt><trkpt lat="46.004597" lon="12.180375"><ele>901.054</ele><time>2025-08-04T09:45:53.035Z</time></trkpt><trkpt lat="46.004562" lon="12.180227"><ele>898.284</ele><time>2025-08-04T09:45:57.035Z</time></trkpt><trkpt lat="46.004534" lon="12.180085"><ele>895.437</ele><time>2025-08-04T09:46:01.035Z</time></trkpt><trkpt lat="46.004551" lon="12.179928"><ele>894.642</ele><time>2025-08-04T09:46:05.035Z</time></trkpt><trkpt lat="46.004561" lon="12.179848"><ele>893.875</ele><time>2025-08-04T09:46:09.035Z</time></trkpt><trkpt lat="46.004541" lon="12.179716"><ele>891.060</ele><time>2025-08-04T09:46:50.035Z</time></trkpt><trkpt lat="46.004421" lon="12.180003"><ele>888.252</ele><time>2025-08-04T09:47:36.035Z</time></trkpt><trkpt lat="46.004408" lon="12.180166"><ele>888.290</ele><time>2025-08-04T09:47:40.035Z</time></trkpt><trkpt lat="46.004393" lon="12.180379"><ele>888.899</ele><time>2025-08-04T09:47:44.035Z</time></trkpt><trkpt lat="46.004365" lon="12.180594"><ele>889.311</ele><time>2025-08-04T09:47:48.035Z</time></trkpt><trkpt lat="46.004292" lon="12.180811"><ele>889.621</ele><time>2025-08-04T09:47:52.035Z</time></trkpt><trkpt lat="46.004282" lon="12.180876"><ele>890.903</ele><time>2025-08-04T09:47:57.035Z</time></trkpt><trkpt lat="46.004105" lon="12.180776"><ele>890.309</ele><time>2025-08-04T09:48:04.035Z</time></trkpt><trkpt lat="46.004082" lon="12.180659"><ele>888.033</ele><time>2025-08-04T09:48:08.035Z</time></trkpt><trkpt lat="46.003985" lon="12.180572"><ele>889.173</ele><time>2025-08-04T09:48:12.035Z</time></trkpt><trkpt lat="46.003895" lon="12.180459"><ele>889.046</ele><time>2025-08-04T09:48:16.035Z</time></trkpt><trkpt lat="46.003782" lon="12.180364"><ele>890.381</ele><time>2025-08-04T09:48:20.035Z</time></trkpt><trkpt lat="46.003637" lon="12.180254"><ele>892.564</ele><time>2025-08-04T09:48:24.035Z</time></trkpt><trkpt lat="46.003440" lon="12.180109"><ele>892.849</ele><time>2025-08-04T09:48:28.035Z</time></trkpt><trkpt lat="46.003235" lon="12.179907"><ele>891.761</ele><time>2025-08-04T09:48:32.035Z</time></trkpt><trkpt lat="46.003090" lon="12.179732"><ele>890.799</ele><time>2025-08-04T09:48:36.035Z</time></trkpt><trkpt lat="46.003047" lon="12.179667"><ele>890.728</ele><time>2025-08-04T09:48:40.035Z</time></trkpt><trkpt lat="46.003004" lon="12.179595"><ele>892.176</ele><time>2025-08-04T09:48:57.035Z</time></trkpt><trkpt lat="46.002949" lon="12.179482"><ele>893.790</ele><time>2025-08-04T09:49:01.035Z</time></trkpt><trkpt lat="46.002941" lon="12.179407"><ele>893.119</ele><time>2025-08-04T09:49:44.036Z</time></trkpt><trkpt lat="46.002813" lon="12.179322"><ele>898.609</ele><time>2025-08-04T09:50:22.036Z</time></trkpt><trkpt lat="46.002801" lon="12.179199"><ele>896.769</ele><time>2025-08-04T09:50:26.036Z</time></trkpt><trkpt lat="46.002749" lon="12.179084"><ele>896.419</ele><time>2025-08-04T09:50:30.036Z</time></trkpt><trkpt lat="46.002696" lon="12.178972"><ele>896.332</ele><time>2025-08-04T09:50:34.036Z</time></trkpt><trkpt lat="46.002648" lon="12.178839"><ele>894.857</ele><time>2025-08-04T09:50:38.036Z</time></trkpt><trkpt lat="46.002565" lon="12.178722"><ele>895.140</ele><time>2025-08-04T09:50:42.036Z</time></trkpt><trkpt lat="46.002497" lon="12.178645"><ele>895.515</ele><time>2025-08-04T09:50:46.036Z</time></trkpt><trkpt lat="46.002427" lon="12.178597"><ele>896.927</ele><time>2025-08-04T09:50:50.036Z</time></trkpt><trkpt lat="46.002370" lon="12.178582"><ele>898.965</ele><time>2025-08-04T09:50:54.036Z</time></trkpt><trkpt lat="46.002183" lon="12.178382"><ele>898.994</ele><time>2025-08-04T09:51:04.036Z</time></trkpt><trkpt lat="46.002123" lon="12.178274"><ele>897.299</ele><time>2025-08-04T09:51:08.036Z</time></trkpt><trkpt lat="46.001998" lon="12.178162"><ele>897.307</ele><time>2025-08-04T09:51:12.036Z</time></trkpt><trkpt lat="46.001916" lon="12.178087"><ele>896.227</ele><time>2025-08-04T09:51:16.036Z</time></trkpt><trkpt lat="46.001833" lon="12.178085"><ele>898.009</ele><time>2025-08-04T09:51:59.036Z</time></trkpt><trkpt lat="46.001881" lon="12.178033"><ele>894.531</ele><time>2025-08-04T09:52:13.036Z</time></trkpt><trkpt lat="46.001629" lon="12.177981"><ele>897.341</ele><time>2025-08-04T09:52:33.036Z</time></trkpt><trkpt lat="46.001544" lon="12.177938"><ele>896.514</ele><time>2025-08-04T09:52:37.036Z</time></trkpt><trkpt lat="46.001262" lon="12.177846"><ele>895.249</ele><time>2025-08-04T09:52:46.036Z</time></trkpt><trkpt lat="46.001014" lon="12.177734"><ele>891.422</ele><time>2025-08-04T09:52:50.036Z</time></trkpt><trkpt lat="46.000856" lon="12.177377"><ele>873.417</ele><time>2025-08-04T09:52:54.036Z</time></trkpt><trkpt lat="46.000711" lon="12.177272"><ele>870.479</ele><time>2025-08-04T09:52:59.036Z</time></trkpt><trkpt lat="46.000166" lon="12.177519"><ele>882.127</ele><time>2025-08-04T09:53:10.036Z</time></trkpt><trkpt lat="46.000074" lon="12.177587"><ele>882.386</ele><time>2025-08-04T09:53:14.036Z</time></trkpt><trkpt lat="46.000009" lon="12.177615"><ele>881.327</ele><time>2025-08-04T09:53:18.036Z</time></trkpt><trkpt lat="46.000042" lon="12.177667"><ele>883.368</ele><time>2025-08-04T09:53:22.036Z</time></trkpt><trkpt lat="46.000109" lon="12.177625"><ele>884.214</ele><time>2025-08-04T09:53:26.036Z</time></trkpt><trkpt lat="46.000049" lon="12.177542"><ele>880.709</ele><time>2025-08-04T09:53:36.036Z</time></trkpt><trkpt lat="46.000101" lon="12.177555"><ele>882.084</ele><time>2025-08-04T09:53:41.036Z</time></trkpt><trkpt lat="46.000024" lon="12.177517"><ele>879.774</ele><time>2025-08-04T09:54:37.036Z</time></trkpt><trkpt lat="45.999964" lon="12.177584"><ele>874.847</ele><time>2025-08-04T09:54:41.036Z</time></trkpt><trkpt lat="45.999982" lon="12.177776"><ele>877.362</ele><time>2025-08-04T09:54:47.036Z</time></trkpt><trkpt lat="46.000075" lon="12.177968"><ele>883.455</ele><time>2025-08-04T09:54:51.036Z</time></trkpt><trkpt lat="46.000158" lon="12.178096"><ele>887.140</ele><time>2025-08-04T09:54:55.036Z</time></trkpt><trkpt lat="46.000251" lon="12.178281"><ele>888.992</ele><time>2025-08-04T09:54:59.036Z</time></trkpt><trkpt lat="46.000283" lon="12.178439"><ele>889.550</ele><time>2025-08-04T09:55:03.036Z</time></trkpt><trkpt lat="46.000308" lon="12.178604"><ele>891.949</ele><time>2025-08-04T09:55:07.036Z</time></trkpt><trkpt lat="46.000298" lon="12.178711"><ele>892.489</ele><time>2025-08-04T09:55:11.036Z</time></trkpt><trkpt lat="46.000281" lon="12.178831"><ele>892.506</ele><time>2025-08-04T09:55:15.036Z</time></trkpt><trkpt lat="46.000273" lon="12.179019"><ele>894.626</ele><time>2025-08-04T09:55:19.036Z</time></trkpt><trkpt lat="46.000251" lon="12.179097"><ele>894.709</ele><time>2025-08-04T09:55:23.036Z</time></trkpt><trkpt lat="46.000181" lon="12.179264"><ele>894.760</ele><time>2025-08-04T09:55:27.036Z</time></trkpt><trkpt lat="46.000059" lon="12.179411"><ele>891.530</ele><time>2025-08-04T09:55:31.036Z</time></trkpt><trkpt lat="45.999964" lon="12.179584"><ele>888.273</ele><time>2025-08-04T09:55:35.036Z</time></trkpt><trkpt lat="45.999897" lon="12.179752"><ele>889.038</ele><time>2025-08-04T09:55:39.036Z</time></trkpt><trkpt lat="45.999837" lon="12.179962"><ele>892.391</ele><time>2025-08-04T09:55:43.036Z</time></trkpt><trkpt lat="45.999715" lon="12.180090"><ele>890.336</ele><time>2025-08-04T09:55:47.036Z</time></trkpt><trkpt lat="45.999562" lon="12.180215"><ele>888.688</ele><time>2025-08-04T09:55:51.036Z</time></trkpt><trkpt lat="45.999427" lon="12.180383"><ele>889.916</ele><time>2025-08-04T09:55:55.036Z</time></trkpt><trkpt lat="45.999322" lon="12.180483"><ele>890.365</ele><time>2025-08-04T09:55:59.036Z</time></trkpt><trkpt lat="45.999157" lon="12.180520"><ele>887.335</ele><time>2025-08-04T09:56:03.036Z</time></trkpt><trkpt lat="45.999014" lon="12.180527"><ele>883.486</ele><time>2025-08-04T09:56:07.036Z</time></trkpt><trkpt lat="45.998842" lon="12.180532"><ele>878.614</ele><time>2025-08-04T09:56:11.036Z</time></trkpt><trkpt lat="45.998645" lon="12.180595"><ele>875.809</ele><time>2025-08-04T09:56:15.036Z</time></trkpt><trkpt lat="45.998438" lon="12.180613"><ele>871.385</ele><time>2025-08-04T09:56:19.036Z</time></trkpt><trkpt lat="45.998223" lon="12.180696"><ele>870.465</ele><time>2025-08-04T09:56:23.036Z</time></trkpt><trkpt lat="45.997961" lon="12.180763"><ele>869.428</ele><time>2025-08-04T09:56:27.036Z</time></trkpt><trkpt lat="45.997743" lon="12.180781"><ele>868.553</ele><time>2025-08-04T09:56:31.036Z</time></trkpt><trkpt lat="45.997588" lon="12.180824"><ele>868.146</ele><time>2025-08-04T09:56:35.036Z</time></trkpt><trkpt lat="45.997470" lon="12.180839"><ele>865.051</ele><time>2025-08-04T09:56:39.036Z</time></trkpt><trkpt lat="45.997355" lon="12.180991"><ele>864.393</ele><time>2025-08-04T09:56:43.036Z</time></trkpt><trkpt lat="45.997247" lon="12.181228"><ele>868.391</ele><time>2025-08-04T09:56:47.036Z</time></trkpt><trkpt lat="45.997092" lon="12.181373"><ele>867.460</ele><time>2025-08-04T09:56:51.036Z</time></trkpt><trkpt lat="45.996929" lon="12.181458"><ele>863.631</ele><time>2025-08-04T09:56:55.036Z</time></trkpt><trkpt lat="45.996886" lon="12.181715"><ele>868.761</ele><time>2025-08-04T09:56:59.036Z</time></trkpt><trkpt lat="45.996843" lon="12.181985"><ele>869.307</ele><time>2025-08-04T09:57:03.036Z</time></trkpt><trkpt lat="45.996730" lon="12.182267"><ele>866.809</ele><time>2025-08-04T09:57:07.036Z</time></trkpt><trkpt lat="45.996612" lon="12.182542"><ele>866.115</ele><time>2025-08-04T09:57:11.036Z</time></trkpt><trkpt lat="45.996455" lon="12.182744"><ele>861.785</ele><time>2025-08-04T09:57:15.036Z</time></trkpt><trkpt lat="45.996342" lon="12.182987"><ele>860.178</ele><time>2025-08-04T09:57:19.036Z</time></trkpt><trkpt lat="45.996257" lon="12.183234"><ele>859.263</ele><time>2025-08-04T09:57:23.036Z</time></trkpt><trkpt lat="45.996227" lon="12.183496"><ele>860.436</ele><time>2025-08-04T09:57:27.036Z</time></trkpt><trkpt lat="45.996190" lon="12.183806"><ele>860.661</ele><time>2025-08-04T09:57:31.036Z</time></trkpt><trkpt lat="45.996102" lon="12.184113"><ele>860.383</ele><time>2025-08-04T09:57:35.036Z</time></trkpt><trkpt lat="45.995957" lon="12.184300"><ele>863.071</ele><time>2025-08-04T09:57:39.036Z</time></trkpt><trkpt lat="45.995797" lon="12.184330"><ele>861.450</ele><time>2025-08-04T09:57:43.036Z</time></trkpt><trkpt lat="45.995672" lon="12.184235"><ele>858.526</ele><time>2025-08-04T09:57:49.036Z</time></trkpt><trkpt lat="45.995524" lon="12.184078"><ele>853.647</ele><time>2025-08-04T09:57:53.036Z</time></trkpt><trkpt lat="45.995329" lon="12.184051"><ele>856.611</ele><time>2025-08-04T09:57:57.036Z</time></trkpt><trkpt lat="45.995234" lon="12.183989"><ele>854.809</ele><time>2025-08-04T09:58:01.036Z</time></trkpt><trkpt lat="45.995089" lon="12.183934"><ele>852.994</ele><time>2025-08-04T09:58:05.036Z</time></trkpt><trkpt lat="45.994944" lon="12.183869"><ele>849.634</ele><time>2025-08-04T09:58:09.036Z</time></trkpt><trkpt lat="45.994816" lon="12.183844"><ele>847.547</ele><time>2025-08-04T09:58:13.036Z</time></trkpt><trkpt lat="45.994641" lon="12.183909"><ele>848.042</ele><time>2025-08-04T09:58:17.036Z</time></trkpt><trkpt lat="45.994394" lon="12.184006"><ele>845.455</ele><time>2025-08-04T09:58:21.036Z</time></trkpt><trkpt lat="45.994204" lon="12.183996"><ele>838.850</ele><time>2025-08-04T09:58:25.036Z</time></trkpt><trkpt lat="45.994024" lon="12.183956"><ele>828.892</ele><time>2025-08-04T09:58:29.036Z</time></trkpt><trkpt lat="45.993837" lon="12.184096"><ele>824.930</ele><time>2025-08-04T09:58:33.036Z</time></trkpt><trkpt lat="45.993662" lon="12.184266"><ele>821.039</ele><time>2025-08-04T09:58:37.036Z</time></trkpt><trkpt lat="45.993517" lon="12.184423"><ele>821.415</ele><time>2025-08-04T09:58:39Z</time></trkpt><trkpt lat="45.993427" lon="12.184440"><ele>818.165</ele><time>2025-08-04T09:58:43.036Z</time></trkpt><trkpt lat="45.993234" lon="12.184465"><ele>815.811</ele><time>2025-08-04T09:58:47.036Z</time></trkpt><trkpt lat="45.993067" lon="12.184448"><ele>815.209</ele><time>2025-08-04T09:58:51.036Z</time></trkpt><trkpt lat="45.992942" lon="12.184365"><ele>814.993</ele><time>2025-08-04T09:58:55.036Z</time></trkpt><trkpt lat="45.992787" lon="12.184225"><ele>813.093</ele><time>2025-08-04T09:58:59.036Z</time></trkpt><trkpt lat="45.992635" lon="12.183997"><ele>806.066</ele><time>2025-08-04T09:59:03.036Z</time></trkpt><trkpt lat="45.992447" lon="12.183900"><ele>808.011</ele><time>2025-08-04T09:59:07.036Z</time></trkpt><trkpt lat="45.992219" lon="12.183790"><ele>807.254</ele><time>2025-08-04T09:59:11.036Z</time></trkpt><trkpt lat="45.992032" lon="12.183783"><ele>802.979</ele><time>2025-08-04T09:59:15.036Z</time></trkpt><trkpt lat="45.991879" lon="12.183860"><ele>802.121</ele><time>2025-08-04T09:59:19.036Z</time></trkpt><trkpt lat="45.991736" lon="12.183882"><ele>797.519</ele><time>2025-08-04T09:59:23.036Z</time></trkpt><trkpt lat="45.991534" lon="12.183855"><ele>790.328</ele><time>2025-08-04T09:59:27.036Z</time></trkpt><trkpt lat="45.991377" lon="12.183903"><ele>788.327</ele><time>2025-08-04T09:59:31.036Z</time></trkpt><trkpt lat="45.991217" lon="12.183971"><ele>788.068</ele><time>2025-08-04T09:59:35.036Z</time></trkpt><trkpt lat="45.991047" lon="12.184049"><ele>787.614</ele><time>2025-08-04T09:59:39.036Z</time></trkpt><trkpt lat="45.990850" lon="12.184166"><ele>788.309</ele><time>2025-08-04T09:59:43.036Z</time></trkpt><trkpt lat="45.990647" lon="12.184134"><ele>784.824</ele><time>2025-08-04T09:59:47.037Z</time></trkpt><trkpt lat="45.990474" lon="12.184101"><ele>782.534</ele><time>2025-08-04T09:59:51.037Z</time></trkpt><trkpt lat="45.990264" lon="12.184011"><ele>779.517</ele><time>2025-08-04T09:59:55.037Z</time></trkpt><trkpt lat="45.990101" lon="12.183929"><ele>777.642</ele><time>2025-08-04T09:59:59.037Z</time></trkpt><trkpt lat="45.989941" lon="12.183886"><ele>776.765</ele><time>2025-08-04T10:00:03.037Z</time></trkpt><trkpt lat="45.989756" lon="12.183834"><ele>774.540</ele><time>2025-08-04T10:00:07.037Z</time></trkpt><trkpt lat="45.989576" lon="12.183867"><ele>772.872</ele><time>2025-08-04T10:00:11.037Z</time></trkpt><trkpt lat="45.989394" lon="12.183959"><ele>769.850</ele><time>2025-08-04T10:00:15.037Z</time></trkpt><trkpt lat="45.989259" lon="12.184042"><ele>766.289</ele><time>2025-08-04T10:00:19.037Z</time></trkpt><trkpt lat="45.989094" lon="12.184149"><ele>762.134</ele><time>2025-08-04T10:00:23.037Z</time></trkpt><trkpt lat="45.988909" lon="12.184302"><ele>757.055</ele><time>2025-08-04T10:00:27.037Z</time></trkpt><trkpt lat="45.988742" lon="12.184474"><ele>752.010</ele><time>2025-08-04T10:00:31.037Z</time></trkpt><trkpt lat="45.988645" lon="12.184594"><ele>748.209</ele><time>2025-08-04T10:00:35.037Z</time></trkpt><trkpt lat="45.988270" lon="12.184376"><ele>741.665</ele><time>2025-08-04T10:00:55.037Z</time></trkpt><trkpt lat="45.988190" lon="12.184386"><ele>740.225</ele><time>2025-08-04T10:00:59.037Z</time></trkpt><trkpt lat="45.988123" lon="12.184438"><ele>739.218</ele><time>2025-08-04T10:01:03.037Z</time></trkpt><trkpt lat="45.988080" lon="12.184456"><ele>738.453</ele><time>2025-08-04T10:01:07.037Z</time></trkpt><trkpt lat="45.988122" lon="12.184569"><ele>738.266</ele><time>2025-08-04T10:01:20.037Z</time></trkpt><trkpt lat="45.988184" lon="12.184737"><ele>737.691</ele><time>2025-08-04T10:01:24.037Z</time></trkpt><trkpt lat="45.988269" lon="12.184882"><ele>736.833</ele><time>2025-08-04T10:01:28.037Z</time></trkpt><trkpt lat="45.988381" lon="12.185000"><ele>737.031</ele><time>2025-08-04T10:01:32.037Z</time></trkpt><trkpt lat="45.988569" lon="12.185185"><ele>736.090</ele><time>2025-08-04T10:01:36.037Z</time></trkpt><trkpt lat="45.988732" lon="12.185470"><ele>730.735</ele><time>2025-08-04T10:01:40.037Z</time></trkpt><trkpt lat="45.988855" lon="12.185695"><ele>726.786</ele><time>2025-08-04T10:01:44.037Z</time></trkpt><trkpt lat="45.988903" lon="12.185975"><ele>719.414</ele><time>2025-08-04T10:01:48.037Z</time></trkpt><trkpt lat="45.989028" lon="12.186242"><ele>716.509</ele><time>2025-08-04T10:01:52.037Z</time></trkpt><trkpt lat="45.989068" lon="12.186364"><ele>714.545</ele><time>2025-08-04T10:01:56.037Z</time></trkpt><trkpt lat="45.989146" lon="12.186454"><ele>714.545</ele><time>2025-08-04T10:02:00.037Z</time></trkpt><trkpt lat="45.989363" lon="12.186784"><ele>714.218</ele><time>2025-08-04T10:02:51.037Z</time></trkpt><trkpt lat="45.989423" lon="12.186817"><ele>715.933</ele><time>2025-08-04T10:02:55.037Z</time></trkpt><trkpt lat="45.989458" lon="12.186897"><ele>715.736</ele><time>2025-08-04T10:03:00.037Z</time></trkpt><trkpt lat="45.989513" lon="12.187014"><ele>715.961</ele><time>2025-08-04T10:03:04.037Z</time></trkpt><trkpt lat="45.989555" lon="12.187047"><ele>717.243</ele><time>2025-08-04T10:03:08.037Z</time></trkpt><trkpt lat="45.989442" lon="12.186862"><ele>715.741</ele><time>2025-08-04T10:05:55.037Z</time></trkpt><trkpt lat="45.989384" lon="12.186762"><ele>715.530</ele><time>2025-08-04T10:05:59.037Z</time></trkpt><trkpt lat="45.989276" lon="12.186625"><ele>714.544</ele><time>2025-08-04T10:06:03.037Z</time></trkpt><trkpt lat="45.989139" lon="12.186460"><ele>714.105</ele><time>2025-08-04T10:06:07.037Z</time></trkpt><trkpt lat="45.988979" lon="12.186300"><ele>713.315</ele><time>2025-08-04T10:06:11.037Z</time></trkpt><trkpt lat="45.988801" lon="12.186210"><ele>710.009</ele><time>2025-08-04T10:06:13Z</time></trkpt><trkpt lat="45.988729" lon="12.186197"><ele>708.366</ele><time>2025-08-04T10:06:17.037Z</time></trkpt><trkpt lat="45.988592" lon="12.186157"><ele>706.236</ele><time>2025-08-04T10:06:21.037Z</time></trkpt><trkpt lat="45.988334" lon="12.186035"><ele>708.589</ele><time>2025-08-04T10:06:28.037Z</time></trkpt><trkpt lat="45.987997" lon="12.186055"><ele>706.234</ele><time>2025-08-04T10:06:32.037Z</time></trkpt><trkpt lat="45.987794" lon="12.186045"><ele>704.527</ele><time>2025-08-04T10:06:36.037Z</time></trkpt><trkpt lat="45.987627" lon="12.186047"><ele>701.692</ele><time>2025-08-04T10:06:40.037Z</time></trkpt><trkpt lat="45.987407" lon="12.186000"><ele>698.934</ele><time>2025-08-04T10:06:42Z</time></trkpt><trkpt lat="45.987359" lon="12.185970"><ele>698.832</ele><time>2025-08-04T10:06:45.037Z</time></trkpt><trkpt lat="45.987227" lon="12.185922"><ele>697.231</ele><time>2025-08-04T10:06:49.037Z</time></trkpt><trkpt lat="45.987160" lon="12.185897"><ele>696.484</ele><time>2025-08-04T10:06:53.037Z</time></trkpt><trkpt lat="45.987097" lon="12.185885"><ele>695.207</ele><time>2025-08-04T10:06:57.037Z</time></trkpt><trkpt lat="45.987020" lon="12.185877"><ele>693.517</ele><time>2025-08-04T10:07:01.037Z</time></trkpt><trkpt lat="45.986952" lon="12.185855"><ele>692.509</ele><time>2025-08-04T10:07:05.037Z</time></trkpt><trkpt lat="45.986862" lon="12.185827"><ele>691.110</ele><time>2025-08-04T10:07:16.037Z</time></trkpt><trkpt lat="45.986782" lon="12.185800"><ele>689.710</ele><time>2025-08-04T10:07:22.037Z</time></trkpt><trkpt lat="45.986665" lon="12.185718"><ele>688.483</ele><time>2025-08-04T10:07:26.037Z</time></trkpt><trkpt lat="45.986538" lon="12.185641"><ele>686.868</ele><time>2025-08-04T10:07:30.037Z</time></trkpt><trkpt lat="45.986416" lon="12.185549"><ele>685.851</ele><time>2025-08-04T10:07:34.037Z</time></trkpt><trkpt lat="45.986278" lon="12.185429"><ele>683.936</ele><time>2025-08-04T10:07:38.037Z</time></trkpt><trkpt lat="45.986133" lon="12.185269"><ele>681.838</ele><time>2025-08-04T10:07:42.037Z</time></trkpt><trkpt lat="45.986020" lon="12.185014"><ele>681.956</ele><time>2025-08-04T10:07:46.037Z</time></trkpt><trkpt lat="45.985915" lon="12.184782"><ele>680.865</ele><time>2025-08-04T10:07:50.037Z</time></trkpt><trkpt lat="45.985815" lon="12.184565"><ele>679.669</ele><time>2025-08-04T10:07:52Z</time></trkpt><trkpt lat="45.985777" lon="12.184485"><ele>679.104</ele><time>2025-08-04T10:07:56.038Z</time></trkpt><trkpt lat="45.985685" lon="12.184317"><ele>676.724</ele><time>2025-08-04T10:08:00.038Z</time></trkpt><trkpt lat="45.985628" lon="12.184077"><ele>674.009</ele><time>2025-08-04T10:08:04.038Z</time></trkpt><trkpt lat="45.985645" lon="12.183827"><ele>671.878</ele><time>2025-08-04T10:08:08.038Z</time></trkpt><trkpt lat="45.985610" lon="12.183682"><ele>667.388</ele><time>2025-08-04T10:08:12.038Z</time></trkpt><trkpt lat="45.985397" lon="12.183864"><ele>663.211</ele><time>2025-08-04T10:08:19.038Z</time></trkpt><trkpt lat="45.985237" lon="12.184107"><ele>660.786</ele><time>2025-08-04T10:08:23.038Z</time></trkpt><trkpt lat="45.985132" lon="12.184349"><ele>658.439</ele><time>2025-08-04T10:08:27.038Z</time></trkpt><trkpt lat="45.985144" lon="12.184494"><ele>658.914</ele><time>2025-08-04T10:08:31.038Z</time></trkpt><trkpt lat="45.985209" lon="12.184662"><ele>660.096</ele><time>2025-08-04T10:08:35.038Z</time></trkpt><trkpt lat="45.985256" lon="12.184777"><ele>660.514</ele><time>2025-08-04T10:08:39.038Z</time></trkpt><trkpt lat="45.985276" lon="12.184930"><ele>659.083</ele><time>2025-08-04T10:08:43.038Z</time></trkpt><trkpt lat="45.985308" lon="12.185143"><ele>656.599</ele><time>2025-08-04T10:08:47.038Z</time></trkpt><trkpt lat="45.985360" lon="12.185316"><ele>655.107</ele><time>2025-08-04T10:08:51.038Z</time></trkpt><trkpt lat="45.985382" lon="12.185471"><ele>652.627</ele><time>2025-08-04T10:08:55.038Z</time></trkpt><trkpt lat="45.985467" lon="12.185634"><ele>651.609</ele><time>2025-08-04T10:08:59.038Z</time></trkpt><trkpt lat="45.985547" lon="12.185837"><ele>648.661</ele><time>2025-08-04T10:09:03.038Z</time></trkpt><trkpt lat="45.985692" lon="12.186100"><ele>645.351</ele><time>2025-08-04T10:09:07.038Z</time></trkpt><trkpt lat="45.985904" lon="12.186340"><ele>645.714</ele><time>2025-08-04T10:09:11.038Z</time></trkpt><trkpt lat="45.986111" lon="12.186660"><ele>642.239</ele><time>2025-08-04T10:09:15.038Z</time></trkpt><trkpt lat="45.986324" lon="12.186863"><ele>640.432</ele><time>2025-08-04T10:09:19.038Z</time></trkpt><trkpt lat="45.986484" lon="12.187003"><ele>638.867</ele><time>2025-08-04T10:09:23.038Z</time></trkpt><trkpt lat="45.986636" lon="12.187138"><ele>636.469</ele><time>2025-08-04T10:09:27.038Z</time></trkpt><trkpt lat="45.986816" lon="12.187251"><ele>635.387</ele><time>2025-08-04T10:09:31.038Z</time></trkpt><trkpt lat="45.986996" lon="12.187343"><ele>634.646</ele><time>2025-08-04T10:09:35.038Z</time></trkpt><trkpt lat="45.987204" lon="12.187398"><ele>634.588</ele><time>2025-08-04T10:09:39.038Z</time></trkpt><trkpt lat="45.987357" lon="12.187508"><ele>630.624</ele><time>2025-08-04T10:09:43.038Z</time></trkpt><trkpt lat="45.987419" lon="12.187615"><ele>625.326</ele><time>2025-08-04T10:09:47.038Z</time></trkpt><trkpt lat="45.987346" lon="12.187713"><ele>621.209</ele><time>2025-08-04T10:09:51.038Z</time></trkpt><trkpt lat="45.987193" lon="12.187856"><ele>616.390</ele><time>2025-08-04T10:09:55.038Z</time></trkpt><trkpt lat="45.987061" lon="12.187896"><ele>614.450</ele><time>2025-08-04T10:09:59.038Z</time></trkpt><trkpt lat="45.986909" lon="12.187976"><ele>610.993</ele><time>2025-08-04T10:10:03.038Z</time></trkpt><trkpt lat="45.986741" lon="12.188084"><ele>605.418</ele><time>2025-08-04T10:10:07.038Z</time></trkpt><trkpt lat="45.986554" lon="12.188166"><ele>600.441</ele><time>2025-08-04T10:10:11.038Z</time></trkpt><trkpt lat="45.986384" lon="12.188271"><ele>594.416</ele><time>2025-08-04T10:10:15.038Z</time></trkpt><trkpt lat="45.986219" lon="12.188384"><ele>586.738</ele><time>2025-08-04T10:10:19.038Z</time></trkpt><trkpt lat="45.986234" lon="12.188457"><ele>584.766</ele><time>2025-08-04T10:10:23.038Z</time></trkpt><trkpt lat="45.986404" lon="12.188467"><ele>587.395</ele><time>2025-08-04T10:10:27.038Z</time></trkpt><trkpt lat="45.986582" lon="12.188529"><ele>586.157</ele><time>2025-08-04T10:10:31.038Z</time></trkpt><trkpt lat="45.986830" lon="12.188647"><ele>581.900</ele><time>2025-08-04T10:10:35.038Z</time></trkpt><trkpt lat="45.987085" lon="12.188704"><ele>577.320</ele><time>2025-08-04T10:10:39.038Z</time></trkpt><trkpt lat="45.987267" lon="12.188709"><ele>574.909</ele><time>2025-08-04T10:10:41Z</time></trkpt><trkpt lat="45.987314" lon="12.188727"><ele>573.917</ele><time>2025-08-04T10:10:44.038Z</time></trkpt><trkpt lat="45.987424" lon="12.188922"><ele>566.327</ele><time>2025-08-04T10:10:48.038Z</time></trkpt><trkpt lat="45.987647" lon="12.189125"><ele>566.980</ele><time>2025-08-04T10:10:52.038Z</time></trkpt><trkpt lat="45.987844" lon="12.189323"><ele>568.755</ele><time>2025-08-04T10:10:56.038Z</time></trkpt><trkpt lat="45.987836" lon="12.189535"><ele>562.128</ele><time>2025-08-04T10:11:00.038Z</time></trkpt><trkpt lat="45.987759" lon="12.189503"><ele>559.843</ele><time>2025-08-04T10:11:04.038Z</time></trkpt><trkpt lat="45.987629" lon="12.189471"><ele>555.975</ele><time>2025-08-04T10:11:08.038Z</time></trkpt><trkpt lat="45.987496" lon="12.189346"><ele>554.483</ele><time>2025-08-04T10:11:12.038Z</time></trkpt><trkpt lat="45.987379" lon="12.189248"><ele>554.162</ele><time>2025-08-04T10:11:16.038Z</time></trkpt><trkpt lat="45.987237" lon="12.189305"><ele>548.481</ele><time>2025-08-04T10:11:20.038Z</time></trkpt><trkpt lat="45.987040" lon="12.189347"><ele>547.561</ele><time>2025-08-04T10:11:24.038Z</time></trkpt><trkpt lat="45.986810" lon="12.189302"><ele>551.417</ele><time>2025-08-04T10:11:28.038Z</time></trkpt><trkpt lat="45.986632" lon="12.189372"><ele>550.009</ele><time>2025-08-04T10:11:32.038Z</time></trkpt><trkpt lat="45.986437" lon="12.189489"><ele>546.290</ele><time>2025-08-04T10:11:36.038Z</time></trkpt><trkpt lat="45.986194" lon="12.189591"><ele>540.380</ele><time>2025-08-04T10:11:40.038Z</time></trkpt><trkpt lat="45.985966" lon="12.189689"><ele>533.543</ele><time>2025-08-04T10:11:44.038Z</time></trkpt><trkpt lat="45.985694" lon="12.189717"><ele>526.648</ele><time>2025-08-04T10:11:48.038Z</time></trkpt><trkpt lat="45.985472" lon="12.189667"><ele>521.751</ele><time>2025-08-04T10:11:52.038Z</time></trkpt><trkpt lat="45.985307" lon="12.189522"><ele>521.166</ele><time>2025-08-04T10:11:56.038Z</time></trkpt><trkpt lat="45.985154" lon="12.189385"><ele>520.268</ele><time>2025-08-04T10:12:00.038Z</time></trkpt><trkpt lat="45.984962" lon="12.189323"><ele>515.436</ele><time>2025-08-04T10:12:04.038Z</time></trkpt><trkpt lat="45.984787" lon="12.189206"><ele>513.135</ele><time>2025-08-04T10:12:08.038Z</time></trkpt><trkpt lat="45.984570" lon="12.189046"><ele>509.678</ele><time>2025-08-04T10:12:12.038Z</time></trkpt><trkpt lat="45.984370" lon="12.188924"><ele>505.433</ele><time>2025-08-04T10:12:16.038Z</time></trkpt><trkpt lat="45.984172" lon="12.188746"><ele>502.326</ele><time>2025-08-04T10:12:20.038Z</time></trkpt><trkpt lat="45.983894" lon="12.188704"><ele>497.809</ele><time>2025-08-04T10:12:24.038Z</time></trkpt><trkpt lat="45.983852" lon="12.188806"><ele>495.519</ele><time>2025-08-04T10:12:28.038Z</time></trkpt><trkpt lat="45.983967" lon="12.188841"><ele>496.989</ele><time>2025-08-04T10:12:32.038Z</time></trkpt><trkpt lat="45.984090" lon="12.188948"><ele>496.832</ele><time>2025-08-04T10:12:36.038Z</time></trkpt><trkpt lat="45.984210" lon="12.189188"><ele>494.557</ele><time>2025-08-04T10:12:40.038Z</time></trkpt><trkpt lat="45.984383" lon="12.189410"><ele>492.610</ele><time>2025-08-04T10:12:44.038Z</time></trkpt><trkpt lat="45.984513" lon="12.189558"><ele>490.595</ele><time>2025-08-04T10:12:48.038Z</time></trkpt><trkpt lat="45.984663" lon="12.189730"><ele>487.187</ele><time>2025-08-04T10:12:52.038Z</time></trkpt><trkpt lat="45.984845" lon="12.189948"><ele>482.865</ele><time>2025-08-04T10:12:56.038Z</time></trkpt><trkpt lat="45.984985" lon="12.190191"><ele>477.494</ele><time>2025-08-04T10:13:00.038Z</time></trkpt><trkpt lat="45.985120" lon="12.190393"><ele>476.634</ele><time>2025-08-04T10:13:04.038Z</time></trkpt><trkpt lat="45.985228" lon="12.190653"><ele>472.555</ele><time>2025-08-04T10:13:08.038Z</time></trkpt><trkpt lat="45.985381" lon="12.190840"><ele>470.710</ele><time>2025-08-04T10:13:12.038Z</time></trkpt><trkpt lat="45.985441" lon="12.190975"><ele>467.109</ele><time>2025-08-04T10:13:16.038Z</time></trkpt><trkpt lat="45.985311" lon="12.190982"><ele>463.185</ele><time>2025-08-04T10:13:20.038Z</time></trkpt><trkpt lat="45.985171" lon="12.190955"><ele>458.385</ele><time>2025-08-04T10:13:24.038Z</time></trkpt><trkpt lat="45.985098" lon="12.190842"><ele>458.758</ele><time>2025-08-04T10:13:26Z</time></trkpt><trkpt lat="45.985050" lon="12.190789"><ele>458.193</ele><time>2025-08-04T10:13:30.038Z</time></trkpt><trkpt lat="45.984873" lon="12.190754"><ele>451.426</ele><time>2025-08-04T10:13:34.038Z</time></trkpt><trkpt lat="45.984715" lon="12.190699"><ele>446.281</ele><time>2025-08-04T10:13:38.038Z</time></trkpt><trkpt lat="45.984522" lon="12.190669"><ele>441.463</ele><time>2025-08-04T10:13:42.038Z</time></trkpt><trkpt lat="45.984345" lon="12.190644"><ele>438.621</ele><time>2025-08-04T10:13:46.038Z</time></trkpt><trkpt lat="45.984192" lon="12.190549"><ele>439.510</ele><time>2025-08-04T10:13:50.038Z</time></trkpt><trkpt lat="45.984040" lon="12.190489"><ele>440.677</ele><time>2025-08-04T10:13:54.038Z</time></trkpt><trkpt lat="45.983858" lon="12.190459"><ele>440.561</ele><time>2025-08-04T10:13:58.038Z</time></trkpt><trkpt lat="45.983695" lon="12.190464"><ele>438.827</ele><time>2025-08-04T10:14:02.038Z</time></trkpt><trkpt lat="45.983578" lon="12.190461"><ele>437.409</ele><time>2025-08-04T10:14:06.038Z</time></trkpt><trkpt lat="45.983456" lon="12.190479"><ele>434.159</ele><time>2025-08-04T10:14:27.038Z</time></trkpt><trkpt lat="45.983489" lon="12.190531"><ele>432.569</ele><time>2025-08-04T10:14:45.038Z</time></trkpt><trkpt lat="45.983539" lon="12.190584"><ele>431.122</ele><time>2025-08-04T10:14:49.038Z</time></trkpt><trkpt lat="45.983582" lon="12.190707"><ele>426.367</ele><time>2025-08-04T10:14:53.038Z</time></trkpt><trkpt lat="45.983622" lon="12.190800"><ele>422.870</ele><time>2025-08-04T10:14:57.038Z</time></trkpt><trkpt lat="45.983717" lon="12.190917"><ele>419.375</ele><time>2025-08-04T10:15:03.038Z</time></trkpt><trkpt lat="45.983804" lon="12.190992"><ele>418.097</ele><time>2025-08-04T10:15:07.038Z</time></trkpt><trkpt lat="45.983899" lon="12.191069"><ele>417.175</ele><time>2025-08-04T10:15:11.038Z</time></trkpt><trkpt lat="45.984011" lon="12.191202"><ele>414.344</ele><time>2025-08-04T10:15:15.038Z</time></trkpt><trkpt lat="45.984154" lon="12.191334"><ele>413.566</ele><time>2025-08-04T10:15:19.038Z</time></trkpt><trkpt lat="45.984244" lon="12.191512"><ele>409.929</ele><time>2025-08-04T10:15:23.038Z</time></trkpt><trkpt lat="45.984324" lon="12.191702"><ele>405.821</ele><time>2025-08-04T10:15:39.039Z</time></trkpt><trkpt lat="45.984372" lon="12.191767"><ele>405.109</ele><time>2025-08-04T10:15:43.039Z</time></trkpt><trkpt lat="45.984419" lon="12.191934"><ele>400.358</ele><time>2025-08-04T10:15:47.039Z</time></trkpt><trkpt lat="45.984499" lon="12.192062"><ele>398.678</ele><time>2025-08-04T10:15:51.039Z</time></trkpt><trkpt lat="45.984599" lon="12.192149"><ele>399.461</ele><time>2025-08-04T10:15:55.039Z</time></trkpt><trkpt lat="45.984726" lon="12.192237"><ele>401.766</ele><time>2025-08-04T10:15:59.039Z</time></trkpt><trkpt lat="45.984828" lon="12.192304"><ele>404.129</ele><time>2025-08-04T10:16:03.039Z</time></trkpt><trkpt lat="45.984895" lon="12.192389"><ele>404.814</ele><time>2025-08-04T10:16:07.039Z</time></trkpt><trkpt lat="45.984918" lon="12.192516"><ele>402.326</ele><time>2025-08-04T10:16:14.039Z</time></trkpt><trkpt lat="45.984915" lon="12.192678"><ele>396.894</ele><time>2025-08-04T10:16:18.039Z</time></trkpt><trkpt lat="45.984953" lon="12.192818"><ele>394.333</ele><time>2025-08-04T10:16:22.039Z</time></trkpt><trkpt lat="45.985000" lon="12.192960"><ele>392.863</ele><time>2025-08-04T10:16:24Z</time></trkpt><trkpt lat="45.985037" lon="12.193028"><ele>392.644</ele><time>2025-08-04T10:16:28.039Z</time></trkpt><trkpt lat="45.985165" lon="12.193271"><ele>390.618</ele><time>2025-08-04T10:16:50.039Z</time></trkpt><trkpt lat="45.985242" lon="12.193364"><ele>390.809</ele><time>2025-08-04T10:17:15.039Z</time></trkpt><trkpt lat="45.985332" lon="12.193409"><ele>392.638</ele><time>2025-08-04T10:17:27.039Z</time></trkpt><trkpt lat="45.985415" lon="12.193456"><ele>393.878</ele><time>2025-08-04T10:17:49.039Z</time></trkpt><trkpt lat="45.985360" lon="12.193523"><ele>390.791</ele><time>2025-08-04T10:18:36.039Z</time></trkpt><trkpt lat="45.985275" lon="12.193580"><ele>386.726</ele><time>2025-08-04T10:18:52.039Z</time></trkpt><trkpt lat="45.985227" lon="12.193610"><ele>384.099</ele><time>2025-08-04T10:18:56.039Z</time></trkpt><trkpt lat="45.985144" lon="12.193647"><ele>379.964</ele><time>2025-08-04T10:19:00.039Z</time></trkpt><trkpt lat="45.985069" lon="12.193642"><ele>377.066</ele><time>2025-08-04T10:19:04.039Z</time></trkpt><trkpt lat="45.985006" lon="12.193600"><ele>375.544</ele><time>2025-08-04T10:19:08.039Z</time></trkpt><trkpt lat="45.984951" lon="12.193538"><ele>374.283</ele><time>2025-08-04T10:19:12.039Z</time></trkpt><trkpt lat="45.984879" lon="12.193468"><ele>372.166</ele><time>2025-08-04T10:19:16.039Z</time></trkpt><trkpt lat="45.984842" lon="12.193383"><ele>372.229</ele><time>2025-08-04T10:19:20.039Z</time></trkpt><trkpt lat="45.984800" lon="12.193265"><ele>373.021</ele><time>2025-08-04T10:19:24.039Z</time></trkpt><trkpt lat="45.984738" lon="12.193163"><ele>372.209</ele><time>2025-08-04T10:19:28.039Z</time></trkpt><trkpt lat="45.984618" lon="12.193126"><ele>366.148</ele><time>2025-08-04T10:19:41.039Z</time></trkpt><trkpt lat="45.984568" lon="12.193073"><ele>364.678</ele><time>2025-08-04T10:19:51.039Z</time></trkpt><trkpt lat="45.984508" lon="12.193141"><ele>359.341</ele><time>2025-08-04T10:19:57.039Z</time></trkpt><trkpt lat="45.984473" lon="12.193233"><ele>354.666</ele><time>2025-08-04T10:20:01.039Z</time></trkpt><trkpt lat="45.984481" lon="12.193410"><ele>350.159</ele><time>2025-08-04T10:20:05.039Z</time></trkpt><trkpt lat="45.984579" lon="12.193650"><ele>349.754</ele><time>2025-08-04T10:20:09.039Z</time></trkpt><trkpt lat="45.984649" lon="12.193780"><ele>351.026</ele><time>2025-08-04T10:20:13.039Z</time></trkpt><trkpt lat="45.984614" lon="12.193842"><ele>347.264</ele><time>2025-08-04T10:20:29.039Z</time></trkpt><trkpt lat="45.984556" lon="12.193804"><ele>344.493</ele><time>2025-08-04T10:20:33.039Z</time></trkpt><trkpt lat="45.984493" lon="12.193709"><ele>342.774</ele><time>2025-08-04T10:20:45.039Z</time></trkpt><trkpt lat="45.984401" lon="12.193619"><ele>339.156</ele><time>2025-08-04T10:20:49.039Z</time></trkpt><trkpt lat="45.984328" lon="12.193521"><ele>337.521</ele><time>2025-08-04T10:20:53.039Z</time></trkpt><trkpt lat="45.984228" lon="12.193431"><ele>333.909</ele><time>2025-08-04T10:20:57.039Z</time></trkpt><trkpt lat="45.984120" lon="12.193364"><ele>329.969</ele><time>2025-08-04T10:21:01.039Z</time></trkpt><trkpt lat="45.984008" lon="12.193251"><ele>327.919</ele><time>2025-08-04T10:21:05.039Z</time></trkpt><trkpt lat="45.983941" lon="12.193151"><ele>327.362</ele><time>2025-08-04T10:21:09.039Z</time></trkpt><trkpt lat="45.983876" lon="12.193194"><ele>323.017</ele><time>2025-08-04T10:21:13.039Z</time></trkpt><trkpt lat="45.983886" lon="12.193259"><ele>321.810</ele><time>2025-08-04T10:21:17.039Z</time></trkpt><trkpt lat="45.983903" lon="12.193321"><ele>321.085</ele><time>2025-08-04T10:21:22.039Z</time></trkpt><trkpt lat="45.983916" lon="12.193399"><ele>319.477</ele><time>2025-08-04T10:21:26.039Z</time></trkpt><trkpt lat="45.983971" lon="12.193542"><ele>317.845</ele><time>2025-08-04T10:21:30.039Z</time></trkpt><trkpt lat="45.983978" lon="12.193640"><ele>315.434</ele><time>2025-08-04T10:21:38.039Z</time></trkpt><trkpt lat="45.983938" lon="12.193565"><ele>315.668</ele><time>2025-08-04T10:21:42.039Z</time></trkpt><trkpt lat="45.983871" lon="12.193420"><ele>316.942</ele><time>2025-08-04T10:21:46.039Z</time></trkpt><trkpt lat="45.983743" lon="12.193273"><ele>315.626</ele><time>2025-08-04T10:21:50.039Z</time></trkpt><trkpt lat="45.983596" lon="12.193215"><ele>311.109</ele><time>2025-08-04T10:21:54.039Z</time></trkpt><trkpt lat="45.983486" lon="12.193202"><ele>308.228</ele><time>2025-08-04T10:21:58.039Z</time></trkpt><trkpt lat="45.983309" lon="12.193119"><ele>305.268</ele><time>2025-08-04T10:22:02.039Z</time></trkpt><trkpt lat="45.983149" lon="12.193087"><ele>302.941</ele><time>2025-08-04T10:22:06.039Z</time></trkpt><trkpt lat="45.982976" lon="12.193035"><ele>300.866</ele><time>2025-08-04T10:22:10.039Z</time></trkpt><trkpt lat="45.982783" lon="12.192993"><ele>297.869</ele><time>2025-08-04T10:22:14.039Z</time></trkpt><trkpt lat="45.982611" lon="12.193013"><ele>293.234</ele><time>2025-08-04T10:22:18.039Z</time></trkpt><trkpt lat="45.982391" lon="12.193010"><ele>289.386</ele><time>2025-08-04T10:22:22.039Z</time></trkpt><trkpt lat="45.982209" lon="12.192965"><ele>288.554</ele><time>2025-08-04T10:22:26.039Z</time></trkpt><trkpt lat="45.982004" lon="12.192937"><ele>287.513</ele><time>2025-08-04T10:22:30.039Z</time></trkpt><trkpt lat="45.981717" lon="12.192942"><ele>285.525</ele><time>2025-08-04T10:22:34.039Z</time></trkpt><trkpt lat="45.981540" lon="12.192984"><ele>284.326</ele><time>2025-08-04T10:22:38.039Z</time></trkpt><trkpt lat="45.981452" lon="12.193126"><ele>279.808</ele><time>2025-08-04T10:22:42.039Z</time></trkpt><trkpt lat="45.981559" lon="12.193258"><ele>276.309</ele><time>2025-08-04T10:22:46.039Z</time></trkpt><trkpt lat="45.981659" lon="12.193318"><ele>275.334</ele><time>2025-08-04T10:22:50.039Z</time></trkpt><trkpt lat="45.981617" lon="12.193365"><ele>274.234</ele><time>2025-08-04T10:22:55.039Z</time></trkpt><trkpt lat="45.981525" lon="12.193425"><ele>272.597</ele><time>2025-08-04T10:22:59.039Z</time></trkpt><trkpt lat="45.981395" lon="12.193583"><ele>268.662</ele><time>2025-08-04T10:23:03.039Z</time></trkpt><trkpt lat="45.981227" lon="12.193733"><ele>263.465</ele><time>2025-08-04T10:23:07.039Z</time></trkpt><trkpt lat="45.980990" lon="12.193845"><ele>259.460</ele><time>2025-08-04T10:23:11.039Z</time></trkpt><trkpt lat="45.980748" lon="12.193955"><ele>255.852</ele><time>2025-08-04T10:23:15.039Z</time></trkpt><trkpt lat="45.980493" lon="12.193990"><ele>253.370</ele><time>2025-08-04T10:23:19.040Z</time></trkpt><trkpt lat="45.980301" lon="12.193928"><ele>251.679</ele><time>2025-08-04T10:23:23.040Z</time></trkpt><trkpt lat="45.980159" lon="12.193896"><ele>248.972</ele><time>2025-08-04T10:23:27.040Z</time></trkpt><trkpt lat="45.980149" lon="12.194013"><ele>246.513</ele><time>2025-08-04T10:24:10.040Z</time></trkpt><trkpt lat="45.980181" lon="12.194120"><ele>245.414</ele><time>2025-08-04T10:24:12Z</time></trkpt><trkpt lat="45.980218" lon="12.194162"><ele>245.609</ele><time>2025-08-04T10:24:16.040Z</time></trkpt><trkpt lat="45.980285" lon="12.194247"><ele>245.469</ele><time>2025-08-04T10:24:20.040Z</time></trkpt><trkpt lat="45.980370" lon="12.194317"><ele>245.469</ele><time>2025-08-04T10:24:24.040Z</time></trkpt><trkpt lat="45.980455" lon="12.194415"><ele>245.382</ele><time>2025-08-04T10:24:28.040Z</time></trkpt><trkpt lat="45.980547" lon="12.194470"><ele>246.297</ele><time>2025-08-04T10:24:32.040Z</time></trkpt><trkpt lat="45.980640" lon="12.194507"><ele>246.790</ele><time>2025-08-04T10:24:36.040Z</time></trkpt><trkpt lat="45.980742" lon="12.194599"><ele>246.255</ele><time>2025-08-04T10:24:40.040Z</time></trkpt><trkpt lat="45.980885" lon="12.194669"><ele>246.897</ele><time>2025-08-04T10:24:44.040Z</time></trkpt><trkpt lat="45.980988" lon="12.194727"><ele>247.195</ele><time>2025-08-04T10:24:48.040Z</time></trkpt><trkpt lat="45.981083" lon="12.194777"><ele>247.294</ele><time>2025-08-04T10:24:52.040Z</time></trkpt><trkpt lat="45.981241" lon="12.194825"><ele>248.018</ele><time>2025-08-04T10:24:56.040Z</time></trkpt><trkpt lat="45.981368" lon="12.194877"><ele>248.498</ele><time>2025-08-04T10:24:58Z</time></trkpt><trkpt lat="45.981420" lon="12.194894"><ele>248.717</ele><time>2025-08-04T10:25:02.040Z</time></trkpt><trkpt lat="45.981505" lon="12.194929"><ele>249.109</ele><time>2025-08-04T10:25:06.040Z</time></trkpt><trkpt lat="45.981605" lon="12.194982"><ele>249.533</ele><time>2025-08-04T10:25:10.040Z</time></trkpt><trkpt lat="45.981673" lon="12.195029"><ele>249.653</ele><time>2025-08-04T10:25:14.040Z</time></trkpt><trkpt lat="45.981760" lon="12.195097"><ele>250.766</ele><time>2025-08-04T10:25:18.040Z</time></trkpt><trkpt lat="45.981843" lon="12.195190"><ele>251.421</ele><time>2025-08-04T10:25:22.040Z</time></trkpt><trkpt lat="45.981943" lon="12.195283"><ele>252.994</ele><time>2025-08-04T10:25:26.040Z</time></trkpt><trkpt lat="45.982056" lon="12.195355"><ele>253.729</ele><time>2025-08-04T10:25:30.040Z</time></trkpt><trkpt lat="45.982171" lon="12.195407"><ele>255.251</ele><time>2025-08-04T10:25:34.040Z</time></trkpt><trkpt lat="45.982261" lon="12.195424"><ele>255.919</ele><time>2025-08-04T10:25:38.040Z</time></trkpt><trkpt lat="45.982368" lon="12.195422"><ele>255.728</ele><time>2025-08-04T10:25:42.040Z</time></trkpt><trkpt lat="45.982440" lon="12.195490"><ele>254.959</ele><time>2025-08-04T10:25:46.040Z</time></trkpt><trkpt lat="45.982453" lon="12.195602"><ele>253.503</ele><time>2025-08-04T10:25:50.040Z</time></trkpt><trkpt lat="45.982561" lon="12.195765"><ele>251.823</ele><time>2025-08-04T10:25:54.040Z</time></trkpt><trkpt lat="45.982683" lon="12.195875"><ele>252.009</ele><time>2025-08-04T10:25:58.040Z</time></trkpt><trkpt lat="45.982785" lon="12.195963"><ele>251.827</ele><time>2025-08-04T10:26:02.040Z</time></trkpt><trkpt lat="45.982885" lon="12.196056"><ele>251.527</ele><time>2025-08-04T10:26:06.040Z</time></trkpt><trkpt lat="45.983018" lon="12.196131"><ele>252.010</ele><time>2025-08-04T10:26:10.040Z</time></trkpt><trkpt lat="45.983165" lon="12.196179"><ele>252.485</ele><time>2025-08-04T10:26:14.040Z</time></trkpt><trkpt lat="45.983293" lon="12.196196"><ele>253.178</ele><time>2025-08-04T10:26:18.040Z</time></trkpt><trkpt lat="45.983386" lon="12.196228"><ele>253.343</ele><time>2025-08-04T10:26:22.040Z</time></trkpt><trkpt lat="45.983444" lon="12.196230"><ele>253.745</ele><time>2025-08-04T10:26:26.040Z</time></trkpt><trkpt lat="45.983564" lon="12.196318"><ele>252.943</ele><time>2025-08-04T10:26:48.040Z</time></trkpt><trkpt lat="45.983652" lon="12.196370"><ele>253.122</ele><time>2025-08-04T10:26:52.040Z</time></trkpt><trkpt lat="45.983744" lon="12.196365"><ele>254.959</ele><time>2025-08-04T10:27:02.040Z</time></trkpt><trkpt lat="45.983796" lon="12.196342"><ele>256.303</ele><time>2025-08-04T10:27:06.040Z</time></trkpt><trkpt lat="45.983864" lon="12.196499"><ele>254.623</ele><time>2025-08-04T10:27:16Z</time></trkpt><trkpt lat="45.983897" lon="12.196596"><ele>253.409</ele><time>2025-08-04T10:27:26.040Z</time></trkpt><trkpt lat="45.983920" lon="12.196689"><ele>252.797</ele><time>2025-08-04T10:28:02.040Z</time></trkpt><trkpt lat="45.983897" lon="12.196806"><ele>253.717</ele><time>2025-08-04T10:28:17.040Z</time></trkpt><trkpt lat="45.983955" lon="12.196874"><ele>255.710</ele><time>2025-08-04T10:28:21.040Z</time></trkpt><trkpt lat="45.983998" lon="12.196924"><ele>257.475</ele><time>2025-08-04T10:28:29.040Z</time></trkpt><trkpt lat="45.984055" lon="12.197037"><ele>259.268</ele><time>2025-08-04T10:28:33.040Z</time></trkpt><trkpt lat="45.984022" lon="12.197244"><ele>258.363</ele><time>2025-08-04T10:28:51.040Z</time></trkpt><trkpt lat="45.984014" lon="12.197376"><ele>257.785</ele><time>2025-08-04T10:28:59.040Z</time></trkpt><trkpt lat="45.983997" lon="12.197444"><ele>257.143</ele><time>2025-08-04T10:29:03.040Z</time></trkpt><trkpt lat="45.983972" lon="12.197532"><ele>256.772</ele><time>2025-08-04T10:29:12.040Z</time></trkpt><trkpt lat="45.983914" lon="12.197622"><ele>256.655</ele><time>2025-08-04T10:29:16.040Z</time></trkpt><trkpt lat="45.983829" lon="12.197742"><ele>256.607</ele><time>2025-08-04T10:29:20.040Z</time></trkpt><trkpt lat="45.983771" lon="12.197865"><ele>256.117</ele><time>2025-08-04T10:29:24.040Z</time></trkpt><trkpt lat="45.983738" lon="12.198048"><ele>255.709</ele><time>2025-08-04T10:29:28.040Z</time></trkpt><trkpt lat="45.983668" lon="12.198155"><ele>254.627</ele><time>2025-08-04T10:29:32.040Z</time></trkpt><trkpt lat="45.983695" lon="12.198325"><ele>255.837</ele><time>2025-08-04T10:29:36.040Z</time></trkpt><trkpt lat="45.983710" lon="12.198463"><ele>256.150</ele><time>2025-08-04T10:29:40.040Z</time></trkpt><trkpt lat="45.983750" lon="12.198598"><ele>257.015</ele><time>2025-08-04T10:29:44.040Z</time></trkpt><trkpt lat="45.983745" lon="12.198761"><ele>256.138</ele><time>2025-08-04T10:29:48.040Z</time></trkpt><trkpt lat="45.983758" lon="12.198999"><ele>255.123</ele><time>2025-08-04T10:29:52.040Z</time></trkpt><trkpt lat="45.983768" lon="12.199277"><ele>254.155</ele><time>2025-08-04T10:29:56.040Z</time></trkpt><trkpt lat="45.983805" lon="12.199549"><ele>254.273</ele><time>2025-08-04T10:30:00.040Z</time></trkpt><trkpt lat="45.983818" lon="12.199786"><ele>254.082</ele><time>2025-08-04T10:30:04.040Z</time></trkpt><trkpt lat="45.983818" lon="12.200038"><ele>254.282</ele><time>2025-08-04T10:30:08.040Z</time></trkpt><trkpt lat="45.983825" lon="12.200303"><ele>254.443</ele><time>2025-08-04T10:30:12.040Z</time></trkpt><trkpt lat="45.983837" lon="12.200550"><ele>254.917</ele><time>2025-08-04T10:30:16.040Z</time></trkpt><trkpt lat="45.983860" lon="12.200785"><ele>255.409</ele><time>2025-08-04T10:30:20.040Z</time></trkpt><trkpt lat="45.983913" lon="12.201022"><ele>255.740</ele><time>2025-08-04T10:30:24.040Z</time></trkpt><trkpt lat="45.983963" lon="12.201299"><ele>256.280</ele><time>2025-08-04T10:30:28.040Z</time></trkpt><trkpt lat="45.983970" lon="12.201581"><ele>257.693</ele><time>2025-08-04T10:30:32.040Z</time></trkpt><trkpt lat="45.983965" lon="12.201811"><ele>258.238</ele><time>2025-08-04T10:30:36.040Z</time></trkpt><trkpt lat="45.984000" lon="12.202014"><ele>259.261</ele><time>2025-08-04T10:30:40.040Z</time></trkpt><trkpt lat="45.984050" lon="12.202239"><ele>260.466</ele><time>2025-08-04T10:30:44.040Z</time></trkpt><trkpt lat="45.984078" lon="12.202427"><ele>261.238</ele><time>2025-08-04T10:30:46Z</time></trkpt><trkpt lat="45.984088" lon="12.202495"><ele>261.656</ele><time>2025-08-04T10:30:50.040Z</time></trkpt><trkpt lat="45.984120" lon="12.202663"><ele>261.765</ele><time>2025-08-04T10:30:54.040Z</time></trkpt><trkpt lat="45.984180" lon="12.202800"><ele>262.142</ele><time>2025-08-04T10:30:58.040Z</time></trkpt><trkpt lat="45.984282" lon="12.202952"><ele>262.922</ele><time>2025-08-04T10:31:02.040Z</time></trkpt><trkpt lat="45.984344" lon="12.203109"><ele>263.414</ele><time>2025-08-04T10:31:06.040Z</time></trkpt><trkpt lat="45.984399" lon="12.203271"><ele>263.609</ele><time>2025-08-04T10:31:10.040Z</time></trkpt><trkpt lat="45.984427" lon="12.203494"><ele>261.516</ele><time>2025-08-04T10:31:14.040Z</time></trkpt><trkpt lat="45.984525" lon="12.203817"><ele>260.236</ele><time>2025-08-04T10:31:18.041Z</time></trkpt><trkpt lat="45.984652" lon="12.204217"><ele>259.339</ele><time>2025-08-04T10:31:22.041Z</time></trkpt><trkpt lat="45.984689" lon="12.204605"><ele>258.214</ele><time>2025-08-04T10:31:26.041Z</time></trkpt><trkpt lat="45.984609" lon="12.204952"><ele>255.267</ele><time>2025-08-04T10:31:30.041Z</time></trkpt><trkpt lat="45.984514" lon="12.205340"><ele>252.332</ele><time>2025-08-04T10:31:34.041Z</time></trkpt><trkpt lat="45.984516" lon="12.205838"><ele>249.584</ele><time>2025-08-04T10:31:38.041Z</time></trkpt><trkpt lat="45.984531" lon="12.206315"><ele>246.582</ele><time>2025-08-04T10:31:42.041Z</time></trkpt><trkpt lat="45.984531" lon="12.206967"><ele>242.291</ele><time>2025-08-04T10:31:47.041Z</time></trkpt><trkpt lat="45.984424" lon="12.207610"><ele>239.995</ele><time>2025-08-04T10:31:52.041Z</time></trkpt><trkpt lat="45.984326" lon="12.207970"><ele>240.749</ele><time>2025-08-04T10:31:56.041Z</time></trkpt><trkpt lat="45.984134" lon="12.208183"><ele>240.223</ele><time>2025-08-04T10:32:00.041Z</time></trkpt><trkpt lat="45.983869" lon="12.208408"><ele>237.909</ele><time>2025-08-04T10:32:04.041Z</time></trkpt><trkpt lat="45.983594" lon="12.208626"><ele>235.961</ele><time>2025-08-04T10:32:08.041Z</time></trkpt><trkpt lat="45.983404" lon="12.208808"><ele>235.311</ele><time>2025-08-04T10:32:12.041Z</time></trkpt><trkpt lat="45.983306" lon="12.208896"><ele>234.724</ele><time>2025-08-04T10:32:16.041Z</time></trkpt><trkpt lat="45.983293" lon="12.208959"><ele>234.169</ele><time>2025-08-04T10:32:20.041Z</time></trkpt><trkpt lat="45.983288" lon="12.208862"><ele>234.582</ele><time>2025-08-04T10:32:24.041Z</time></trkpt><trkpt lat="45.983298" lon="12.208690"><ele>234.757</ele><time>2025-08-04T10:32:28.041Z</time></trkpt><trkpt lat="45.983330" lon="12.208545"><ele>234.799</ele><time>2025-08-04T10:32:32.041Z</time></trkpt></trkseg></trk></gpx>